2016-01-04,"'chipotle', 'downgraded', 'perform'"
2016-01-04,"'wendy', 'hatch', 'cage', 'free', 'egg', 'plan', 'following', 'fast', 'food'"
2016-01-04,"'chipotle', 'mexican', 'grill', 'risk', 'reward', 'appears', 'unfavorable'"
2016-01-04,"'morning', 'mover', 'downgrade', 'downgrade', 'around', 'market'"
2016-01-04,"'chipotle', 'could', 'post', 'negative', 'comp'"
2016-01-05,"'fast', 'food', 'may', 'making'"
2016-01-05,"'chipotle', 'mexican', 'grill', 'coli', 'history', 'side'"
2016-01-05,"'chipotle', 'stock', 'lead', 'decline', 'first', 'trading', 'day'"
2016-01-05,"'chipotle', 'initiated', 'underweight', 'stephen', 'price', 'target'"
2016-01-05,"'chipotle', 'initiated', 'underweight'"
2016-01-05,"'get', 'wish', 'list', 'stock', 'ready', 'bull'"
2016-01-06,"'chipotle', 'mexican', 'grill', 'worse', 'feared'"
2016-01-06,"'chipotle', 'issue', 'profit', 'warning', 'reveals'"
2016-01-06,"'chipotle', 'share', 'hit', 'lowest', 'point', 'since', 'oct', 'early'"
2016-01-06,"'chipotle', 'share', 'sink', 'slash', 'guidance', 'discloses', 'grand', 'jury', 'subpoena', 'tied', 'ca', 'norovirus'"
2016-01-06,"'chipotle', 'share', 'premarket'"
2016-01-06,"'chipotle', 'buy', 'back', 'mln'"
2016-01-06,"'chipotle', 'say', 'subpoena', 'related', 'restaurant', 'novovirus'"
2016-01-06,"'chipotle', 'say', 'fully', 'cooperate'"
2016-01-06,"'chipotle', 'say', 'received', 'federal', 'grand', 'jury', 'subpoena', 'u', 'district', 'court'"
2016-01-06,"'chipotle', 'see', 'eps', 'factset', 'consensus'"
2016-01-06,"'chipotle', 'see', 'store', 'sale'"
2016-01-06,"'chipotle', 'see', 'non', 'recurring', 'expense', 'mln', 'mln'"
2016-01-06,"'chipotle', 'say', 'expense', 'include', 'cost', 'relating', 'food', 'borne', 'illness'"
2016-01-06,"'chipotle', 'see', 'store', 'sale'"
2016-01-06,"'chipotle', 'see', 'non', 'recurring', 'expense', 'mln', 'mln'"
2016-01-07,"'large', 'cap', 'stock', 'already', 'least'"
2016-01-07,"'market', 'bear', 'roar', 'trillion', 'get', 'wiped'"
2016-01-09,"'fried', 'chipotle'"
2016-01-13,"'consumer', 'discretionary', 'stock', 'worst', 'one', 'day', 'loss', 'since', 'aug'"
2016-01-13,"'chipotle', 'mexican', 'grill', 'must'"
2016-01-13,"'safe', 'eat', 'chipotle', 'burrito', 'buy'"
2016-01-14,"'chipotle', 'share', 'thursday'"
2016-01-14,"'chipotle', 'share', 'thursday'"
2016-01-15,"'put', 'pepper', 'chipotle'"
2016-01-15,"'chipotle', 'close', 'every', 'store', 'hour', 'feb'"
2016-01-15,"'chipotle', 'surprise', 'gainer', 'friday', 'sea'"
2016-01-16,"'bullish', 'pick', 'disappointed', 'bearish', 'pick'"
2016-01-21,"'fidelity', 'stockpicker', 'danoff', 'stuck', 'chipotle', 'berkshire', 'hathaway'"
2016-01-21,"'soon', 'buy', 'chipotle'"
2016-01-23,"'chipotle', 'share', 'still'"
2016-01-25,"'mcdonald', 'day', 'breakfast', 'eating', 'rival'"
2016-01-25,"'goldman', 'stock', 'buy', 'fear'"
2016-01-31,"'alphabet', 'exxon', 'result', 'mark', 'midpoint', 'ugly', 'earnings'"
2016-02-01,"'stock', 'erase', 'loss', 'lower', 'fed', 'rate', 'hike'"
2016-02-01,"'cdc', 'say', 'coli', 'outbreak', 'chipotle'"
2016-02-01,"'chipotle', 'mexican', 'grill', 'cautious', 'outlook', 'even', 'cdc', 'signal', 'clear', 'maxim'"
2016-02-01,"'share', 'chipotle', 'jump', 'lead', 'declares', 'end', 'coli'"
2016-02-01,"'morning', 'mover', 'chipotle', 'jump', 'coli', 'end', 'joy', 'global', 'gain'"
2016-02-01,"'chipotle', 'coli', 'outbreak', 'could', 'declared', 'soon', 'monday'"
2016-02-02,"'chipotle', 'mexican', 'grill', 'tumble', 'earnings', 'beat', 'investigation'"
2016-02-02,"'chipotle', 'post', 'first', 'ever', 'sale'"
2016-02-02,"'dow', 'log', 'nearly', 'point', 'loss', 'oil', 'sink'"
2016-02-02,"'chipotle', 'share', 'drop', 'earnings', 'dented', 'coli'"
2016-02-02,"'chipotle', 'plan', 'open', 'new', 'restaurant'"
2016-02-02,"'chipotle', 'plan', 'open', 'new', 'restaurant'"
2016-02-02,"'chipotle', 'mexican', 'grill', 'revenue', 'mln', 'v'"
2016-02-02,"'chipotle', 'mexican', 'grill', 'earnings', 'share', 'v'"
2016-02-03,"'bipolar', 'dow', 'industrials', 'end', 'sharply', 'higher', 'reversing', 'early'"
2016-02-03,"'chipotle', 'mexican', 'grill', 'time', 'buy'"
2016-02-03,"'chipotle', 'upgraded', 'outperform', 'well', 'fargo', 'high', 'recovery'"
2016-02-03,"'chipotle', 'upgraded', 'bank', 'america', 'based', 'survey'"
2016-02-03,"'chipotle', 'mexican', 'grill', 'stock', 'price', 'target', 'cut', 'credit'"
2016-02-03,"'chipotle', 'stock', 'price', 'target', 'cut'"
2016-02-03,"'chipotle', 'upgraded', 'outperform', 'market', 'perform', 'well'"
2016-02-03,"'chipotle', 'upgraded', 'neutral', 'underperform', 'bank'"
2016-02-03,"'chipotle', 'share', 'premarket'"
2016-02-03,"'four', 'scenario', 'going', 'goose', 'vix'"
2016-02-03,"'stock', 'riskier', 'due', 'le', 'discretionary'"
2016-02-04,"'chipotle', 'recover', 'challenging', 'quarter', 'history', 'analyst'"
2016-02-04,"'buffalo', 'wild', 'wing', 'see', 'chipotle'"
2016-02-05,"'apple', 'could', 'offer', 'investor', 'shelter', 'recessionary'"
2016-02-08,"'chipotle', 'worker', 'today'"
2016-02-08,"'get', 'free', 'chipotle'"
2016-02-08,"'chipotle', 'farm', 'fork', 'approach', 'look', 'like', 'post', 'food', 'safety'"
2016-02-09,"'bet', 'investment', 'recession', 'third'"
2016-02-11,"'burger', 'king', 'sell', 'hot', 'dog', 'starting', 'feb'"
2016-02-12,"'dividend', 'stock', 'wall', 'street', 'love'"
2016-02-13,"'likely', 'get', 'disease', 'zika'"
2016-02-16,"'risky', 'oil', 'investment', 'super', 'popular'"
2016-02-18,"'bernie', 'sander', 'backer', 'like', 'chipotle', 'donald', 'trump', 'fan', 'take', 'shine'"
2016-02-19,"'chipotle', 'initiated', 'nomura', 'neutral', 'uncertain', 'sale'"
2016-02-19,"'chipotle', 'initiated', 'nomura', 'neutral', 'rating', 'price'"
2016-02-23,"'chipotle', 'fall', 'deutsche', 'bank', 'say', 'time'"
2016-02-23,"'chipotle', 'downgraded', 'deutsche', 'bank', 'questionable', 'recovery'"
2016-02-23,"'chipotle', 'stock', 'premarket'"
2016-02-23,"'chipotle', 'downgraded', 'sell', 'hold', 'deutsche'"
2016-02-24,"'chipotle', 'loss', 'whole', 'food', 'gain'"
2016-03-07,"'chipotle', 'mexican', 'grill', 'risk', 'near', 'term', 'disappointment', 'bullish', 'long', 'term'"
2016-03-07,"'chipotle', 'stock', 'price', 'target', 'raised', 'credit'"
2016-03-08,"'shake', 'shack', 'falling', 'knife', 'tasty', 'bargain'"
2016-03-09,"'dow', 'reclaims', 'level', 'stock', 'log', 'gain', 'bull', 'market'"
2016-03-09,"'chipotle', 'share', 'fall', 'worker', 'boston', 'restaurant', 'fall', 'ill'"
2016-03-09,"'star', 'money', 'manager', 'jeff', 'gundlach', 'say', 'stock', 'market', 'rebound'"
2016-03-09,"'morning', 'mover', 'valeant', 'climb', 'board', 'addition', 'chipotle', 'mexican', 'grill'"
2016-03-09,"'chipotle', 'shuts', 'boston', 'restaurant', 'worker', 'fall', 'ill'"
2016-03-09,"'socially', 'responsible', 'investing', 'make', 'financial', 'sense'"
2016-03-10,"'morning', 'mover', 'dollar', 'general', 'gain', 'earnings', 'ford', 'gain', 'european'"
2016-03-12,'charting'
2016-03-14,"'dow', 'industrials', 'close'"
2016-03-14,"'avoid', 'trap', 'chomped', 'crash', 'coming'"
2016-03-14,"'chipotle', 'boss', 'see', 'pay', 'linked', 'share', 'price'"
2016-03-15,"'chipotle', 'forecast', 'first', 'quarterly', 'loss'"
2016-03-15,"'chipotle', 'share', 'drop', 'store', 'sale', 'decline', 'weak'"
2016-03-15,"'chipotle', 'tumble', 'ginormous', 'first', 'quarter'"
2016-03-15,"'chipotle', 'tap', 'ksu', 'professor', 'food', 'safety'"
2016-03-15,"'chipotle', 'share'"
2016-03-15,"'chipotle', 'expects', 'loss', 'per', 'share', 'single', 'digit'"
2016-03-16,"'chipotle', 'mexican', 'grill', 'impressive', 'improvement', 'worse', 'expected'"
2016-03-16,"'apple', 'share', 'look', 'ready', 'run', 'say', 'chart'"
2016-03-16,"'share', 'chipotle', 'sink', 'early', 'trade', 'forecast', 'first', 'quarterly', 'loss'"
2016-03-16,"'morning', 'mover', 'peabody', 'energy', 'plunge', 'missed', 'debt', 'payment', 'gap'"
2016-03-16,"'chipotle', 'stock', 'price', 'target', 'raised', 'suntrust', 'robinson'"
2016-03-17,"'chipotle', 'care', 'deadly', 'burger'"
2016-03-17,"'chipotle', 'stock', 'drop', 'analyst'"
2016-03-17,"'chipotle', 'downgraded', 'underperform', 'hold'"
2016-03-17,"'chipotle', 'stock', 'price', 'target', 'cut'"
2016-03-17,"'chipotle', 'mexican', 'grill', 'could', 'take'"
2016-03-17,"'morning', 'mover', 'caterpillar', 'drop', 'warning', 'fedex'"
2016-03-17,"'chipotle', 'mexican', 'stock', 'seen', 'sliding'"
2016-03-18,"'starbucks', 'expensive', 'buy', 'rating'"
2016-03-18,"'chipotle', 'giving', 'away', 'million', 'free', 'burrito', 'lure', 'back', 'wary'"
2016-03-18,"'fickle', 'millennials', 'blamed', 'chipotle', 'downward'"
2016-03-18,"'company', 'get', 'bang', 'buck'"
2016-03-19,"'stock', 'rebound', 'continue'"
2016-03-19,"'stock', 'rebound', 'continue'"
2016-03-19,'barron'
2016-03-22,"'play', 'game', 'get', 'free', 'guacamole', 'chip'"
2016-03-23,"'case', 'buying', 'chipotle', 'guac', 'stock'"
2016-03-23,"'reward', 'getting', 'checked', 'firm', 'give', 'free', 'chipotle'"
2016-03-23,"'chipotle', 'crumbling', 'trust', 'point', 'falling'"
2016-03-29,"'stock', 'close', 'high', 'yellen', 'strike', 'cautious'"
2016-03-29,"'chipotle', 'mexican', 'grill', 'selloff', 'reason'"
2016-03-29,"'chipotle', 'stock', 'facing', 'long', 'road', 'recovery', 'coli'"
2016-03-29,"'morning', 'mover', 'chipotle', 'drop', 'downgrade', 'conn', 'fall'"
2016-03-29,"'chipotle', 'stock', 'drop', 'wedbush', 'analyst', 'turn'"
2016-03-29,"'chipotle', 'stock', 'fall', 'premarket', 'analyst'"
2016-03-29,"'chipotle', 'stock', 'price', 'target', 'cut', 'wedbush'"
2016-03-29,"'chipotle', 'downgraded', 'underperform', 'neutral', 'wedbush'"
2016-03-30,"'chipotle', 'developing', 'burger'"
2016-03-30,"'trademark', 'filing', 'hint', 'chipotle', 'might', 'getting'"
2016-04-01,"'chipotle', 'foray', 'frozen', 'margarita', 'draft', 'beer', 'could', 'step', 'forward', 'analyst'"
2016-04-01,"'chipotle', 'moving', 'better', 'burger'"
2016-04-14,"'perfect', 'apology', 'scientist', 'cracked'"
2016-04-14,"'chipotle', 'mexican', 'grill', 'three', 'year', 'earnings', 'growth'"
2016-04-14,"'chipotle', 'illness', 'outbreak', 'cost', 'three', 'year', 'earnings'"
2016-04-14,"'morning', 'mover', 'bank', 'america', 'drop', 'earnings', 'delta'"
2016-04-14,"'chipotle', 'upgraded', 'overweight', 'neutral'"
2016-04-14,"'chipotle', 'stock', 'price', 'target', 'raised'"
2016-04-14,"'chipotle', 'stock', 'surge', 'premarket', 'analyst'"
2016-04-15,"'chipotle', 'five', 'challenge', 'food'"
2016-04-17,"'mcdonald', 'ditched', 'wrap'"
2016-04-21,"'yum', 'brand', 'earnings', 'get', 'china', 'chicken'"
2016-04-23,"'chipotle', 'counter', 'frightful'"
2016-04-23,"'apple', 'exxon', 'expected', 'drag', 'earnings', 'peak'"
2016-04-23,"'betting', 'chipotle'"
2016-04-23,"'year', 'boomerang', 'kid', 'set'"
2016-04-25,"'overextended', 'corporate', 'board', 'member', 'costing', 'investor', 'money'"
2016-04-26,"'chipotle', 'mexican', 'grill', 'post', 'first', 'quarterly'"
2016-04-26,"'chipotle', 'first', 'quarter', 'sale', 'miss', 'estimate', 'store', 'sale'"
2016-04-26,"'chipotle', 'restaurant', 'sale', 'factset', 'consensus'"
2016-04-26,"'chipotle', 'expects', 'open', 'new', 'restaurant'"
2016-04-26,"'chipotle', 'share', 'hour'"
2016-04-26,"'chipotle', 'factset', 'revenue', 'consensus'"
2016-04-26,"'chipotle', 'restaurant', 'sale'"
2016-04-26,"'chipotle', 'loss', 'per', 'share', 'cent', 'v', 'eps'"
2016-04-26,"'chipotle', 'factset', 'consensus', 'loss'"
2016-04-26,"'chipotle', 'revenue', 'mln'"
2016-04-26,"'free', 'food', 'give', 'chipotle', 'boost', 'needed'"
2016-04-26,"'expect', 'panera', 'bread'"
2016-04-26,"'ditching', 'stock', 'may', 'could', 'cost', 'plenty', 'come'"
2016-04-26,"'earnings', 'deluge', 'threatens', 'overwhelm'"
2016-04-26,"'chipotle', 'cooked', 'fee'"
2016-04-27,"'dow', 'end', 'slightly', 'higher', 'fed', 'leaf', 'rate'"
2016-04-27,"'dow', 'log', 'third', 'highest', 'closing'"
2016-04-27,"'chipotle', 'hit', 'fundamental', 'bottom', 'rocky'"
2016-04-27,"'chipotle', 'stock', 'price', 'target', 'cut', 'bofa', 'merrill'"
2016-04-27,"'chipotle', 'slip', 'mixed', 'earnings', 'analyst', 'split', 'stock'"
2016-04-27,"'stock', 'point', 'lower', 'open', 'apple'"
2016-04-27,"'fed', 'calling', 'helicopter', 'money', 'say', 'gundlach', 'buy', 'bond'"
2016-04-27,"'chipotle', 'stock', 'price', 'target', 'cut', 'rbc'"
2016-04-27,"'profit', 'chipotle', 'continues', 'get'"
2016-04-30,"'everything', 'need', 'know'"
2016-05-02,"'gender', 'diversity', 'pay', 'investor', 'company', 'study'"
2016-05-03,"'potbelly', 'profit', 'double', 'sale'"
2016-05-07,"'new', 'etf', 'demonstrates', 'wall', 'street', 'unbridled', 'hunger', 'millennial'"
2016-05-11,"'chipotle', 'board', 'remains', 'intact', 'election'"
2016-05-11,"'happens', 'could', 'fantastic', 'summer'"
2016-05-13,"'clucking', 'good', 'quarter', 'chick', 'shack', 'sandwich', 'boost', 'shake', 'shack', 'sale', 'share'"
2016-05-13,"'starbucks', 'chipotle', 'face', 'wage'"
2016-05-18,"'domino', 'pizza', 'stock', 'may', 'poised'"
2016-05-19,"'breathe', 'sigh', 'relief', 'actual', 'scientist', 'say', 'gmos', 'safe'"
2016-05-21,"'stock', 'market', 'make', 'new', 'high'"
2016-06-08,"'chipotle', 'mexican', 'grill', 'get', 'used'"
2016-06-09,"'chipotle', 'stock', 'could', 'roll'"
2016-06-10,"'chipotle', 'top', 'list', 'fast', 'casual', 'mexican', 'restaurant'"
2016-06-13,"'chipotle', 'going'"
2016-06-13,"'restaurant', 'investor', 'look', 'roic', 'well'"
2016-06-13,"'chipotle', 'stock', 'target', 'cut', 'deutsche'"
2016-06-16,'stock'
2016-06-16,"'chipotle', 'started', 'buy', 'stock', 'price', 'target', 'buckingham'"
2016-06-18,"'profit', 'chipotle', 'share', 'get'"
2016-06-20,"'chipotle', 'sued', 'shareholder', 'claiming', 'insider', 'trading', 'corrupt', 'stock', 'incentive', 'plan'"
2016-06-21,"'chipotle', 'mexican', 'grill', 'making', 'impossible'"
2016-06-21,"'retail', 'sale', 'jump', 'sector', 'winner'"
2016-06-22,"'chipotle', 'mexican', 'grill', 'yes', 'bullish', 'crazy'"
2016-06-22,"'nomura', 'prefers', 'yum', 'mcdonald'"
2016-06-23,"'mcdonald', 'displaced', 'wendy', 'burger', 'sector', 'leader'"
2016-06-27,"'chipotle', 'still', 'sell', 'new', 'burrito', 'giveaway'"
2016-06-27,"'chipotle', 'launch', 'summertime', 'loyalty', 'program', 'july'"
2016-06-28,"'really', 'get', 'high', 'price', 'humanely', 'raised'"
2016-06-28,"'really', 'get', 'high', 'price', 'humanely', 'raised'"
2016-06-28,"'chipotle', 'free', 'burrito', 'program', 'generous', 'fault'"
2016-06-28,"'revive', 'sale'"
2016-06-29,"'chipotle', 'adding', 'chorizo', 'select'"
2016-07-01,"'get', 'ton', 'free', 'chipotle'"
2016-07-01,"'dow', 'shake', 'brexit', 'log', 'best', 'week'"
2016-07-01,"'chipotle', 'executive', 'indicted', 'new', 'york', 'cocaine'"
2016-07-01,"'chipotle', 'stock', 'slip', 'marketing', 'exec', 'indicted', 'thursday', 'involvement', 'drug'"
2016-07-01,"'brexit', 'like', 'brexwhat', 'stock', 'declared', 'independence'"
2016-07-07,"'chipotle', 'bad', 'press', 'difficult', 'offset', 'free'"
2016-07-07,"'chipotle', 'bet', 'video', 'going', 'viral', 'solution', 'well', 'going'"
2016-07-11,"'chipotle', 'mexican', 'grill'"
2016-07-12,"'large', 'valeant', 'stakeholder', 'dump'"
2016-07-15,"'chipotle', 'recover', 'could', 'year', 'say', 'morgan'"
2016-07-15,"'company', 'easily', 'afford', 'give', 'pay'"
2016-07-15,"'chipotle', 'coli', 'recovery', 'could', 'take'"
2016-07-15,"'chipotle', 'mexican', 'grill', 'downgraded', 'equal', 'weight', 'overweight', 'stock', 'target'"
2016-07-16,"'amazon', 'back', 'school'"
2016-07-19,"'chipotle', 'mexican', 'grill', 'first', 'customer', 'worry'"
2016-07-19,"'share', 'chipotle', 'gain', 'early', 'trade', 'lead'"
2016-07-19,"'morning', 'mover', 'johnson', 'johnson', 'jump', 'earnings', 'philip', 'morris'"
2016-07-21,"'dow', 'end', 'string', 'record', 'finish', 'energy', 'stock', 'intel'"
2016-07-21,"'chipotle', 'slip', 'rev', 'eps', 'miss', 'comp', 'fall'"
2016-07-21,"'chipotle', 'profit', 'plunge', 'sale'"
2016-07-21,"'chipotle', 'share', 'hour'"
2016-07-21,"'chipotle', 'share', 'rise', 'late', 'trading', 'despite', 'earnings'"
2016-07-21,"'chipotle', 'share', 'hour'"
2016-07-21,"'chipotle', 'store', 'sale', 'decreased'"
2016-07-21,"'chipotle', 'revenue', 'v', 'last', 'year', 'factset', 'consensus'"
2016-07-21,"'chipotle', 'eps', 'cent', 'v', 'factset', 'consensus'"
2016-07-21,"'chipotle', 'eps', 'cent', 'v', 'last'"
2016-07-21,"'expect', 'chipotle'"
2016-07-22,"'stock', 'close', 'higher', 'fourth', 'week', 'gain', 'telecom'"
2016-07-22,"'chipotle', 'mexican', 'grill', 'worth', 'wait'"
2016-07-22,"'chipotle', 'stock', 'price', 'target', 'cut', 'bofa', 'merrill'"
2016-07-22,"'market', 'top', 'even'"
2016-07-26,"'yes', 'chipotle', 'mexican', 'grill', 'could', 'lose', 'half'"
2016-07-26,"'noodle', 'co', 'losing', 'confidence'"
2016-07-26,"'chipotle', 'stock', 'drop', 'premarket', 'analyst'"
2016-07-26,"'chipotle', 'downgraded', 'sell', 'hold', 'stifel'"
2016-07-27,"'recession', 'coming', 'could', 'worst', 'ever', 'restaurant'"
2016-07-29,"'chipotle', 'ill', 'timed', 'burger'"
2016-08-02,"'stock', 'watch', 'evening', 'roundup', 'pfizer', 'pain', 'gold', 'miner', 'love', 'biogen', 'takeover'"
2016-08-02,"'chipotle', 'mexican', 'grill', 'two', 'irrational'"
2016-08-04,"'jack', 'box', 'wood'"
2016-08-08,"'chipotle', 'enhances', 'education', 'program', 'new'"
2016-08-09,"'chipotle', 'latest', 'problem', 'involves', 'firing', 'pregnant'"
2016-08-11,"'wendy', 'put', 'blame', 'sale', 'slowdown', 'presidential'"
2016-08-17,"'flap', 'buffalo', 'wild', 'wing', 'hedge', 'fund', 'want', 'big'"
2016-08-30,"'chipotle', 'offer', 'free', 'kid', 'meal', 'sunday'"
2016-09-06,"'bill', 'ackman', 'pershing', 'square', 'take', 'big', 'stake'"
2016-09-06,"'chipotle', 'rally', 'news', 'pershing', 'square'"
2016-09-06,"'pershing', 'square', 'belief', 'chipotle'"
2016-09-06,"'pershing', 'square', 'discloses', 'stake'"
2016-09-06,'stock'
2016-09-07,"'dow', 'fall', 'nasdaq', 'post', 'record', 'close', 'fed', 'report', 'apple'"
2016-09-07,"'chipotle', 'mexican', 'grill', 'typical', 'activist'"
2016-09-07,"'chipotle', 'jump', 'bill', 'ackman', 'buy'"
2016-09-07,"'chipotle', 'ackman', 'buying'"
2016-09-07,"'chipotle', 'share', 'advance', 'early', 'trade', 'bill', 'ackman', 'take'"
2016-09-07,"'fund', 'roundup', 'mansueto', 'step'"
2016-09-07,"'chipotle', 'share', 'premarket'"
2016-09-07,"'morning', 'mover', 'apache', 'soar', 'oil', 'discovery', 'sprout', 'farmer', 'market'"
2016-09-07,"'iphone', 'buzz', 'getting', 'apple'"
2016-09-07,"'bill', 'ackman', 'recipe', 'chipotle'"
2016-09-07,"'ackman', 'chipotle', 'buy', 'bowl'"
2016-09-08,"'alphabet', 'drone', 'deliver', 'chipotle', 'burrito', 'college'"
2016-09-08,"'piggyback', 'bill', 'ackman', 'chipotle'"
2016-09-10,"'millennials', 'know'"
2016-09-10,"'pershing', 'square', 'activates', 'chipotle', 'brand'"
2016-09-10,"'chipotle', 'worth'"
2016-09-10,'shrinking'
2016-09-13,"'chipotle', 'solve', 'problem'"
2016-09-13,"'chipotle', 'stock', 'price', 'target', 'raised'"
2016-09-13,"'billionaire', 'activist'"
2016-09-14,"'chipotle', 'seek', 'hire', 'second', 'national', 'career', 'day', 'sept'"
2016-09-14,"'chipotle', 'hire', 'second', 'national', 'career', 'day', 'sept'"
2016-09-15,"'chipotle', 'mexican', 'grill', 'look', 'risk', 'reward'"
2016-09-22,"'chipotle', 'mexican', 'grill', 'sick', 'bed'"
2016-09-24,'let'
2016-09-29,"'chipotle', 'new', 'ad', 'campaign', 'highlight', 'sourcing', 'quality'"
2016-10-04,"'dining', 'restaurant', 'stock', 'leaf', 'bad'"
2016-10-04,"'darden', 'edge', 'higher', 'olive', 'garden', 'push', 'fiscal'"
2016-10-08,"'top', 'sustainable', 'mutual'"
2016-10-11,"'google', 'drone', 'brought', 'student', 'chipotle', 'burrito', 'four', 'mile', 'bus'"
2016-10-13,"'chipotle', 'share', 'thursday'"
2016-10-13,"'chipotle', 'price', 'target', 'lowered', 'suntrust', 'robinson'"
2016-10-17,"'chipotle', 'mexican', 'grill', 'yes', 'sale', 'still'"
2016-10-17,"'chipotle', 'stock', 'drop', 'analyst', 'downbeat'"
2016-10-17,"'chipotle', 'stock', 'price', 'target', 'cut'"
2016-10-17,"'next', 'index', 'millennial'"
2016-10-18,"'exclusive', 'head', 'google', 'drone', 'initiative', 'leaving'"
2016-10-18,"'chipotle', 'struggle', 'consumer', 'move'"
2016-10-18,"'chipotle', 'mexican', 'grill', 'going'"
2016-10-18,"'chipotle', 'downgraded', 'underperform', 'market', 'perform', 'raymond'"
2016-10-18,"'chipotle', 'stock', 'price', 'target', 'cut', 'rbc'"
2016-10-19,"'chipotle', 'mexican', 'grill', 'patience', 'wearing'"
2016-10-19,"'chipotle', 'may', 'worst', 'restaurant'"
2016-10-20,"'chipotle', 'mexican', 'grill', 'know', 'hope'"
2016-10-22,"'beautiful', 'art'"
2016-10-22,"'next', 'barron'"
2016-10-24,"'chipotle', 'mexican', 'grill', 'wait', 'better', 'entry', 'point'"
2016-10-25,"'chipotle', 'still', 'recovered'"
2016-10-25,"'chipotle', 'give', 'optimist', 'outlook', 'profit'"
2016-10-25,"'chipotle', 'seek', 'alternative', 'shophouse'"
2016-10-25,"'chipotle', 'pursue', 'strategic', 'alternative', 'shophouse', 'brand'"
2016-10-25,"'chipotle', 'share', 'fall', 'earnings'"
2016-10-25,"'chipotle', 'see', 'store', 'sale', 'high', 'single'"
2016-10-25,"'chipotle', 'see', 'eps'"
2016-10-25,"'chipotle', 'share', 'hour'"
2016-10-25,"'chipotle', 'board', 'approves', 'additional', 'share', 'buyback'"
2016-10-25,"'chipotle', 'see', 'store', 'sale', 'decline', 'low', 'single'"
2016-10-25,"'chipotle', 'factset', 'restaurant', 'sale', 'consensus'"
2016-10-25,"'chipotle', 'restaurant', 'sale'"
2016-10-25,"'chipotle', 'revenue', 'bln'"
2016-10-25,"'chipotle', 'factset', 'eps', 'consensus', 'revenue'"
2016-10-25,"'chipotle', 'eps', 'cent', 'v', 'last'"
2016-10-25,"'chipotle', 'third', 'quarter', 'earnings'"
2016-10-25,"'long', 'term', 'gold', 'bull', 'want', 'see', 'happen', 'buy'"
2016-10-26,"'stock', 'market', 'slide', 'apple', 'sink', 'dow', 'buck'"
2016-10-26,"'chipotle', 'price', 'target', 'lowered'"
2016-10-26,"'chipotle', 'latest', 'number'"
2016-10-26,"'chipotle', 'mexican', 'grill', 'recipe', 'success'"
2016-10-26,"'chipotle', 'price', 'target', 'lowered'"
2016-10-26,"'key', 'nasdaq', 'gauge', 'topping', 'apple'"
2016-10-26,"'chipotle', 'price', 'target', 'lowered', 'credit'"
2016-10-26,"'chipotle', 'share', 'nearly', 'wednesday'"
2016-10-26,"'chipotle', 'downgraded', 'neutral', 'outperform', 'credit'"
2016-10-26,"'chipotle', 'price', 'target', 'lowered', 'maxim'"
2016-10-26,"'chipotle', 'share', 'wednesday'"
2016-10-26,"'morning', 'mover', 'biogen', 'boeing', 'coca', 'cola', 'gain', 'earnings', 'general', 'motor'"
2016-10-26,"'chipotle', 'stock', 'price', 'target', 'cut', 'suntrust'"
2016-10-26,"'chipotle', 'stock', 'slump', 'premarket', 'result', 'late'"
2016-10-27,"'chipotle', 'roll', 'next', 'round', 'recovery', 'effort', 'analyst'"
2016-10-28,"'ackman', 'stake', 'chipotle', 'deterred', 'short'"
2016-10-28,"'market', 'barometer', 'say', 'trump', 'still', 'chance', 'white'"
2016-11-02,"'moody', 'lower', 'outlook', 'restaurant'"
2016-11-03,"'stock', 'clinton'"
2016-11-05,"'millennial', 'firm', 'favor', 'clinton', 'trump'"
2016-11-05,"'stock', 'slide', 'tight', 'election', 'dead'"
2016-11-05,"'mead', 'johnson'"
2016-11-07,"'morning', 'mover', 'biogen', 'jump', 'upgrade', 'blue', 'nile', 'soar', 'bain'"
2016-11-07,"'next', 'hot', 'trend'"
2016-11-07,"'next', 'hot', 'trend'"
2016-11-08,"'restaurant', 'recession'"
2016-11-11,"'shake', 'shack', 'lesson'"
2016-11-11,"'fund', 'roundup', 'buffett', 'bullish', 'stock', 'loeb', 'buy', 'big', 'apple', 'stake', 'trumping'"
2016-11-12,"'panera', 'whole', 'food', 'yes', 'chipotle', 'kroger'"
2016-11-14,"'chipotle', 'could', 'ailing', 'share', 'fall', 'another'"
2016-11-17,"'chipotle', 'downgraded', 'sell', 'neutral'"
2016-11-17,"'chipotle', 'tumble'"
2016-11-17,"'morning', 'mover', 'wal', 'mart', 'slump', 'sale', 'miss', 'chipotle'"
2016-11-18,"'mcdonald', 'take', 'fast', 'casual', 'tech', 'upgrade', 'table'"
2016-11-18,"'bill', 'ackman', 'save', 'chipotle'"
2016-11-18,"'ackman', 'chipotle', 'let', 'make', 'deal'"
2016-11-18,"'chipotle', 'bill', 'ackman', 'near', 'settlement'"
2016-11-21,"'story', 'second', 'chipotle'"
2016-11-30,"'chipotle', 'mexican', 'grill', 'cheaper', 'avocado', 'great'"
2016-12-02,"'buzz', 'chipotle', 'become', 'surprisingly'"
2016-12-06,"'chipotle', 'seem', 'clean'"
2016-12-06,"'biggest', 'loser', 'chipotle', 'tumble'"
2016-12-06,"'chipotle', 'mexican', 'grill', 'get', 'past', 'chapter'"
2016-12-06,"'chipotle', 'stock', 'tumble', 'pace', 'decliners', 'report', 'downbeat', 'sale'"
2016-12-06,"'morning', 'mover', 'delta', 'air', 'line', 'climb', 'chipotle'"
2016-12-06,"'chipotle', 'share', 'nearly', 'tuesday', 'premarket'"
2016-12-07,"'chipotle', 'price', 'target', 'cut'"
2016-12-07,"'story', 'second', 'samsung'"
2016-12-07,"'analyst', 'slice', 'chipotle', 'price', 'target', 'following', 'co', 'ceo'"
2016-12-07,"'chipotle', 'stock', 'price', 'target', 'cut'"
2016-12-08,"'breakfast', 'could', 'big', 'driver', 'shake'"
2016-12-08,"'chipotle', 'nervous', 'guidance', 'analyst', 'disappointed', 'hear'"
2016-12-09,"'chipotle', 'mexican', 'grill', 'coming', 'drive', 'near'"
2016-12-09,"'time', 'chipotle', 'test', 'drive', 'thru', 'window'"
2016-12-10,'charting'
2016-12-12,"'viacom', 'drag', 'barron', 'next'"
2016-12-12,"'change', 'top', 'give', 'chipotle'"
2016-12-12,"'chipotle', 'share', 'rise', 'founder', 'steve', 'ell', 'take', 'sole'"
2016-12-12,"'chipotle', 'mexican', 'grill', 'ch', 'ch', 'ch'"
2016-12-12,"'chipotle', 'founder', 'steve', 'ell', 'named', 'sole', 'ceo', 'co', 'ceo', 'step'"
2016-12-12,"'chipotle', 'stock', 'surge', 'premarket', 'steve', 'ell', 'named', 'sole', 'ceo'"
2016-12-12,"'chipotle', 'ceo', 'ell', 'pursue', 'employee', 'incentive', 'closely', 'tied', 'customer'"
2016-12-12,"'chipotle', 'co', 'ceo', 'monty', 'moran', 'step'"
2016-12-12,"'chipotle', 'ceo', 'steve', 'ell', 'remain', 'chairman'"
2016-12-12,"'chipotle', 'founder', 'steve', 'ell', 'named', 'sole'"
2016-12-13,"'chipotle', 'mexican', 'grill', 'net', 'neutral'"
2016-12-14,"'chipotle', 'work'"
2016-12-14,"'chipotle', 'show', 'two', 'head', 'always', 'better'"
2016-12-16,"'chipotle', 'shakeup', 'could', 'jumpstart'"
2016-12-16,"'chipotle', 'settle', 'activist', 'ackman', 'name', 'new'"
2016-12-16,"'chipotle', 'mexican', 'grill', 'board'"
2016-12-16,"'chipotle', 'share', 'rise', 'company', 'shake', 'board', 'ackman'"
2016-12-16,"'chipotle', 'name', 'four', 'new', 'board'"
2016-12-16,"'chipotle', 'share', 'friday', 'premarket'"
2016-12-16,"'company', 'would', 'save', 'billion', 'trump', 'pass', 'tax'"
2016-12-19,"'story', 'second', 'chipotle'"
2016-12-19,"'chipotle', 'mexican', 'grill', 'leg', 'stand'"
2016-12-20,"'analyst', 'named', 'top', 'restaurant', 'stock', 'chipotle', 'one'"
2016-12-22,"'reason', 'starbucks', 'panera', 'mcdonald', 'trump', 'era'"
2016-12-24,"'private', 'equity', 'investor', 'venbio', 'like'"
2016-12-30,"'could', 'year', 'remember'"
2016-12-30,"'shake', 'shack', 'hoping', 'turn', 'table'"
2016-12-30,"'twitter', 'account', 'investor', 'need', 'follow'"
2017-01-05,"'chipotle', 'upgraded', 'neutral', 'v', 'outperform'"
2017-01-05,"'deteriorating', 'fundamental', 'fuel', 'flap', 'buffalo', 'wild', 'wing'"
2017-01-05,"'chipotle', 'mexican', 'grill', 'longer', 'sell'"
2017-01-09,"'tax', 'reform', 'proposal', 'could', 'cut', 'retail', 'earnings', 'pas'"
2017-01-10,"'chipotle', 'stock', 'surge', 'premarket', 'sale'"
2017-01-10,"'chipotle', 'mexican', 'estimate', 'pct', 'drop', 'th', 'qtr', 'comparable'"
2017-01-10,"'chipotle', 'expects', 'eps', 'cent', 'cent', 'v', 'last', 'year', 'factset', 'consensus'"
2017-01-10,"'chipotle', 'expects', 'store', 'sale', 'decline', 'factset', 'consensus'"
2017-01-10,"'brief', 'chipotle', 'mexican', 'grill', 'inc', 'see', 'comparable', 'restaurant', 'sale', 'decrease'"
2017-01-10,"'chipotle', 'expects', 'sale', 'last', 'year', 'factset', 'consensus'"
2017-01-10,"'update', 'chipotle', 'restaurant', 'sale', 'jump', 'december', 'stock'"
2017-01-10,"'morning', 'mover', 'valeant', 'soar', 'asset', 'sale', 'chipotle'"
2017-01-10,"'chipotle', 'mexican', 'grill', 'bad', 'news', 'good'"
2017-01-10,"'stay', 'skeptical', 'chipotle'"
2017-01-10,"'chipotle', 'restaurant', 'sale', 'jump', 'december', 'stock'"
2017-01-10,"'chipotle', 'share', 'rise', 'fourth', 'quarter', 'store', 'sale', 'new', 'share', 'buyback'"
2017-01-11,"'chipotle', 'early', 'optimism'"
2017-01-11,"'chipotle', 'get', 'tough', 'new', 'critic'"
2017-01-13,"'investment', 'checklist', 'donald', 'trump'"
2017-01-13,"'chipotle', 'corner'"
2017-01-17,"'trump', 'question', 'thing', 'know', 'earnings'"
2017-01-17,"'chipotle', 'downgraded', 'neutral', 'overweight'"
2017-01-17,"'chipotle', 'stock', 'drop', 'premarket', 'analyst'"
2017-01-17,"'morning', 'mover', 'tiffany', 'tumble', 'sale', 'chipotle'"
2017-01-17,"'chipotle', 'mexican', 'grill', 'take', 'time', 'cut'"
2017-01-17,"'chipotle', 'face', 'tough', 'road', 'ahead', 'stock', 'downgraded', 'neutral'"
2017-01-19,"'brief', 'chipotle', 'name', 'new', 'agency', 'partner', 'advertising', 'medium'"
2017-01-20,"'bull', 'trend', 'absorbs', 'slight', 'downturn', 'dow', 'rise', 'one', 'month'"
2017-01-24,"'stock', 'buy', 'list', 'donald', 'trump', 'take'"
2017-01-24,"'chipotle', 'launch', 'online', 'avocado', 'game', 'cado', 'crusher'"
2017-01-26,"'chipotle', 'could', 'log', 'double', 'digit', 'store', 'sale'"
2017-01-27,"'chipotle', 'mexican', 'grill', 'worry', 'happy'"
2017-01-28,"'outlook', 'age', 'trump', 'top', 'focus', 'earnings'"
2017-01-30,"'chipotle', 'mexican', 'grill', 'catch'"
2017-01-31,"'chipotle', 'trump'"
2017-01-31,"'chipotle', 'mexican', 'grill', 'digital', 'make', 'difference'"
2017-01-31,"'trump', 'could', 'send', 'chipotle', 'roll'"
2017-02-01,"'chipotle', 'mexican', 'grill', 'bad', 'sell', 'side', 'math', 'help', 'bull'"
2017-02-01,"'good', 'bad', 'ugly', 'buffalo', 'wild', 'wing', 'panera', 'chipotle', 'get', 'ready'"
2017-02-02,"'chipotle', 'mexican', 'grill', 'eps', 'v', 'street', 'view'"
2017-02-02,"'chipotle', 'still', 'burrito', 'short'"
2017-02-02,"'chipotle', 'mexican', 'grill', 'revenue', 'bln', 'v', 'mln', 'year'"
2017-02-02,"'brief', 'chipotle', 'mexican', 'grill', 'earnings', 'per', 'share'"
2017-02-02,"'chipotle', 'share', 'slip', 'earnings', 'miss', 'street'"
2017-02-02,"'chipotle', 'continues', 'rocky', 'path', 'earnings'"
2017-02-02,"'dan', 'loeb', 'playbook', 'investment', 'home', 'run', 'trump'"
2017-02-02,"'chipotle', 'mexican', 'grill', 'eps', 'v', 'year'"
2017-02-02,"'burrito', 'chain', 'chipotle', 'sale', 'rise', 'first', 'time', 'five'"
2017-02-02,"'chipotle', 'earnings', 'digital', 'ordering', 'could', 'next', 'step', 'company'"
2017-02-02,"'update', 'burrito', 'chain', 'chipotle', 'sale', 'rise', 'first', 'time'"
2017-02-02,"'burrito', 'chain', 'chipotle', 'profit', 'fall'"
2017-02-03,"'stock', 'holding', 'trump', 'turbulence'"
2017-02-03,"'dow', 'reclaims', 'close', 'nasdaq', 'notch'"
2017-02-03,"'analyst', 'love', 'chipotle', 'earnings', 'falling'"
2017-02-03,"'barron', 'buzz', 'chipotle', 'fixed'"
2017-02-03,"'chipotle', 'stock', 'price', 'target', 'cut'"
2017-02-03,"'chipotle', 'dunkin', 'brand', 'set', 'eps'"
2017-02-04,"'chipotle', 'barron', 'see', 'trouble'"
2017-02-04,"'chipotle', 'fixed'"
2017-02-06,"'amd', 'share'"
2017-02-06,"'chipotle', 'stock', 'could', 'fall', 'much', 'percent', 'next', 'year', 'barron'"
2017-02-06,"'chipotle', 'stock', 'slump', 'premarket', 'downbeat', 'report', 'barron'"
2017-02-07,"'brief', 'pershing', 'square', 'capital', 'management', 'say', 'chipotle', 'mexican', 'grill', 'entered', 'registration', 'right', 'agreement', 'company', 'sec'"
2017-02-10,"'stock', 'benefit', 'house', 'tax'"
2017-02-14,"'ackman', 'boosted', 'chipotle', 'holding', 'pared', 'valeant', 'th'"
2017-02-14,"'brief', 'pershing', 'square', 'capital', 'management', 'raise', 'sole', 'share', 'stake'"
2017-02-18,"'trump', 'right', 'make', 'chris', 'christie', 'eat', 'white', 'house'"
2017-02-24,"'multi', 'billion', 'dollar', 'case', 'tesla', 'amazon', 'apple'"
2017-02-27,"'shake', 'shack', 'need', 'flawless', 'execution'"
2017-03-03,"'chipotle', 'mexican', 'grill', 'ohhhhhhhh'"
2017-03-03,"'bill', 'ackman', 'pershing', 'square', 'file', 'prospectus', 'sell', 'chipotle'"
2017-03-03,"'brief', 'chipotle', 'mexican', 'grill', 'file', 'potential', 'offering', 'mln'"
2017-03-04,"'top', 'story', 'week', 'barron'"
2017-03-06,"'morning', 'mover', 'general', 'motor', 'drop', 'valeant', 'gain', 'delta'"
2017-03-06,"'getting', 'away', 'chipotle', 'maybe', 'bill', 'ackman'"
2017-03-06,"'big', 'chipotle', 'investor', 'people'"
2017-03-06,"'sell', 'sell', 'ackman', 'file', 'dump', 'chipotle', 'maybe'"
2017-03-08,"'chipotle', 'lawsuit', 'food', 'safety', 'outbreak'"
2017-03-09,"'chipotle', 'mexican', 'grill', 'really', 'getting', 'better'"
2017-03-10,"'chipotle', 'burrito', 'please'"
2017-03-10,"'chipotle', 'refocuses', 'chop'"
2017-03-10,"'chipotle', 'ending', 'asian'"
2017-03-13,"'shake', 'shack', 'blizzard', 'hit', 'sale', 'white'"
2017-03-13,"'valeant', 'pharmaceutical', 'bill', 'ackman', 'pershing', 'square', 'officially'"
2017-03-13,"'blizzard', 'shake', 'shack', 'eye'"
2017-03-14,"'valeant', 'pharmaceutical', 'bill', 'ackman', 'thinking'"
2017-03-15,"'chipotle', 'mexican', 'grill', 'yes', 'gundlach', 'still'"
2017-03-17,"'chipotle', 'say', 'one', 'third', 'director', 'run'"
2017-03-17,"'shake', 'shack', 'done', 'yet'"
2017-03-17,"'chipotle', 'say', 'third', 'director', 'seek'"
2017-03-17,"'update', 'chipotle', 'say', 'third', 'director', 'seek'"
2017-03-21,"'hot', 'stock', 'chipotle', 'mexican', 'grill', 'jump'"
2017-03-21,"'stock', 'gaining', 'today'"
2017-03-22,"'chipotle', 'mexican', 'grill', 'two', 'two'"
2017-03-27,"'chipotle', 'might', 'raise'"
2017-03-27,"'chipotle', 'avocado'"
2017-03-28,"'chipotle', 'remove', 'preservative'"
2017-03-28,"'brief', 'chipotle', 'mexican', 'grill', 'say', 'added', 'color', 'preservative', 'used', 'prepare'"
2017-03-30,"'chipotle', 'ceo', 'sound', 'like', 'sore'"
2017-03-30,"'brief', 'chipotle', 'mexican', 'grill', 'ceo', 'steve', 'ell', 'fy', 'total', 'compensation', 'mln', 'sec'"
2017-03-30,"'pershing', 'square', 'bill', 'ackman', 'really', 'really', 'really'"
2017-03-30,"'chipotle', 'shareholder', 'pull', 'vote', 'split', 'ceo', 'chairman'"
2017-03-30,"'brief', 'chipotle', 'mexican', 'grill', 'enter', 'agreement', 'ceo', 'cfo', 'modify', 'term', 'performance', 'share'"
2017-03-30,"'update', 'chipotle', 'shareholder', 'pull', 'vote', 'split', 'ceo', 'chairman'"
2017-03-30,"'chipotle', 'say', 'shareholder', 'drop', 'bid', 'split', 'ceo', 'chairman'"
2017-03-31,"'morning', 'mover', 'alcoa', 'gain', 'upgrade', 'fmc', 'fly', 'dupont', 'asset'"
2017-04-03,"'chipotle', 'online', 'game', 'offer', 'winner', 'free', 'chip'"
2017-04-03,"'behind', 'chipotle', 'sudden', 'hot', 'streak'"
2017-04-04,"'growth', 'stock', 'uncertain'"
2017-04-05,"'exactly', 'much', 'overpaying', 'slice', 'cheese'"
2017-04-05,'panera'
2017-04-05,"'chipotle', 'back', 'game'"
2017-04-07,"'chipotle', 'ceo', 'need', 'stock', 'rise'"
2017-04-12,"'restaurant', 'face', 'tough', 'comparison'"
2017-04-14,"'company', 'watch', 'earnings'"
2017-04-17,"'buy', 'mcdonald', 'reach', 'inflection', 'point', 'say', 'well'"
2017-04-18,"'chipotle', 'mexican', 'grill', 'turning', 'corner'"
2017-04-19,"'one', 'sign', 'chipotle', 'damage', 'control', 'mode'"
2017-04-19,"'ready', 'beer', 'wine', 'pret', 'manger'"
2017-04-19,"'chipotle', 'earnings', 'beat'"
2017-04-19,"'moa', 'chipotle', 'tesla'"
2017-04-24,"'chipotle', 'queasy', 'feeling'"
2017-04-24,"'analyst', 'chipotle', 'stock', 'surge', 'buy'"
2017-04-25,"'chipotle', 'share', 'rally', 'company', 'earnings'"
2017-04-25,"'chipotle', 'restaurant', 'sale', 'soar', 'share'"
2017-04-25,"'evening', 'mover', 'steel', 'crater', 'chipotle', 'rally', 'costco'"
2017-04-25,"'chipotle', 'good', 'bad'"
2017-04-25,"'update', 'chipotle', 'data', 'breach', 'cloud', 'recovery', 'food', 'safety'"
2017-04-25,"'chipotle', 'earnings', 'store', 'sale', 'growth', 'expected', 'double'"
2017-04-25,"'chipotle', 'share', 'company'"
2017-04-25,"'chipotle', 'rev', 'billion', 'v', 'expectation'"
2017-04-25,"'brief', 'chipotle', 'mexican', 'grill', 'report', 'earnings', 'per', 'share'"
2017-04-25,"'chipotle', 'swing', 'profit', 'first', 'quarter', 'eps', 'v'"
2017-04-25,"'chipotle', 'data', 'breach', 'cloud', 'recovery', 'food', 'safety'"
2017-04-25,"'one', 'thing', 'chipotle', 'bull', 'must'"
2017-04-25,"'chipotle', 'mexican', 'grill', 'hill'"
2017-04-26,"'chipotle', 'stock', 'price', 'target', 'raised'"
2017-04-26,"'chipotle', 'reported', 'payment', 'processing', 'issue', 'authority', 'probe'"
2017-04-26,"'chipotle', 'stock', 'price', 'target', 'raised', 'rbc'"
2017-04-26,"'chipotle', 'stock', 'price', 'target', 'raised', 'suntrust'"
2017-04-26,"'stock', 'market', 'close', 'fractionally', 'lower', 'trump', 'tax', 'plan'"
2017-04-26,"'chipotle', 'price', 'target', 'raised', 'buckingham', 'research'"
2017-04-26,"'chipotle', 'downgraded', 'sector', 'perform', 'outperform', 'rbc'"
2017-04-26,"'chipotle', 'say', 'probe', 'focused', 'card', 'transaction', 'restaurant', 'march', 'april'"
2017-04-26,"'chipotle', 'stock', 'surge', 'premarket', 'toward', 'mo', 'high', 'result', 'late'"
2017-04-26,"'chipotle', 'discloses', 'detecting', 'unauthorized', 'activity', 'payment', 'processing'"
2017-04-26,"'much', 'trump', 'tax', 'plan', 'letdown', 'could', 'whack', 'stock'"
2017-04-26,"'chipotle', 'share', 'wednesday', 'premarket'"
2017-04-26,"'chipotle', 'share', 'wednesday'"
2017-04-26,"'chipotle', 'detected', 'unauthorized', 'activity', 'card', 'payment', 'network'"
2017-04-26,"'chipotle', 'price', 'target', 'raised'"
2017-04-26,"'chipotle', 'price', 'target', 'raised', 'suntrust', 'robinson'"
2017-04-26,"'chipotle', 'take', 'profit'"
2017-04-26,"'chipotle', 'belief', 'contained', 'payment', 'processing'"
2017-04-27,"'chipotle', 'data', 'breach', 'stop', 'company'"
2017-04-28,"'eating', 'le', 'meat', 'could', 'save'"
2017-04-29,"'chipotle', 'gain', 'giving', 'u'"
2017-05-02,"'chipotle', 'launch', 'customized', 'bachelor', 'degree'"
2017-05-10,"'ackman', 'winner', 'percent', 'name'"
2017-05-11,"'brief', 'chipotle', 'name', 'scott', 'boatwright', 'chief', 'restaurant'"
2017-05-11,"'chipotle', 'appoints', 'scott', 'boatwright', 'chief', 'restaurant'"
2017-05-12,"'chipotle', 'panera', 'replacement'"
2017-05-18,"'salt', 'spotlight', 'ackman', 'explains', 'valeant', 'mistake'"
2017-05-19,"'mcdonald', 'could', 'new'"
2017-05-19,"'ackman', 'call', 'chipotle', 'ceo', 'ell', 'outstanding'"
2017-05-20,"'ackman', 'something', 'prove', 'valeant'"
2017-05-22,"'fast', 'food', 'chain', 'like', 'mcdonald', 'gain', 'fast', 'casual', 'affordability', 'becomes'"
2017-05-25,"'chipotle', 'mexican', 'grill', 'worst', 'right'"
2017-05-25,"'three', 'restaurant', 'company', 'stock', 'main'"
2017-05-26,"'chipotle', 'probe', 'find', 'hacker', 'stole', 'payment', 'card', 'info', 'data'"
2017-05-26,"'brief', 'chipotle', 'report', 'finding', 'investigation', 'payment', 'card', 'security'"
2017-05-27,"'update', 'chipotle', 'say', 'hacker', 'hit', 'restaurant', 'data'"
2017-05-30,"'chipotle', 'say', 'hacker', 'hit', 'restaurant', 'data'"
2017-05-30,"'stock', 'beyond', 'amazon', 'ripe', 'share'"
2017-05-30,"'chipotle', 'data', 'breach', 'tell', 'may'"
2017-06-03,"'top', 'story', 'week', 'barron'"
2017-06-05,"'chipotle', 'fine'"
2017-06-07,"'chipotle', 'lawsuit', 'worker', 'say', 'overtime', 'pay', 'rule', 'alive'"
2017-06-08,"'need', 'antidote', 'triple', 'threat', 'unloved', 'stock', 'poised'"
2017-06-08,"'chipotle', 'sued', 'federal', 'court', 'allegedly', 'failing', 'pay', 'employee'"
2017-06-09,"'sweet', 'solution', 'chipotle'"
2017-06-09,"'chipotle', 'started', 'buy', 'stock', 'price', 'target'"
2017-06-09,"'chipotle', 'seem', 'farfetched'"
2017-06-16,"'big', 'cap', 'delivering', 'surging', 'revenue'"
2017-06-20,"'share', 'chipotle', 'fall', 'early', 'trade', 'price', 'target', 'cut'"
2017-06-20,"'chipotle', 'stock', 'suffering', 'biggest', 'selloff', 'year', 'downbeat'"
2017-06-20,"'biggest', 'loser', 'chipotle', 'mexican', 'grill', 'tumble'"
2017-06-20,"'stock', 'market', 'close', 'lower', 'oil', 'slip', 'bear', 'market'"
2017-06-20,"'chipotle', 'price', 'target', 'cut', 'suntrust', 'robinson'"
2017-06-20,"'morning', 'mover', 'tesla', 'rise', 'chipotle', 'slump', 'lennar'"
2017-06-20,"'chipotle', 'share', 'tuesday', 'premarket'"
2017-06-20,"'chipotle', 'sigh', 'go'"
2017-06-20,"'chipotle', 'stock', 'suffers', 'biggest', 'loss', 'year', 'sale'"
2017-06-20,"'chipotle', 'stock', 'price', 'target', 'cut'"
2017-06-20,"'investor', 'fret', 'fine', 'print'"
2017-06-21,"'lyft', 'quietly', 'catching'"
2017-06-21,"'chipotle', 'warning', 'time', 'bull', 'throw', 'towel'"
2017-06-21,"'chipotle', 'focusing', 'wrong', 'metric'"
2017-06-21,"'chipotle', 'pay', 'price', 'higher'"
2017-06-22,"'chipotle', 'mexican', 'grill', 'good', 'news', 'might'"
2017-06-26,"'chipotle', 'conservative'"
2017-06-27,"'chipotle', 'stock', 'price', 'target', 'cut'"
2017-06-27,"'chipotle', 'price', 'target', 'cut'"
2017-06-28,"'fidelity', 'parent', 'buy', 'shake', 'shack', 'sell'"
2017-07-03,"'chipotle', 'price', 'increase', 'necessarily', 'good'"
2017-07-11,"'chipotle', 'stock', 'fall', 'kick', 'new', 'bear'"
2017-07-11,"'chipotle', 'stock', 'close', 'previous', 'bull', 'market', 'peak', 'reached', 'may'"
2017-07-11,"'chipotle', 'stock', 'tumble', 'cusp', 'new', 'bear', 'market', 'oppenheimer', 'downbeat'"
2017-07-11,"'even', 'selling', 'chipotle', 'still', 'appetizing'"
2017-07-12,"'city', 'authentic', 'mexican', 'restaurant'"
2017-07-12,"'chipotle', 'stock', 'tumble', 'start', 'new', 'bear'"
2017-07-12,"'news', 'north', 'buying', 'commodity', 'stock', 'look', 'like', 'home'"
2017-07-12,"'four', 'restaurant', 'pick', 'buy', 'tough'"
2017-07-13,"'want', 'free', 'stuff', 'flattery', 'get'"
2017-07-17,"'chipotle', 'bear', 'count', 'burrito', 'wrapped'"
2017-07-18,"'chipotle', 'stock', 'plunge', 'toward', 'month', 'low', 'bi', 'report', 'customer', 'getting'"
2017-07-18,"'chipotle', 'shuts', 'virginia', 'restaurant', 'due', 'customer', 'illness', 'share'"
2017-07-18,"'investor', 'spooked', 'sick', 'chipotle'"
2017-07-18,"'nasdaq', 'close', 'record', 'tech', 'share'"
2017-07-18,"'chipotle', 'share', 'tuesday', 'premarket'"
2017-07-18,"'chipotle', 'upgraded', 'buy', 'hold', 'maxim'"
2017-07-18,"'chipotle', 'shuts', 'virginia', 'restaurant', 'norovirus', 'worry', 'share'"
2017-07-18,"'chipotle', 'stock', 'tumble', 'report', 'customer', 'illness', 'company', 'say', 'restaurant', 'safe'"
2017-07-18,"'chipotle', 'stock', 'rally', 'upgrade', 'queso', 'optimism'"
2017-07-18,"'chipotle', 'price', 'target', 'raised', 'maxim'"
2017-07-18,"'chipotle', 'bull', 'case'"
2017-07-18,"'update', 'chipotle', 'shuts', 'virginia', 'restaurant', 'norovirus', 'worry', 'share'"
2017-07-18,"'chipotle', 'aware', 'small', 'number', 'reported', 'illness', 'single', 'restaurant', 'sterling'"
2017-07-18,"'morning', 'mover', 'goldman', 'sachs', 'bofa', 'tesla', 'fall', 'chipotle'"
2017-07-19,"'chipotle', 'share', 'nearly', 'wednesday'"
2017-07-19,"'chipotle', 'downgraded', 'market', 'perform', 'outperform', 'well'"
2017-07-19,"'chipotle', 'oh'"
2017-07-19,"'chipotle', 'share', 'downgraded', 'market', 'perform', 'outperform', 'bmo', 'capital'"
2017-07-19,"'chipotle', 'share', 'wednesday'"
2017-07-19,"'chipotle', 'upgraded', 'outperform', 'market', 'perform', 'telsey', 'advisory'"
2017-07-19,"'vertex', 'away'"
2017-07-19,"'chipotle', 'share', 'wednesday'"
2017-07-19,"'chipotle', 'price', 'target', 'cut', 'bmo', 'capital'"
2017-07-19,"'chipotle', 'price', 'target', 'cut', 'well'"
2017-07-20,"'report', 'illness', 'associated', 'virginia', 'chipotle', 'top'"
2017-07-20,"'chipotle', 'upgraded', 'belief', 'menu', 'innovation', 'outshine', 'latest', 'norovirus'"
2017-07-20,"'chipotle', 'share', 'fall', 'norovirus', 'rodent'"
2017-07-20,"'sick', 'chipotle', 'analyst', 'suggests', 'different'"
2017-07-20,"'chipotle', 'virginia', 'customer', 'tested', 'positive', 'norovirus'"
2017-07-20,"'update', 'chipotle', 'share', 'fall', 'norovirus', 'rodent'"
2017-07-20,"'chipotle', 'virginia', 'customer', 'tested', 'positive', 'norovirus'"
2017-07-21,"'food', 'chain', 'rethinking'"
2017-07-21,"'chipotle', 'stock', 'recent', 'malaise', 'could'"
2017-07-21,"'sick', 'bad', 'news', 'chipotle'"
2017-07-21,"'chipotle', 'stock', 'price', 'target', 'cut'"
2017-07-21,"'chipotle', 'price', 'target', 'cut', 'canaccord'"
2017-07-22,"'stock', 'rise', 'earnings', 'news', 'nasdaq'"
2017-07-22,'charting'
2017-07-24,"'chipotle', 'mexican', 'grill', 'norovirus', 'damage'"
2017-07-24,"'chipotle', 'bad', 'buzz', 'adding'"
2017-07-24,"'update', 'analyst', 'cut', 'chipotle', 'stock', 'target', 'question', 'menu', 'price'"
2017-07-24,"'analyst', 'cut', 'chipotle', 'stock', 'target', 'question', 'menu', 'price'"
2017-07-25,"'chipotle', 'store', 'sale', 'rise'"
2017-07-25,"'chipotle', 'earnings', 'share', 'v', 'cent'"
2017-07-25,"'brief', 'chipotle', 'post', 'earnings', 'per', 'share'"
2017-07-25,"'evening', 'mover', 'chipotle', 'gain', 'amgen', 'fall', 'u', 'steel'"
2017-07-25,"'amazon', 'facebook', 'gang', 'going', 'take'"
2017-07-25,"'chipotle', 'share', 'gain', 'second', 'quarter'"
2017-07-25,"'chipotle', 'share', 'rise', 'earnings', 'beat', 'wall', 'street'"
2017-07-25,"'chipotle', 'mexican', 'grill', 'reality'"
2017-07-25,"'chipotle', 'revenue', 'billion', 'v'"
2017-07-25,"'recent', 'event', 'overtake', 'chipotle', 'solid'"
2017-07-25,"'chipotle', 'earnings', 'medium', 'coverage', 'latest', 'illness', 'scare', 'put', 'earnings', 'target'"
2017-07-25,"'chipotle', 'profit', 'double', 'share'"
2017-07-26,"'chipotle', 'price', 'target', 'cut', 'rbc', 'capital'"
2017-07-26,"'allure', 'damaged', 'stock', 'tech', 'mania', 'go'"
2017-07-26,"'update', 'chipotle', 'link', 'sick', 'worker', 'latest', 'norovirus'"
2017-07-26,"'chipotle', 'stock', 'price', 'target', 'cut', 'suntrust'"
2017-07-26,"'chipotle', 'thought', 'good', 'news'"
2017-07-26,"'chipotle', 'link', 'sick', 'worker', 'latest', 'norovirus'"
2017-07-26,"'chipotle', 'share'"
2017-07-26,"'chipotle', 'served', 'another', 'subpoena', 'latest', 'food'"
2017-07-26,"'chipotle', 'say', 'sick', 'staffer', 'spread', 'norovirus', 'causing', 'billion', 'market', 'cap'"
2017-07-26,"'stock', 'market', 'end', 'record', 'robust', 'earnings', 'fed', 'issue', 'policy'"
2017-07-26,"'chipotle', 'stock', 'climb', 'premarket'"
2017-07-26,"'invest', 'thing', 'believe'"
2017-07-26,"'chipotle', 'stock', 'price', 'target', 'cut', 'rbc'"
2017-07-26,"'chipotle', 'stock', 'price', 'target', 'cut'"
2017-07-26,"'stock', 'open', 'higher', 'hit', 'record', 'round', 'strong', 'corporate'"
2017-07-26,"'chipotle', 'recent', 'woe', 'could', 'jumpstart'"
2017-07-26,"'chipotle', 'share', 'wednesday'"
2017-07-27,"'chipotle', 'responds', 'lawsuit', 'claiming', 'obama', 'ot', 'rule'"
2017-07-27,"'update', 'ackman', 'pershing', 'square', 'bet', 'adp', 'sends', 'stock', 'record'"
2017-07-27,"'ackman', 'pershing', 'square', 'bet', 'adp', 'sends', 'stock', 'record'"
2017-07-31,"'get', 'chipotle', 'queso', 'check', 'interactive'"
2017-07-31,"'lack', 'value', 'fund', 'interest', 'could', 'another', 'bad', 'omen'"
2017-07-31,"'chipotle', 'woe', 'could', 'jumpstart'"
2017-07-31,"'attention', 'shopper', 'amazon', 'effect', 'creating', 'bargain'"
2017-08-02,"'chipotle', 'seek', 'contempt', 'order', 'obama', 'ot', 'pay', 'rule'"
2017-08-02,"'chipotle', 'online', 'review', 'point', 'crumbling'"
2017-08-03,"'best', 'stock', 'market', 'move', 'dow'"
2017-08-04,"'barron', 'buzz', 'tv', 'sport'"
2017-08-07,"'restaurant', 'stock', 'eat'"
2017-08-07,"'barron', 'bounce', 'iphone', 'supplier'"
2017-08-10,"'chipotle', 'close', 'dallas', 'restaurant', 'seen', 'viral', 'rodent'"
2017-08-11,"'football', 'season', 'approach', 'wing', 'price', 'could', 'keep', 'flying'"
2017-08-17,"'chipotle', 'mexican', 'stock', 'seen'"
2017-08-19,"'starbucks', 'teach', 'silicon', 'valley', 'lesson'"
2017-08-22,"'chipotle', 'mexican', 'grill', 'remain', 'unable', 'recommend', 'share'"
2017-08-23,"'judge', 'asked', 'reject', 'chipotle', 'bid', 'stay', 'overtime', 'pay'"
2017-08-23,"'indicator', 'say', 'billionaire', 'bear'"
2017-08-24,"'analyst', 'like', 'cooking', 'chipotle', 'test'"
2017-08-24,"'chipotle', 'mexican', 'grill', 'time', 'fresh', 'look'"
2017-08-25,"'pricey', 'avocado', 'could', 'put', 'chipotle', 'stock'"
2017-08-25,"'chipotle', 'uh', 'oh', 'avocado', 'price', 'rising'"
2017-08-29,"'chipotle', 'come'"
2017-09-01,"'juicero', 'offer', 'refund', 'food', 'make'"
2017-09-05,"'chipotle', 'adding', 'queso', 'menu', 'nationwide', 'september'"
2017-09-07,"'brief', 'chipotle', 'mexican', 'grill', 'dreopens', 'door', 'chipotle', 'restaurant', 'denver', 'renovation'"
2017-09-08,"'chipotle', 'downgraded', 'slow', 'sale'"
2017-09-08,"'chipotle', 'downgraded', 'underperform', 'market', 'perform', 'cowen', 'co'"
2017-09-08,"'chipotle', 'mexican', 'grill', 'cheese'"
2017-09-08,"'queso', 'chipotle', 'magic'"
2017-09-08,"'chipotle', 'share', 'nearly', 'friday'"
2017-09-08,"'morning', 'mover', 'downgrade', 'downgrade'"
2017-09-08,"'chipotle', 'price', 'target', 'cut', 'cowen', 'co'"
2017-09-18,"'update', 'chipotle', 'slide', 'customer', 'turn', 'nose', 'cheese'"
2017-09-18,"'chipotle', 'slide', 'customer', 'turn', 'nose', 'cheese'"
2017-09-18,"'analyst', 'raised', 'lowered', 'price', 'target'"
2017-09-18,"'chipotle', 'slide', 'customer', 'turn', 'nose', 'cheese'"
2017-09-20,"'four', 'fund', 'manager', 'secret', 'success', 'go', 'gut'"
2017-09-21,"'queso', 'save', 'chipotle', 'maybe', 'iphones'"
2017-09-22,"'wall', 'street', 'lukewarm', 'chipotle', 'new', 'queso', 'amid', 'customer'"
2017-09-22,"'chipotle', 'stock', 'four'"
2017-09-22,"'chipotle', 'queso', 'big', 'advantage'"
2017-09-22,"'whole', 'food', 'amazon', 'still'"
2017-09-22,"'grubhub', 'stock', 'fall', 'toward', 'week', 'low', 'amazon', 'team', 'rival'"
2017-09-25,"'say', 'queso', 'chipotle', 'could', 'lose', 'cheese'"
2017-09-26,"'brief', 'chef', 'richard', 'blais', 'lead', 'tasty', 'made', 'burger', 'concept', 'xa'"
2017-09-26,"'darden', 'restaurant', 'serf'"
2017-09-26,"'chipotle', 'tasty', 'made', 'chain', 'partner', 'top', 'chef', 'winner', 'richard'"
2017-09-27,"'chipotle', 'anyone', 'want', 'queso'"
2017-09-28,"'invest', 'restaurant', 'sector'"
2017-09-28,"'scientist', 'give', 'restaurant', 'chain', 'failing', 'grade'"
2017-09-29,"'whole', 'food', 'say', 'hacker', 'tried', 'steal', 'data', 'credit', 'card', 'swiping'"
2017-09-29,"'one', 'year', 'whole', 'food', 'helped', 'fix', 'one', 'chicago', 'toughest', 'neighborhood'"
2017-10-03,"'consumer', 'discretionary', 'stock', 'crowded'"
2017-10-03,"'chipotle', 'quick', 'recovery'"
2017-10-03,"'five', 'restaurant', 'buy', 'still', 'struggling'"
2017-10-03,"'chipotle', 'started', 'hold', 'stock', 'price', 'target', 'stifel'"
2017-10-04,"'chipotle', 'win', 'appeal', 'lawsuit', 'gmo'"
2017-10-04,"'queso', 'two', 'play'"
2017-10-08,"'millennial', 'diner', 'liking', 'see', 'late', 'domino', 'taco', 'bell'"
2017-10-11,"'chipotle', 'stock', 'price', 'target', 'cut'"
2017-10-11,"'chipotle', 'rebound', 'look'"
2017-10-11,"'teen', 'love', 'starbucks', 'chipotle', 'mcdonald', 'making', 'comeback'"
2017-10-13,"'chipotle', 'reading', 'tweet', 'like', 'tea', 'leaf'"
2017-10-13,"'facebook', 'launch', 'food', 'order', 'delivery'"
2017-10-14,"'link', 'ceo', 'torture', 'english', 'language', 'poor', 'stock'"
2017-10-16,"'bull', 'trend', 'grind', 'higher', 'big', 'three', 'benchmark', 'tag', 'time'"
2017-10-16,"'ruby', 'tuesday', 'taken', 'private'"
2017-10-18,"'morning', 'mover', 'chipotle', 'drop', 'transocean', 'slip', 'electronic', 'art'"
2017-10-18,"'wall', 'street', 'get', 'queasy'"
2017-10-18,"'chipotle', 'stock', 'slide', 'analyst', 'take', 'bearish', 'tone', 'ahead'"
2017-10-18,"'chipotle', 'labor', 'cost'"
2017-10-18,"'restaurant', 'got', 'lunch', 'eaten'"
2017-10-19,"'chipotle', 'price', 'target', 'cut'"
2017-10-20,"'chipotle', 'stock', 'price', 'target', 'cut', 'rbc'"
2017-10-20,"'chipotle', 'mexican', 'grill', 'stock', 'price', 'target', 'cut', 'suntrust'"
2017-10-20,"'chipotle', 'stock', 'price', 'target', 'cut'"
2017-10-20,"'restaurant', 'stock', 'cheap', 'eats'"
2017-10-20,"'chipotle', 'next'"
2017-10-20,"'chipotle', 'expect', 'next', 'week'"
2017-10-24,"'brief', 'chipotle', 'report', 'earnings', 'per', 'share'"
2017-10-24,"'mcdonald', 'loving'"
2017-10-24,"'update', 'chipotle', 'share', 'fall', 'store', 'opening', 'scaled', 'back', 'profit'"
2017-10-24,"'evening', 'mover', 'chipotle', 'slump', 'whiting', 'gain', 'edward', 'lifesciences'"
2017-10-24,"'chipotle', 'stock', 'dive', 'earnings', 'come'"
2017-10-24,"'earningswatch', 'amazon', 'alphabet', 'amd', 'form', 'tech'"
2017-10-24,"'bad', 'news', 'powerhouse', 'sector', 'may', 'poised'"
2017-10-24,"'chipotle', 'everything', 'awesome', 'except'"
2017-10-24,"'chipotle', 'stock', 'drop', 'hour', 'third', 'quarter', 'earnings'"
2017-10-24,"'brief', 'chipotle', 'dboard', 'announces', 'repurchase', 'common'"
2017-10-24,"'chipotle', 'store', 'sale', 'miss'"
2017-10-25,"'chipotle', 'stock', 'price', 'target', 'cut', 'stifel'"
2017-10-25,"'chipotle', 'recovery', 'seen', 'dragging', 'share'"
2017-10-25,"'chipotle', 'stock', 'track', 'open', 'lowest', 'level', 'seen', 'since', 'january'"
2017-10-25,"'dow', 'log', 'biggest', 'drop', 'since', 'sept', 'string', 'disappointing'"
2017-10-25,"'bull', 'spinning', 'chipotle', 'latest', 'bad'"
2017-10-25,"'chipotle', 'recovery', 'seen', 'dragging', 'share'"
2017-10-25,"'chipotle', 'earnings', 'queso', 'launch', 'delivered', 'hoped'"
2017-10-25,"'chipotle', 'share', 'fall', 'store', 'opening', 'scaled', 'back', 'profit'"
2017-10-25,"'chipotle', 'share', 'nearly', 'premarket', 'trading', 'amid', 'price', 'target'"
2017-10-25,"'chipotle', 'burrito'"
2017-10-25,"'chipotle', 'stock', 'price', 'target', 'cut'"
2017-10-25,"'chipotle', 'stock', 'plunge', 'premarket', 'result', 'late'"
2017-10-25,"'update', 'chipotle', 'recovery', 'seen', 'dragging', 'share'"
2017-10-25,"'biggest', 'loser', 'burrito'"
2017-10-25,"'update', 'short', 'seller', 'taste', 'profit', 'chipotle', 'share'"
2017-10-25,"'short', 'seller', 'taste', 'profit', 'chipotle', 'share'"
2017-10-25,"'chipotle', 'share'"
2017-10-25,"'u', 'stock', 'tepid', 'earnings', 'pressure', 'wall', 'st'"
2017-10-25,"'look', 'like', 'winner', 'retail', 'shakeout', 'amazon', 'wal'"
2017-10-26,"'nikkei', 'shanghai', 'index', 'manage', 'small', 'win', 'market', 'mood', 'shift'"
2017-10-26,"'ackman', 'director', 'shareholder', 'disappointed', 'chipotle'"
2017-10-26,"'chipotle', 'short', 'seller', 'enjoy', 'million', 'windfall', 'stock', 'slide'"
2017-10-28,"'private', 'equity', 'rest'"
2017-10-28,"'chipotle', 'weak', 'earnings', 'could', 'new', 'normal'"
2017-11-01,"'stock', 'made', 'new', 'week', 'low', 'halloween', 'time', 'bottom', 'fishing'"
2017-11-09,"'analyst', 'agree', 'stock', 'could', 'make'"
2017-11-13,"'morning', 'mover', 'mean', 'hope'"
2017-11-13,'chipotle'
2017-11-14,"'adp', 'ackman', 'loss', 'win'"
2017-11-14,"'bill', 'ackman', 'pershing', 'square', 'build', 'major', 'stake'"
2017-11-16,"'burger', 'eat', 'mcdonald', 'yum', 'keep'"
2017-11-24,"'turkey', 'burrito', 'facebook', 'data', 'show', 'chipotle', 'traffic'"
2017-11-27,"'stock', 'end', 'mostly', 'lower', 'retail', 'rally', 'fizzle', 'dow', 'buck'"
2017-11-28,"'hot', 'stock', 'everybody', 'love'"
2017-11-28,"'restaurant', 'traffic', 'turn', 'positive', 'driven', 'quick', 'service', 'burger', 'gourmet'"
2017-11-29,"'update', 'chipotle', 'founder', 'ceo', 'investor', 'patience'"
2017-11-29,"'wrap', 'chipotle', 'ceo', 'exit', 'stock'"
2017-11-29,"'morning', 'mover', 'change', 'chipotle', 'upgrade'"
2017-11-29,"'love', 'amazon', 'high', 'flying', 'stock', 'could', 'sure', 'bet'"
2017-11-29,"'brief', 'chipotle', 'begin', 'search', 'new'"
2017-11-29,"'chipotle', 'stock', 'turn', 'higher', 'surge', 'premarket', 'much'"
2017-11-29,"'chipotle', 'stock', 'inactive', 'prior', 'halt', 'news'"
2017-11-29,"'chipotle', 'start', 'search', 'new'"
2017-11-29,"'chipotle', 'ceo', 'founder', 'steve', 'ell', 'become', 'executive'"
2017-11-29,"'chipotle', 'share', 'halted', 'premarket'"
2017-11-29,"'dow', 'finish', 'record', 'nasdaq', 'post', 'worst', 'day', 'month', 'tech'"
2017-11-29,"'chipotle', 'search', 'new', 'ceo', 'stock'"
2017-11-29,"'chipotle', 'founder', 'ceo', 'investor', 'patience'"
2017-11-29,"'chipotle', 'stock', 'surge', 'week', 'high', 'announcing', 'search', 'new'"
2017-11-30,"'chipotle', 'search', 'new', 'ceo', 'may', 'help', 'rediscover', 'magic', 'say'"
2017-11-30,"'cheddar', 'mexican', 'food', 'chipotle', 'jack', 'box', 'problem'"
2017-12-01,"'brief', 'chipotle', 'say', 'upon', 'appointment', 'executive', 'chairman', 'steve', 'ell', 'annualized', 'base', 'salary', 'fiscal'"
2017-12-06,"'many', 'tasty', 'return', 'shake', 'shack', 'chipotle', 'could', 'get', 'tax', 'reform'"
2017-12-07,"'chipotle', 'one', 'big', 'bear', 'became'"
2017-12-12,"'check', 'restaurant', 'chipotle', 'mcdonald', 'see', 'tax', 'reform'"
2017-12-13,"'cheesy', 'chipotle', 'takeover', 'target'"
2017-12-14,"'chipotle', 'domino', 'restaurant', 'stock', 'taken', 'account', 'tax', 'reform'"
2017-12-15,"'chipotle', 'queso'"
2017-12-15,"'tax', 'reform', 'menu', 'restaurant', 'may', 'get'"
2017-12-18,"'bargain', 'shopping', 'stock', 'start'"
2017-12-20,"'baker', 'dozen', 'bargain', 'bin', 'stock', 'held', 'year', 'end', 'tax', 'loss'"
2017-12-20,"'chipotle', 'restaurant', 'investigation', 'illness', 'scare'"
2017-12-20,"'chipotle', 'oops'"
2017-12-21,"'dow', 'crash', 'another', 'jump', 'case', 'market', 'freeze'"
2017-12-21,"'chipotle', 'restaurant', 'investigation', 'illness', 'scare'"
2017-12-21,"'another', 'gut', 'punch'"
