2016-01-05,"'nordstrom', 'downgraded', 'citigroup', 'concern', 'struggle'"
2016-01-05,"'nordstrom', 'downgraded', 'citigroup', 'concern', 'struggle'"
2016-01-05,"'jc', 'penney', 'nordstrom', 'different', 'direction'"
2016-01-05,"'penney', 'upgraded', 'neutral', 'sell'"
2016-01-05,"'morning', 'mover', 'jc', 'penney', 'gain', 'upgrade', 'smith', 'wesson', 'shoot'"
2016-01-07,"'macy', 'look', 'weakest', 'among', 'retail', 'holiday'"
2016-01-07,"'dow', 'slump', 'point', 'china'"
2016-01-07,"'jc', 'penney', 'good', 'enough'"
2016-01-07,"'jc', 'penney', 'look', 'headed', 'credit'"
2016-01-07,"'penney', 'share', 'morning'"
2016-01-07,"'morning', 'mover', 'finish', 'line', 'plunge', 'ceo', 'departure', 'earnings', 'jc', 'penney'"
2016-01-07,"'jc', 'penney', 'post', 'rise', 'holiday'"
2016-01-07,"'penney', 'share', 'rise', 'holiday', 'store', 'sale', 'increase'"
2016-01-07,"'penney', 'expects', 'positive', 'free', 'cash', 'flow'"
2016-01-07,"'penney', 'say', 'store', 'sale', 'rose', 'holiday'"
2016-01-07,"'penney', 'say', 'still', 'expects', 'adj', 'ebitda'"
2016-01-19,"'penney', 'plan', 'jump', 'back', 'appliance'"
2016-01-19,"'penney', 'target', 'millennials', 'return', 'appliance'"
2016-01-19,"'penney', 'introducing', 'appliance', 'three', 'pilot'"
2016-01-19,"'penney', 'name', 'ex', 'home', 'depot', 'exec', 'head'"
2016-01-22,"'carret', 'like', 'non', 'energy', 'junk', 'bond'"
2016-01-29,"'penney', 'stock', 'surge', 'credit', 'suisse', 'say', 'longer'"
2016-01-29,"'penney', 'upgraded', 'neutral', 'underperform', 'credit'"
2016-01-29,"'penney', 'upgraded', 'neutral', 'underperform', 'credit'"
2016-01-29,"'jc', 'penney', 'upgrade', 'nothing', 'business'"
2016-01-29,"'morning', 'mover', 'merck', 'gain', 'gilead', 'fall', 'hep', 'approval', 'abbvie'"
2016-02-02,"'three', 'retail', 'stock', 'volatile'"
2016-02-05,"'jcpenney', 'go'"
2016-02-05,"'penney', 'pursuing', 'sale', 'texas', 'home', 'office'"
2016-02-05,"'penney', 'pursuing', 'sale', 'leaseback', 'headquarters', 'building', 'plano'"
2016-02-09,"'burberry', 'sue', 'saying', 'penney', 'copied'"
2016-02-09,"'burberry', 'sue', 'penney', 'say', 'coat', 'copy'"
2016-02-09,"'eight', 'retail', 'stock', 'looming'"
2016-02-09,"'wal', 'mart', 'join', 'dow', 'dog', 'dividend', 'yield'"
2016-02-10,"'two', 'chart', 'tell', 'investor', 'get', 'stock', 'meltdown', 'brace'"
2016-02-12,"'penney', 'responds', 'burberry', 'lawsuit', 'alleging', 'trademark'"
2016-02-16,"'omega', 'advisor', 'dump'"
2016-02-17,"'nordstrom', 'earnings', 'look', 'cheesecake'"
2016-02-18,"'wal', 'mart', 'white'"
2016-02-19,"'nordstrom', 'unhappy'"
2016-02-20,"'benjamin', 'trial', 'fate'"
2016-02-20,"'benjamin', 'trial', 'fate'"
2016-02-22,"'impressive', 'turnaround', 'progressing', 'jcpenney', 'buy', 'yet'"
2016-02-22,"'penney', 'initiated', 'market', 'perform', 'cowen', 'co', 'commerce'"
2016-02-22,"'penney', 'initiated', 'market', 'perform', 'cowen', 'co', 'price'"
2016-02-25,"'penney', 'report', 'happy', 'holiday', 'upbeat'"
2016-02-26,"'oil', 'drag', 'stock', 'dow', 'gain', 'second'"
2016-02-26,"'jc', 'penney', 'best', 'performing', 'department', 'store', 'right'"
2016-02-26,"'penney', 'share', 'soar', 'early', 'trade', 'quarterly'"
2016-02-26,"'morning', 'mover', 'weight', 'watcher', 'tumble', 'earnings', 'jc', 'penney', 'herbalife'"
2016-02-26,"'jc', 'penney', 'share', 'premarket'"
2016-02-26,"'late', 'foolhardy', 'ditch', 'stock'"
2016-02-27,"'penney', 'go', 'private', 'label', 'fight', 'continue'"
2016-02-27,'charting'
2016-02-29,"'jc', 'penney', 'score', 'upgrade', 'pathway', 'cash'"
2016-02-29,"'jc', 'penney', 'best', 'department', 'store', 'saying'"
2016-02-29,"'barron', 'bounce', 'jc', 'penney', 'astronics', 'check'"
2016-02-29,"'penney', 'share', 'monday'"
2016-03-02,"'higher', 'target'"
2016-03-03,"'amazon', 'prime', 'rack'"
2016-03-04,"'morning', 'mover', 'block', 'tumble', 'earnings', 'jc', 'penney', 'gain'"
2016-03-17,"'reclaims', 'day', 'average'"
2016-03-18,"'six', 'store', 'almost', 'guaranteed', 'find', 'america', 'valuable', 'shopping'"
2016-03-30,"'jc', 'penney', 'get', 'notch', 'upgrade', 'sale', 'growth', 'exceeds'"
2016-04-07,"'bed', 'bath', 'beyond', 'buy', 'initiating'"
2016-04-13,"'penney', 'target', 'millennial', 'woman', 'new', 'plus', 'size'"
2016-04-24,"'department', 'store', 'close', 'study'"
2016-04-26,"'penney', 'add', 'new', 'sephora', 'inside', 'penney'"
2016-04-30,"'penney', 'could'"
2016-05-02,"'penney', 'stock', 'rising', 'could'"
2016-05-06,"'jc', 'penney', 'getting'"
2016-05-06,"'memo', 'reportedly', 'show', 'penney', 'taking', 'drastic', 'cost', 'cut'"
2016-05-07,"'starbucks', 'debased'"
2016-05-07,'charting'
2016-05-09,"'penney', 'back', 'appliance'"
2016-05-09,"'penney', 'expands', 'appliance', 'say', 'exceeded', 'ebitda', 'expectation'"
2016-05-11,"'macy', 'spell', 'bad', 'news'"
2016-05-12,"'nordstrom', 'crushed', 'earnings', 'miss', 'lowered', 'guidance', 'share', 'plunge'"
2016-05-13,"'dow', 'drop', 'rd', 'consecutive'"
2016-05-13,"'dow', 'log', 'rd', 'week', 'loss', 'oil'"
2016-05-13,"'retailer', 'amazon', 'proof', 'store'"
2016-05-13,"'nordstrom', 'recover', 'say', 'cowen', 'time', 'buy'"
2016-05-13,"'another', 'retailer', 'bite', 'dust', 'jc', 'penney', 'hit', 'sale'"
2016-05-13,"'sell', 'almighty', 'dollar', 'even', 'retail', 'sale'"
2016-05-13,"'penney', 'sale', 'surprisingly'"
2016-05-13,"'retail', 'sale', 'climb', 'april'"
2016-05-13,"'penney', 'stock', 'active', 'premarket', 'mln', 'share'"
2016-05-13,"'morning', 'mover', 'jc', 'penney', 'nordstrom', 'plunge', 'guidance', 'cut', 'shake', 'shack'"
2016-05-13,"'penney', 'miss', 'sale'"
2016-05-13,"'penney', 'share', 'tumble', 'weak', 'sale', 'fall', 'short'"
2016-05-13,"'penney', 'still', 'see', 'fy', 'sale'"
2016-05-13,"'penney', 'lower', 'full', 'year', 'margin'"
2016-05-13,"'penney', 'stock', 'track', 'open', 'lowest', 'level', 'since', 'jan'"
2016-05-13,"'penney', 'factset', 'store', 'sale', 'consensus'"
2016-05-13,"'penney', 'stock', 'plunge', 'premarket'"
2016-05-13,"'penney', 'store', 'sale'"
2016-05-13,"'penney', 'stock', 'plunge', 'premarket'"
2016-05-13,"'penney', 'factset', 'consensus', 'loss', 'per', 'share'"
2016-05-13,"'penney', 'sale', 'bln', 'v'"
2016-05-13,"'penney', 'factset', 'sale', 'consensus'"
2016-05-13,"'penney', 'loss', 'per', 'share', 'cent', 'v', 'loss'"
2016-05-14,"'tiaa', 'cref', 'pro', 'little', 'thing'"
2016-05-14,"'dow', 'industrials', 'fall', 'week', 'growth'"
2016-05-16,"'jc', 'penney', 'find', 'penney', 'pick'"
2016-05-16,"'morning', 'mover', 'merger', 'monday', 'life'"
2016-05-16,"'penney', 'stock', 'upgraded', 'outperform'"
2016-05-16,"'penney', 'stock', 'upgraded', 'outperform'"
2016-05-17,"'home', 'depot', 'tjx', 'co', 'raise'"
2016-05-17,"'penney', 'upgraded', 'turnaround', 'strategy', 'steer', 'away'"
2016-05-17,"'home', 'depot', 'top', 'view', 'raise'"
2016-05-18,"'amazon', 'retailer', 'clicking', 'sinking'"
2016-05-22,"'target', 'latest', 'retailer', 'feel', 'amazon', 'effect'"
2016-05-23,"'yes', 'jc', 'penney', 'tough', 'spot', 'better', 'position', 'department'"
2016-05-23,"'retailer', 'profiting', 'amazon', 'effect'"
2016-05-23,"'since', 'one', 'buying', 'clothes', 'store', 'selling'"
2016-05-26,"'retailer', 'give', 'best', 'insight'"
2016-05-26,"'dollar', 'tree', 'raise', 'outlook', 'sale'"
2016-05-26,"'dollar', 'general', 'top', 'view', 'sale'"
2016-05-26,"'sears', 'revenue', 'fall', 'explores', 'deal', 'key'"
2016-05-31,"'michael', 'strahan', 'want', 'jogging', 'pant', 'lululemon', 'yoga'"
2016-06-01,"'penney', 'refinance', 'billion', 'real', 'estate'"
2016-06-01,"'meteorologist', 'say', 'retailer', 'bad', 'weather'"
2016-06-07,"'retailer', 'price', 'triple', 'primark'"
2016-06-09,"'goldman', 'sachs', 'department', 'store', 'risk'"
2016-06-10,"'jc', 'penney', 'staying'"
2016-06-16,"'amazon', 'retail', 'skus', 'belong', 'goldman', 'tell'"
2016-06-20,"'department', 'store', 'may', 'hottest'"
2016-06-21,"'retail', 'sale', 'jump', 'sector', 'winner'"
2016-06-24,"'jcpenney', 'refinancing', 'good', 'news'"
2016-06-30,"'retail', 'sanity', 'check', 'show', 'deal', 'brexit'"
2016-07-11,"'amazon', 'prime', 'day', 'approach', 'retailer', 'look', 'way', 'fight'"
2016-07-11,"'staple', 'name', 'new', 'north', 'american', 'retail'"
2016-08-06,"'donald', 'trump', 'hillary', 'clinton', 'spoil', 'back', 'school', 'shopping'"
2016-08-06,"'denim', 'challenging', 'athleisure', 'trend', 'back', 'school'"
2016-08-06,"'meet', 'airbnbs', 'ubers'"
2016-08-08,"'boockvar', 'thing', 'focus'"
2016-08-11,"'nordstrom', 'profit', 'top', 'view', 'revenue'"
2016-08-11,"'retail', 'rally', 'real'"
2016-08-11,"'surprise', 'kohl', 'report', 'earnings', 'increase', 'share', 'surge'"
2016-08-11,"'kohl', 'beat', 'estimate', 'lift', 'retail'"
2016-08-11,"'macy', 'right'"
2016-08-11,"'macy', 'shutter', 'store', 'cut'"
2016-08-11,"'way', 'weird'"
2016-08-11,"'penney', 'stock', 'jump', 'premarket', 'ahead', 'result', 'friday'"
2016-08-12,"'stock', 'post', 'modest', 'weekly', 'gain', 'nasdaq', 'hit'"
2016-08-12,"'jc', 'penney', 'getting', 'penney', 'worth'"
2016-08-12,"'penney', 'post', 'another', 'loss', 'soft'"
2016-08-12,"'morning', 'mover', 'jc', 'penney', 'jump', 'earnings', 'macy', 'slip'"
2016-08-12,"'stock', 'mark', 'go', 'faster', 'higher'"
2016-08-12,"'penney', 'report', 'another', 'loss', 'soft'"
2016-08-12,"'penney', 'stock', 'swing', 'higher', 'premarket', 'much'"
2016-08-12,"'penney', 'share', 'fall', 'despite', 'smaller', 'second', 'quarter'"
2016-08-12,"'penney', 'stock', 'slump', 'premarket', 'soaring', 'thursday', 'month'"
2016-08-12,"'penney', 'stock', 'actively', 'traded', 'premarket', 'volume'"
2016-08-12,"'penney', 'affirms', 'outlook', 'adj', 'eps'"
2016-08-12,"'penney', 'affirms', 'store', 'sale', 'growth', 'outlook'"
2016-08-12,"'penney', 'adj', 'per', 'share', 'loss', 'cent', 'factset', 'consensus', 'loss'"
2016-08-12,"'penney', 'revenue', 'bln', 'v', 'bln', 'factset', 'consensus'"
2016-08-12,"'penney', 'store', 'sale', 'factset', 'consensus'"
2016-08-12,"'penney', 'per', 'share', 'loss', 'cent', 'v', 'loss', 'cent', 'year'"
2016-08-12,"'penney', 'stock', 'climb', 'premarket', 'ahead', 'expected'"
2016-08-13,"'back', 'school', 'hot'"
2016-08-17,"'penney', 'raise', 'bet', 'private'"
2016-08-17,"'penney', 'announces', 'strategy', 'shakeup', 'focus', 'home', 'beauty'"
2016-08-18,"'jc', 'penney', 'blame'"
2016-08-23,"'best', 'buy', 'share', 'soar', 'surprise', 'sale'"
2016-08-24,"'retailer', 'inspect', 'egyptian', 'cotton', 'sheet', 'see'"
2016-08-24,"'nasdaq', 'press', 'range', 'top', 'ahead'"
2016-08-25,"'mall', 'rat', 'dying'"
2016-08-30,"'penney', 'ceo', 'buy', 'stock', 'loses'"
2016-08-31,"'one', 'retail', 'favorite', 'demographic'"
2016-09-01,"'retailer', 'ask', 'help', 'resolve', 'shipping'"
2016-09-01,"'penney', 'first', 'private', 'label', 'plus', 'size', 'collection', 'debut', 'sept'"
2016-09-03,"'hanjin', 'shipping', 'bankruptcy', 'filing', 'could', 'ruin', 'holiday', 'season'"
2016-09-09,"'wal', 'mart', 'stop', 'selling', 'welspun', 'india', 'egyptian', 'cotton'"
2016-09-21,"'fed', 'averted', 'big', 'stock', 'selloff'"
2016-09-22,"'millennial', 'cosmetic', 'ipo', 'offer', 'potentially', 'beautiful'"
2016-09-28,"'jc', 'penney', 'get', 'another', 'two', 'notch'"
2016-09-28,"'penney', 'credit', 'rating', 'get', 'two', 'notch', 'upgrade', 'moody'"
2016-10-03,"'afraid', 'amazon', 'prime'"
2016-10-05,"'retail', 'stock', 'buy', 'holiday', 'shopping'"
2016-10-06,"'mall', 'america', 'close', 'thanksgiving'"
2016-10-14,"'macy', 'going', 'good', 'jpmorgan'"
2016-10-21,"'save', 'money', 'kitchen', 'appliance', 'buy', 'white'"
2016-10-26,"'today', 'top', 'stock', 'pick', 'diamond'"
2016-11-05,"'toking', 'tuesday'"
2016-11-06,"'election', 'inspired', 'stock', 'market', 'volatility'"
2016-11-07,"'penney', 'open', 'thanksgiving'"
2016-11-07,"'jcpenney', 'open', 'thanksgiving'"
2016-11-08,"'amazon', 'big', 'rival', 'commerce', 'wal'"
2016-11-10,"'macy', 'earnings', 'expect', 'another', 'decline', 'profit'"
2016-11-10,"'buy', 'skip', 'black'"
2016-11-11,"'dow', 'notch', 'another', 'record', 'post', 'biggest', 'weekly', 'gain', 'since'"
2016-11-11,"'penney', 'sale', 'fall'"
2016-11-11,"'jc', 'penney', 'recovery', 'doubt'"
2016-11-11,"'protest', 'could', 'take', 'market', 'election'"
2016-11-11,"'penney', 'report', 'worse', 'expected'"
2016-11-11,"'morning', 'mover', 'jc', 'penney', 'slump', 'earnings', 'kor'"
2016-11-11,"'penney', 'share', 'sink', 'sale'"
2016-11-11,"'penney', 'share'"
2016-11-11,"'penney', 'see', 'full', 'year', 'store', 'sale'"
2016-11-11,"'penney', 'expects', 'full', 'year', 'adj', 'eps'"
2016-11-11,"'penney', 'store', 'sale', 'factset', 'consensus'"
2016-11-11,"'penney', 'loss', 'per', 'share', 'cent', 'v', 'loss'"
2016-11-11,"'penney', 'adj', 'loss', 'per', 'share', 'cent', 'match', 'factset'"
2016-11-11,"'penney', 'sale', 'bln', 'v', 'bln', 'factset', 'consensus'"
2016-11-14,"'jc', 'penney', 'dead'"
2016-11-15,"'amazon', 'proof', 'retail', 'stock', 'buy'"
2016-11-15,"'home', 'depot', 'earnings', 'concern', 'analyst'"
2016-11-23,'buy'
2016-11-24,"'best', 'black', 'friday', 'deal', 'walmart', 'target', 'best', 'buy', 'amazon', 'tv', 'toy'"
2016-11-24,"'retailer', 'push', 'early', 'start', 'black', 'friday'"
2016-11-25,"'black', 'friday', 'sale', 'truly'"
2016-11-27,"'best', 'cyber', 'monday', 'deal', 'target', 'walmart', 'iphone', 'travel'"
2016-11-30,"'home', 'depot', 'could', 'surprise', 'winner', 'holiday', 'shopping'"
2016-12-02,"'morning', 'mover', 'jc', 'penney', 'jump', 'merrill', 'upgrade', 'lululemon'"
2016-12-03,"'retail', 'rising'"
2016-12-09,"'hodges', 'jcpenney', 'forterra', 'gogo'"
2016-12-09,"'cheap', 'stock', 'jump'"
2016-12-12,"'omni', 'channel', 'bust', 'retailer', 'restaurant'"
2016-12-16,"'frigid', 'weather', 'could', 'boost', 'december', 'apparel', 'retail', 'sale'"
2016-12-23,"'tjx', 'burlington', 'price', 'retailer', 'could', 'benefit', 'tax'"
2016-12-26,"'retailer', 'see', 'return', 'another', 'chance', 'sell'"
2016-12-30,"'could', 'year', 'remember'"
2017-01-03,"'penney', 'sell', 'texas', 'headquarters', 'campus'"
2017-01-04,"'department', 'store', 'share', 'sell', 'kohl', 'macy'"
2017-01-05,"'penney', 'share', 'thursday', 'premarket'"
2017-01-05,"'macy', 'kohl', 'lead', 'fire', 'sale', 'retail'"
2017-01-05,"'macy', 'kohl', 'analyst', 'saying'"
2017-01-06,"'jc', 'penney', 'still', 'see', 'fy', 'ebitda'"
2017-01-06,"'jc', 'penney', 'share'"
2017-01-06,"'morning', 'mover', 'jc', 'penney', 'teva', 'pharmaceutical', 'slump', 'gap'"
2017-01-06,"'penney', 'post', 'weaker', 'holiday'"
2017-01-06,"'macy', 'kohl', 'still', 'struggling', 'come', 'grip', 'commerce', 'amazon'"
2017-01-06,"'jc', 'penney', 'holiday', 'store', 'sale', 'fall', 'weighed', 'weakness', 'woman'"
2017-01-06,"'jc', 'penney', 'holiday', 'store', 'sale'"
2017-01-06,"'jc', 'penney', 'say', 'weakness', 'woman', 'apparel', 'continued', 'pressure'"
2017-01-06,"'penney', 'holiday', 'sale', 'drop', 'latest', 'setback'"
2017-01-07,"'solid', 'steady'"
2017-01-07,'charting'
2017-01-07,"'harrowing', 'holiday', 'season', 'struggling', 'department', 'store', 'reach', 'tipping', 'point'"
2017-01-09,"'penney', 'hold', 'guidance', 'macy', 'kohl'"
2017-01-17,"'jc', 'penney', 'share'"
2017-01-17,"'penney', 'add', 'store', 'nike', 'shop', 'store', 'share'"
2017-01-17,"'jc', 'penney', 'team', 'nike'"
2017-01-18,"'penney', 'downgraded', 'underpeform', 'neutral', 'credit'"
2017-01-18,"'penney', 'stock', 'drop', 'premarket', 'downgrade', 'credit'"
2017-01-18,"'jc', 'penney', 'splat'"
2017-01-18,"'penney', 'stock', 'drop', 'credit', 'suisse', 'downgrade', 'upgrade', 'boost', 'nordstrom'"
2017-01-19,"'trump', 'bump', 'evaporates', 'target', 'retail'"
2017-01-19,"'penney', 'kohl', 'get', 'retail', 'new'"
2017-01-20,"'department', 'store', 'steady', 'profitability', 'boat', 'even', 'sale'"
2017-01-23,"'brief', 'penney', 'extends', 'stockholder', 'right', 'plan', 'protect', 'tax'"
2017-01-31,"'retailer', 'expected', 'suffer', 'big', 'spike', 'bond', 'default', 'rate'"
2017-02-02,"'macy', 'penney', 'settle', 'martha', 'stewart'"
2017-02-10,"'stock', 'benefit', 'house', 'tax'"
2017-02-13,"'penney', 'stock', 'rally', 'morgan', 'stanley', 'upgrade', 'following', 'year'"
2017-02-13,"'cowen', 'still', 'bullish', 'nordstrom', 'even', 'earnings'"
2017-02-13,"'morgan', 'stanley', 'bearish', 'retail', 'bump', 'penney'"
2017-02-13,"'penney', 'stock', 'jump', 'premarket', 'analyst'"
2017-02-13,"'penney', 'upgraded', 'equal', 'weight', 'underweight', 'morgan'"
2017-02-14,"'brief', 'state', 'street', 'report', 'pct', 'passive', 'stake', 'penney'"
2017-02-14,"'brief', 'soros', 'fund', 'management', 'dissolve', 'stake', 'jc', 'penney', 'sec'"
2017-02-15,"'trump', 'today', 'massive', 'tax', 'plan', 'lower', 'rate', 'virtually', 'everybody', 'president'"
2017-02-15,"'target', 'gap', 'best', 'buy', 'among', 'retailer', 'headed', 'washington', 'oppose', 'border', 'tax'"
2017-02-22,"'downgrade', 'macy', 'one', 'step'"
2017-02-22,"'macy', 'outgoing', 'ceo', 'reminds', 'everyone', 'sale', 'happen'"
2017-02-23,"'nordstrom', 'discount', 'store', 'drive', 'sale'"
2017-02-24,"'penney', 'factset', 'sale', 'consensus'"
2017-02-24,"'penney', 'book', 'pretax', 'charge'"
2017-02-24,"'penney', 'stock', 'turn', 'lower', 'fall', 'premarket', 'much'"
2017-02-24,"'morning', 'mover', 'nordstrom', 'foot', 'locker', 'rise', 'gap', 'goldman', 'sachs'"
2017-02-24,"'penney', 'eps', 'cent', 'v', 'loss'"
2017-02-24,"'penney', 'shut', 'store', 'quarterly', 'sale'"
2017-02-24,"'penney', 'stock', 'climb', 'premarket'"
2017-02-24,"'penney', 'close'"
2017-02-24,"'penney', 'close', 'store', 'sale'"
2017-02-24,"'penney', 'close', 'least'"
2017-02-24,"'penney', 'sale', 'bln', 'v'"
2017-02-24,"'break', 'pompoms', 'asset', 'leaving', 'stock'"
2017-02-24,"'penney', 'expects', 'generate', 'mln', 'annual', 'cost'"
2017-02-24,"'penney', 'adj', 'eps', 'cent', 'factset', 'consensus'"
2017-02-24,"'penney', 'share', 'rise', 'profit', 'beat', 'estimate', 'store', 'closure'"
2017-02-24,"'penney', 'holiday', 'quarter', 'sale', 'drop', 'shut'"
2017-02-24,"'brief', 'penney', 'say', 'close', 'store', 'next'"
2017-02-24,"'penney', 'eps', 'consensus', 'cent', 'store', 'sale'"
2017-02-24,"'penney', 'close', 'store', 'next'"
2017-02-24,"'brief', 'penney', 'report', 'adjusted', 'earnings'"
2017-02-24,"'penney', 'see', 'adj', 'eps', 'cent'"
2017-02-24,"'penney', 'see', 'store', 'sale'"
2017-02-24,"'update', 'penney', 'holiday', 'quarter', 'sale', 'drop', 'shut'"
2017-02-24,"'penney', 'offering', 'voluntary', 'early', 'retirement', 'eligible'"
2017-02-25,'charting'
2017-02-26,"'mall', 'reit', 'rocked', 'news', 'penney', 'store'"
2017-02-27,"'seven', 'reit', 'strong'"
2017-02-27,"'dow', 'post', 'th', 'straight', 'record', 'see', 'fifth', 'straight', 'weekly'"
2017-02-27,"'jc', 'penney', 'cut', 'stock'"
2017-02-27,"'penney', 'downgraded', 'neutral', 'buy'"
2017-02-27,"'penney', 'stock', 'price', 'target', 'cut'"
2017-02-27,"'penney', 'stock', 'price', 'target', 'cut'"
2017-02-28,"'penney', 'store', 'closure', 'good', 'move', 'could', 'signal', 'bigger'"
2017-03-02,"'target', 'adding', 'store', 'analyst', 'say', 'cutting', 'location'"
2017-03-02,"'brief', 'debora', 'plunkett', 'join', 'penney', 'board'"
2017-03-06,"'big', 'chipotle', 'investor', 'people'"
2017-03-07,"'retailer', 'hhgregg', 'file', 'bankruptcy'"
2017-03-09,"'sears', 'highly', 'distressed'"
2017-03-10,"'sears', 'simply', 'terrible'"
2017-03-10,"'mall', 'job', 'gone', 'retail', 'employment', 'weak'"
2017-03-10,"'brief', 'penney', 'company', 'ceo', 'total', 'compensation', 'mln', 'v', 'mln'"
2017-03-11,"'urban', 'outfitter', 'problem', 'many', 'store', 'woman', 'want', 'clothes'"
2017-03-13,"'mall', 'related', 'debt', 'next', 'big', 'short'"
2017-03-13,"'penney', 'earns', 'credit', 'upgrade', 'stock', 'fall'"
2017-03-13,"'stock', 'market', 'hold', 'ground', 'fed', 'rate', 'decision'"
2017-03-13,"'penney', 'launching', 'home', 'service', 'capitalize', 'housing', 'market', 'lower', 'apparel'"
2017-03-14,"'firm', 'bet', 'shopping'"
2017-03-15,"'dsw', 'share', 'jump', 'profit', 'beat', 'analyst', 'worried', 'sale'"
2017-03-16,"'debt', 'loaded', 'money', 'losing', 'neiman', 'marcus', 'find'"
2017-03-17,"'brief', 'penny', 'say', 'position', 'nationwide', 'impacted', 'store'"
2017-03-20,"'top', 'ranked', 'hodges', 'fund', 'load', 'infrastructure', 'stock', 'trump', 'plan', 'fix', 'road'"
2017-03-24,"'overvalued', 'stock', 'market', 'withstand', 'trump', 'policy'"
2017-03-24,"'brief', 'penney', 'ceo', 'marvin', 'ellison', 'compensation', 'mln', 'v', 'mln'"
2017-03-29,"'penney', 'stock', 'could', 'beauty'"
2017-03-29,"'jc', 'penney', 'contrarian', 'investor'"
2017-04-01,"'shopping', 'mall'"
2017-04-04,"'brand', 'stock', 'tumble', 'year', 'low', 'citigroup', 'downgrade', 'store', 'glut'"
2017-04-07,"'reason', 'buy', 'wal'"
2017-04-10,"'jcpenney', 'say', 'additional', 'salon', 'location', 'rebranding', 'salon', 'instyle'"
2017-04-10,"'brief', 'penney', 'announced', 'additional', 'salon', 'location', 'rebranding', 'salon', 'instyle'"
2017-04-10,"'jc', 'penney', 'rebrand', 'another', 'salon', 'salon', 'instyle'"
2017-04-13,"'brief', 'jc', 'penney', 'postponing', 'store', 'closure', 'liquidation', 'sale'"
2017-04-17,"'retail', 'sector', 'shedding', 'job', 'like'"
2017-04-22,"'lampert', 'seritage', 'play', 'could', 'lead', 'big'"
2017-04-22,"'infosys', 'tc', 'face', 'work', 'visa'"
2017-04-24,"'penney', 'hire', 'worker', 'part', 'sephora', 'beauty'"
2017-04-28,"'retail', 'bankruptcy', 'took', 'toll', 'armour', 'latest'"
2017-04-29,"'property', 'play', 'aging', 'bull'"
2017-05-01,"'amazon', 'apparel', 'zip', 'past', 'target', 'dept'"
2017-05-05,"'brief', 'penney', 'co', 'announces', 'settlement', 'class', 'action'"
2017-05-06,"'amazoning', 'american'"
2017-05-08,"'brief', 'penney', 'commences', 'tender', 'offer', 'senior'"
2017-05-09,"'discounter', 'seen', 'leading', 'retail'"
2017-05-11,"'u', 'stock', 'wall', 'street', 'slide', 'investor', 'fret'"
2017-05-11,"'u', 'stock', 'wall', 'street', 'drop', 'investor', 'worry'"
2017-05-11,"'penney', 'stock', 'slump', 'premarket'"
2017-05-11,"'retail', 'stock', 'rocked', 'macy', 'cast', 'pall'"
2017-05-11,"'macy', 'say', 'dead', 'earnings'"
2017-05-11,"'penney', 'option', 'trader', 'prep', 'unusually', 'wild', 'ride', 'earnings'"
2017-05-11,"'macy', 'bad', 'real', 'bad'"
2017-05-11,"'department', 'store', 'stock', 'sink', 'wake', 'macy', 'disappointing'"
2017-05-12,"'penney', 'affirms', 'adj', 'eps', 'outlook', 'cent'"
2017-05-12,"'penney', 'affirms', 'store', 'sale', 'guidance'"
2017-05-12,"'david', 'tepper', 'appaloosa', 'sold', 'penney', 'stock', 'added', 'new', 'snap', 'symantec'"
2017-05-12,"'biggest', 'loser', 'nordstrom', 'tumble'"
2017-05-12,"'dow', 'post', 'first', 'weekly', 'loss', 'nearly'"
2017-05-12,"'update', 'penney', 'record', 'low', 'wrap', 'dismal', 'quarter', 'department'"
2017-05-12,"'penney', 'per', 'share', 'loss', 'cent', 'v', 'loss', 'cent', 'year'"
2017-05-12,"'nordstrom', 'silver', 'lining'"
2017-05-12,"'department', 'store', 'return', 'recession', 'like', 'day'"
2017-05-12,"'morning', 'mover', 'jc', 'penney', 'slump', 'general', 'electric', 'drop', 'tiffany'"
2017-05-12,"'penney', 'stock', 'extends', 'slide', 'plunge', 'premarket', 'toward', 'lowest', 'level', 'since', 'february'"
2017-05-12,"'penney', 'stock', 'surge', 'premarket'"
2017-05-12,"'penney', 'expected', 'bad', 'store', 'sale'"
2017-05-12,"'retail', 'stock', 'take', 'another', 'beating', 'penney', 'fall', 'record'"
2017-05-12,"'penney', 'store', 'sale', 'factset', 'consensus'"
2017-05-12,"'penney', 'record', 'low', 'wrap', 'dismal', 'quarter', 'department'"
2017-05-12,"'penney', 'factset', 'per', 'share', 'consensus', 'loss'"
2017-05-12,"'u', 'stock', 'wall', 'st', 'fall', 'loss', 'bank', 'stock'"
2017-05-12,"'penney', 'share', 'slide', 'sale'"
2017-05-12,"'penney', 'loss', 'double', 'weak', 'sale', 'higher'"
2017-05-12,"'brief', 'penney', 'ceo', 'great', 'optimism', 'able', 'swing', 'overall', 'apparel', 'positive'"
2017-05-12,"'penney', 'adjusted', 'profit', 'really', 'profit'"
2017-05-12,"'u', 'stock', 'wall', 'st', 'slip', 'bank', 'industrial', 'stock'"
2017-05-12,"'penney', 'adj', 'eps', 'cent', 'v', 'per', 'share', 'loss'"
2017-05-12,"'penney', 'revenue', 'bln', 'v', 'bln', 'factset', 'consensus'"
2017-05-12,"'u', 'stock', 'wall', 'st', 'fall', 'department', 'store', 'keep', 'getting'"
2017-05-12,"'brief', 'penney', 'report', 'loss', 'per', 'share'"
2017-05-12,"'stock', 'could', 'rally', 'trump', 'head'"
2017-05-13,"'dow', 'dip', 'stock', 'shrug'"
2017-05-13,'charting'
2017-05-15,"'penney', 'stock', 'price', 'target', 'cut'"
2017-05-15,"'penney', 'downgraded', 'neutral', 'outperform', 'rw'"
2017-05-15,"'penney', 'stock', 'price', 'target', 'cut', 'rw'"
2017-05-15,"'commerce', 'threat', 'retail', 'financial', 'stock', 'investor'"
2017-05-15,"'morning', 'mover', 'tesla', 'tank', 'starbucks', 'gain', 'centurylink'"
2017-05-15,"'penney', 'stock', 'fall', 'premarket'"
2017-05-15,"'penney', 'surprise', 'profit', 'beat', 'may', 'profit'"
2017-05-15,"'penney', 'stock', 'drop', 'analyst', 'give', 'bullish'"
2017-05-15,"'jc', 'penney', 'twice', 'three', 'time', 'downgrade'"
2017-05-15,"'penney', 'stock', 'price', 'target', 'cut'"
2017-05-16,"'another', 'record', 'nasdaq', 'inch'"
2017-05-16,"'update', 'home', 'depot', 'profit', 'top', 'higher', 'sale', 'big', 'ticket'"
2017-05-16,"'penney', 'today'"
2017-05-16,"'retail', 'rundown', 'three', 'winner', 'six', 'loser', 'age'"
2017-05-16,"'update', 'tjx', 'slow', 'comparable', 'sale', 'growth', 'add', 'retail'"
2017-05-17,"'every', 'time', 'happens', 'amazon', 'crush', 'another', 'legacy'"
2017-05-17,"'target', 'earnings', 'prepare', 'nothing', 'awful', 'analyst'"
2017-05-17,"'target', 'better', 'feared', 'quarter', 'bode', 'well', 'wal', 'mart'"
2017-05-18,"'jc', 'penney', 'expand', 'home', 'refresh', 'initiative', 'hotel', 'lodging'"
2017-05-18,"'jc', 'penney', 'staffing', 'outside', 'sale', 'force', 'work', 'hotel'"
2017-05-18,"'jc', 'penney', 'expand', 'mattress', 'showroom', 'adding', 'store', 'early'"
2017-05-18,"'penney', 'launch', 'service', 'hotel', 'industry', 'sell', 'appliance', 'soft', 'home'"
2017-05-18,"'jc', 'penney', 'say', 'hospitality', 'industry', 'worth', 'bln'"
2017-05-20,"'weekend', 'roundup', 'year', 'amazon', 'retailer', 'struggling', 'social', 'security', 'age', 'raised'"
2017-05-21,
2017-05-21,"'ann', 'taylor', 'parent', 'ascena', 'share', 'plummet', 'traffic', 'decline', 'prompt', 'profit'"
2017-05-21,'surprising'
2017-05-21,"'afraid', 'amazon'"
2017-05-21,"'penney', 'smart', 'push', 'hotel', 'encouraging', 'sign'"
2017-05-22,"'wal', 'mart', 'lifted', 'retail', 'rout', 'joust'"
2017-05-23,"'brief', 'jcpenney', 'appoints', 'marci', 'grebstein', 'chief', 'marketing'"
2017-05-24,"'weaker', 'shopping', 'mall', 'leave', 'mortgage', 'backed', 'security'"
2017-05-25,"'yahoo', 'removed', 'penney', 'demoted', 'smallcap'"
2017-06-05,"'sears', 'losing', 'never', 'believe', 'gain'"
2017-06-06,"'penney', 'open', 'dorm', 'shop'"
2017-06-08,"'nordstrom', 'stock', 'surge', 'fuel', 'rally', 'department', 'store'"
2017-06-08,"'crew', 'new', 'ceo', 'fix', 'debt'"
2017-06-08,"'short', 'still', 'piling', 'nordstrom', 'even', 'stock'"
2017-06-12,"'penney', 'preview', 'exclusive', 'libby', 'edelman', 'collection'"
2017-06-13,"'struggling', 'shopping', 'mall', 'let', 'high', 'school', 'doctor', 'move', 'penney', 'used'"
2017-06-16,"'consumer', 'stock', 'getting', 'killed', 'amazon', 'whole', 'food'"
2017-06-19,"'amazon', 'moat', 'got', 'wider', 'great'"
2017-06-21,"'penney', 'share', 'close', 'wednesday'"
2017-06-22,"'amazon', 'wardrobe', 'another', 'blow', 'department'"
2017-06-27,"'reit', 'play', 'yield', 'long', 'term'"
2017-06-27,"'morning', 'mover', 'jc', 'penney', 'jump', 'upgrade', 'darden', 'gain'"
2017-06-27,"'penney', 'upgraded', 'hold', 'reduce', 'gordon'"
2017-06-27,"'penney', 'upgraded', 'encouraging', 'store', 'sale'"
2017-06-27,"'penney', 'share', 'tuesday', 'premarket'"
2017-06-29,"'nike', 'earnings', 'cozying', 'consumer', 'face', 'competition', 'adidas'"
2017-07-01,"'hot', 'consumer', 'stock', 'buy', 'beyond'"
2017-07-08,"'bon', 'ton', 'store', 'sears', 'crew', 'lead', 'list', 'retailer', 'high', 'risk'"
2017-07-10,"'penney', 'cfo', 'step'"
2017-07-10,"'brief', 'penney', 'announces', 'departure', 'chief', 'financial'"
2017-07-10,"'penney', 'cfo', 'edward', 'record', 'step'"
2017-07-11,"'buzz', 'key', 'stock', 'market', 'sector', 'fizzling', 'earnings'"
2017-07-11,"'penney', 'climb', 'following', 'sale', 'update', 'cfo'"
2017-07-11,"'morning', 'mover', 'rent', 'center', 'rise', 'penney', 'pepsico'"
2017-07-11,"'amazon', 'prime', 'day', 'yet', 'another', 'thing', 'commerce'"
2017-07-11,"'money', 'saving', 'tip', 'amazon', 'prime', 'day', 'even'"
2017-07-13,"'jc', 'penney', 'share'"
2017-07-13,"'penney', 'opening', 'toy', 'shop'"
2017-07-13,"'dow', 'log', 'th', 'record', 'bank', 'rise', 'ahead'"
2017-07-13,"'brief', 'penney', 'dopen', 'toy', 'shop', 'brick', 'mortar'"
2017-07-13,"'jc', 'penney', 'say', 'toy', 'include', 'barbie', 'hatchimals', 'nerf', 'star'"
2017-07-13,"'jc', 'penney', 'open', 'toy', 'shop', 'existing'"
2017-07-14,"'nudge', 'record', 'high', 'slow', 'motion', 'breakout', 'attempt'"
2017-07-17,"'apparel', 'retailer', 'share', 'rise', 'analyst', 'comment', 'improved'"
2017-07-18,"'say', 'time', 'tread', 'carefully', 'netflix'"
2017-07-19,"'penney', 'right', 'try', 'new', 'thing', 'need', 'compete', 'amazon', 'analyst'"
2017-07-20,"'home', 'depot', 'best', 'buy', 'stock', 'suffer', 'amazon'"
2017-07-24,"'penney', 'name', 'former', 'darden', 'cfo', 'finance'"
2017-07-24,"'penney', 'accepting', 'apple', 'pay'"
2017-07-24,"'brief', 'penney', 'roll', 'apple', 'pay', 'store'"
2017-08-01,"'penney', 'partner', 'project', 'runway', 'exclusive', 'merchandise', 'tv'"
2017-08-04,"'retailer', 'stop'"
2017-08-09,"'department', 'store', 'still', 'plenty', 'worry', 'ecommerce'"
2017-08-10,"'death', 'retail', 'may', 'one', 'best', 'thing', 'happen', 'fitness'"
2017-08-10,"'macy', 'earnings', 'cosmetic', 'promotion', 'could', 'hurt'"
2017-08-10,"'retailer', 'share', 'sink', 'macy', 'earnings'"
2017-08-10,"'trader', 'think', 'retailer', 'go', 'way'"
2017-08-11,"'nordstrom', 'fault'"
2017-08-11,"'morning', 'mover', 'jc', 'penney', 'go', 'splat', 'snap', 'snap', 'nvidia'"
2017-08-11,"'penney', 'share', 'sink', 'loss', 'exceed'"
2017-08-11,"'penney', 'adj', 'per', 'share', 'loss', 'cent', 'factset', 'consensus', 'per', 'share', 'loss'"
2017-08-11,"'penney', 'per', 'share', 'loss', 'cent', 'v', 'loss', 'cent', 'year'"
2017-08-11,"'penney', 'store', 'sale', 'factset', 'consensus'"
2017-08-11,"'penney', 'stock', 'track', 'open', 'record'"
2017-08-11,"'penney', 'premarket', 'stock', 'volume', 'balloon', 'mln'"
2017-08-11,"'jc', 'penney', 'penny'"
2017-08-11,"'penney', 'revenue', 'bln', 'v', 'bln', 'factset', 'consensus'"
2017-08-11,"'penney', 'stock', 'plunge', 'premarket', 'track', 'biggest', 'ever', 'one', 'day'"
2017-08-11,"'penney', 'affirms', 'adj', 'eps', 'outlook', 'cent'"
2017-08-11,"'hot', 'commodity', 'riding', 'tesla', 'slipstream', 'bet'"
2017-08-11,"'jcpenney', 'stock', 'slide', 'wider', 'quarterly'"
2017-08-11,"'brief', 'penney', 'co', 'report', 'adjusted', 'loss', 'per', 'share'"
2017-08-11,"'penney', 'stock', 'premarket', 'active', 'mln', 'share'"
2017-08-11,"'stock', 'recover', 'north', 'korea', 'shock', 'post', 'weekly'"
2017-08-11,"'penney', 'result', 'affected', 'liquidation', 'inventory', 'closed'"
2017-08-11,"'penney', 'affirms', 'store', 'sale', 'outlook'"
2017-08-11,"'penney', 'stock', 'plunge', 'premarket'"
2017-08-14,"'brief', 'tiger', 'global', 'management', 'take', 'share', 'stake', 'penney'"
2017-08-14,"'jc', 'penney', 'keep', 'like', 'secret'"
2017-08-15,"'penney', 'stock', 'suffering', 'worst', 'day', 'stretch'"
2017-08-15,"'pain', 'price', 'retailer'"
2017-08-15,"'dow', 'close', 'higher', 'rd', 'session', 'row', 'broader', 'market', 'end', 'slightly'"
2017-08-15,"'two', 'amazon', 'resistant', 'retailer'"
2017-08-16,"'coach', 'sink', 'market', 'share', 'rise', 'analyst'"
2017-08-17,"'brief', 'hudson', 'bay', 'name', 'edward', 'record', 'chief', 'financial'"
2017-08-17,"'brief', 'wonya', 'lucas', 'join', 'penney', 'board'"
2017-08-19,"'fund', 'manager', 'find', 'contrarian', 'bargain', 'among', 'smidcaps'"
2017-08-22,"'penney', 'launch', 'child', 'bedding', 'decor', 'brand', 'frank'"
2017-08-22,"'brief', 'penney', 'company', 'inc', 'dlaunches', 'kid', 'brand', 'frank'"
2017-08-22,"'nike', 'foot', 'locker', 'finish', 'line', 'downgrade', 'highlight', 'struggle', 'sporting', 'good'"
2017-08-22,"'brief', 'penney', 'co', 'inc', 'director', 'javier', 'teruel', 'buy', 'share', 'co', 'common'"
2017-08-24,"'sears', 'loss', 'top', 'view', 'close', 'kmart'"
2017-08-26,"'beating', 'back'"
2017-08-28,"'beauty', 'industry', 'gear', 'ugly', 'market', 'share'"
2017-08-31,"'rack', 'million', 'frequent', 'flyer', 'mile', 'without', 'even'"
2017-09-08,"'target', 'price', 'cut', 'thousand', 'item', 'sink', 'retailer'"
2017-09-16,"'nordstrom', 'changing', 'department', 'store'"
2017-09-22,"'insider', 'love', 'retail', 'stock', 'hit', 'amazon', 'com', 'wrecking'"
2017-09-22,"'brief', 'penney', 'say', 'hire', 'associate', 'holiday'"
2017-09-25,"'retailer', 'robust', 'seasonal', 'hiring', 'plan', 'holiday', 'despite', 'store'"
2017-09-25,"'restaurant', 'survive', 'retail'"
2017-09-26,"'penney', 'sell', 'frigidaire', 'appliance', 'cookware', 'ayesha'"
2017-09-26,"'penney', 'add', 'cookware', 'ayesha', 'curry', 'appliance'"
2017-10-02,"'macy', 'jc', 'penney', 'waiting', 'change', 'weather'"
2017-10-02,"'biggest', 'loser', 'nordstrom', 'slump', 'bad', 'day', 'department', 'store'"
2017-10-02,"'macy', 'penney', 'share', 'sink', 'news', 'faltering', 'nordstrom', 'deal'"
2017-10-05,"'price', 'retailer', 'starting', 'cannibalize'"
2017-10-10,"'amazon', 'get', 'boost', 'bottom', 'line', 'say', 'morgan'"
2017-10-10,"'penney', 'partner', 'black', 'ish', 'actress', 'tracee', 'elli', 'ross', 'holiday'"
2017-10-12,"'penney', 'stock', 'tumble', 'toward', 'another', 'record'"
2017-10-16,"'nordstrom', 'staying', 'public'"
2017-10-19,"'brief', 'penney', 'launch', 'smartwatches', 'store', 'jcpenney', 'com'"
2017-10-19,"'penney', 'revamps', 'fine', 'jewelry', 'department', 'smartwatches', 'new', 'bridal'"
2017-10-27,"'macy', 'kohl', 'share', 'sink', 'penney', 'profit'"
2017-10-27,"'brief', 'penney', 'provides', 'update'"
2017-10-27,"'jc', 'penney', 'full', 'year', 'eps', 'factset', 'consensus'"
2017-10-27,"'jc', 'penney', 'see', 'store', 'sale'"
2017-10-27,"'penney', 'share', 'sink', 'profit'"
2017-10-27,"'penney', 'stock', 'plummet', 'profit', 'warning', 'track', 'open', 'record'"
2017-10-27,"'jc', 'penney', 'need', 'darn', 'hurt'"
2017-10-27,"'jc', 'penney', 'share'"
2017-10-27,"'jc', 'penney', 'say', 'liquidation', 'boosted', 'sept', 'oct', 'sale', 'create', 'negative', 'impact'"
2017-10-27,"'tech', 'nical', 'knockout', 'amazon', 'win'"
2017-10-27,"'penney', 'share', 'plummet', 'weak'"
2017-10-27,"'nasdaq', 'end', 'record', 'tech', 'rally', 'power'"
2017-10-27,"'jc', 'penney', 'say', 'conducted', 'inventory', 'liquidation', 'apparel', 'division'"
2017-10-27,"'jc', 'penney', 'see', 'adj', 'full', 'year', 'eps', 'cent'"
2017-10-27,"'penney', 'stock', 'tumble', 'toward', 'biggest', 'ever', 'one', 'day', 'percentage'"
2017-10-27,"'penney', 'share', 'crater', 'profit'"
2017-10-27,"'jc', 'penney', 'see', 'full', 'year', 'store', 'sale'"
2017-10-27,"'morning', 'mover', 'jc', 'penney', 'mattel', 'plunge', 'tech', 'shine', 'exxon'"
2017-10-27,"'penny', 'count', 'jc', 'penney', 'crater', 'take', 'department', 'store'"
2017-10-29,"'sell', 'tesla', 'scary', 'stock'"
2017-10-30,"'penney', 'partner', 'lego', 'new', 'toy'"
2017-10-30,"'brief', 'jcpenney', 'build', 'toy', 'shop', 'lego', 'xae'"
2017-10-30,"'citi', 'analyst', 'flag', 'real', 'risk', 'macy', 'dividend', 'cut', 'share'"
2017-10-30,"'macy', 'stock', 'plunge', 'toward', 'year', 'low', 'citigroup'"
2017-10-30,"'penney', 'downgraded', 'sell', 'neutral', 'citigroup'"
2017-10-30,"'penney', 'downgraded', 'neutral', 'positive', 'susquehanna'"
2017-10-30,"'penney', 'share', 'plummet', 'profit', 'warning', 'drag', 'rival', 'lower'"
2017-10-30,"'penney', 'stock', 'price', 'target', 'cut'"
2017-10-30,"'jcpenney', 'pinched', 'punched', 'downgraded', 'retail'"
2017-10-30,"'penney', 'downgraded', 'profit'"
2017-11-06,"'brief', 'penney', 'say', 'dstores', 'continue', 'remain', 'open', 'co', 'black', 'friday'"
2017-11-09,"'macy', 'earnings', 'analyst', 'say', 'company', 'making', 'much', 'money'"
2017-11-09,"'macy', 'kohl', 'le', 'bad'"
2017-11-10,"'kohl', 'macy', 'lost', 'million', 'hurricane', 'closure', 'problem', 'run'"
2017-11-10,"'dow', 'week', 'rally', 'come', 'end', 'tax', 'delay', 'concern'"
2017-11-10,"'department', 'store', 'little', 'good', 'news', 'go', 'long', 'way', 'long'"
2017-11-10,"'jc', 'penney', 'loss', 'per', 'share', 'cent', 'v', 'loss'"
2017-11-10,"'jc', 'penney', 'sale', 'bln', 'factset', 'consensus'"
2017-11-10,"'jc', 'penney', 'share', 'surge'"
2017-11-10,"'update', 'penney', 'share', 'jump', 'holiday', 'outlook', 'surprise', 'sale'"
2017-11-10,"'penney', 'share', 'soar', 'revenue', 'store', 'sale'"
2017-11-10,"'jc', 'penney', 'adj', 'loss', 'per', 'share', 'cent', 'factset', 'consensus', 'loss'"
2017-11-10,"'penney', 'lowered', 'goal', 'beat'"
2017-11-10,"'jc', 'penney', 'stock', 'jump', 'open', 'putting', 'track', 'biggest', 'weekly', 'gain'"
2017-11-10,"'jc', 'penney', 'see', 'fy', 'adj', 'eps', 'cent'"
2017-11-10,"'jc', 'penney', 'see', 'fy', 'store', 'sale'"
2017-11-10,"'jc', 'penney', 'store', 'sale', 'factset', 'consensus'"
2017-11-10,"'disney', 'escape', 'post', 'earnings', 'drop', 'using', 'force'"
2017-11-10,"'penney', 'share', 'jump', 'holiday', 'outlook', 'surprise', 'sale'"
2017-11-10,"'morning', 'mover', 'junk', 'junked', 'dividend', 'danger', 'winner', 'inherit'"
2017-11-11,"'bond', 'know'"
2017-11-11,"'reason', 'retailer', 'happy'"
2017-11-11,"'week', 'market', 'disappointed'"
2017-11-11,"'includes', 'penney', 'valeant', 'pharmaceutical'"
2017-11-13,"'penney', 'turnaround', 'touched', 'every', 'corner', 'struggling', 'department'"
2017-11-18,"'holiday', 'outlook', 'brightens', 'retail'"
2017-11-24,"'penney', 'stock', 'rally', 'premarket'"
2017-11-24,"'u', 'stock', 'wall', 'st', 'rise', 'retailer', 'commodity'"
2017-11-24,"'thing', 'buy', 'black'"
2017-11-24,"'morning', 'mover', 'digging', 'haystack', 'teva'"
2017-11-25,"'update', 'shopper', 'browse', 'store', 'buy', 'online', 'black', 'friday', 'deal'"
2017-11-27,"'retailer', 'shorter', 'line', 'black'"
2017-11-30,"'shop', 'anywhere', 'would', 'buy', 'retail'"
2017-11-30,"'brace', 'tech', 'pain', 'cheer', 'stock', 'market', 'sad'"
2017-12-05,"'ti', 'season', 'hire', 'older'"
2017-12-08,"'reason', 'investor', 'believe', 'wal', 'mart', 'comeback'"
2017-12-11,"'penney', 'partner', 'menswear', 'retailer', 'bombfell', 'online', 'big', 'tall', 'styling'"
2017-12-11,"'penney', 'share', 'nearly', 'monday', 'premarket'"
2017-12-13,"'stitch', 'fix', 'pose', 'yet', 'another', 'challenge', 'brick', 'mortar', 'retail'"
2017-12-13,"'penney', 'share', 'wednesday'"
2017-12-19,"'depression', 'hope', 'retail', 'keep'"
2017-12-20,"'stock', 'defy'"
2017-12-24,"'thing', 'buy'"
2017-12-26,"'retail', 'stock', 'rally', 'report', 'biggest', 'holiday', 'spending', 'jump', 'six'"
2017-12-28,"'prime', 'help', 'amazon', 'capture', 'nearly', 'half', 'holiday', 'commerce'"
2017-12-30,"'holiday', 'rally', 'solved', 'retail'"
