2016-01-02,"'barron', 'top', 'income', 'investment'"
2016-01-06,"'macy', 'progess'"
2016-01-06,"'macy', 'cut', 'cost', 'thousand'"
2016-01-06,"'macy', 'share', 'swing', 'gain', 'hour', 'heavy'"
2016-01-06,"'macy', 'cut', 'cost', 'thousand'"
2016-01-06,"'macy', 'share', 'swing', 'gain'"
2016-01-06,"'macy', 'report', 'holiday', 'season', 'store', 'sale', 'decline', 'cut'"
2016-01-06,"'macy', 'unveils', 'cost', 'cut', 'charge', 'disappointing'"
2016-01-06,"'macy', 'say', 'charge', 'included'"
2016-01-06,"'macy', 'share', 'hour'"
2016-01-06,"'macy', 'forecast', 'store', 'sale', 'decline', 'v', 'previous', 'forecast'"
2016-01-06,"'macy', 'still', 'seeking', 'real', 'estate', 'transaction', 'hired', 'eastdil', 'secured'"
2016-01-06,"'macy', 'book', 'mln', 'charge', 'mln'"
2016-01-06,"'macy', 'close', 'store', 'early'"
2016-01-06,"'macy', 'say', 'store', 'sale', 'november'"
2016-01-06,"'macy', 'cut', 'sg', 'cost'"
2016-01-06,"'macy', 'shut', 'store', 'cut'"
2016-01-06,"'macy', 'lower', 'earnings', 'forecast', 'cut'"
2016-01-06,"'update', 'macy', 'cut', 'job', 'shut', 'store', 'amid', 'weak', 'holiday'"
2016-01-07,"'holiday', 'sale', 'rose', 'necessarily'"
2016-01-07,"'may', 'cut', 'macy', 'nordstrom', 'credit', 'rating', 'weak'"
2016-01-07,"'macy', 'look', 'weakest', 'among', 'retail', 'holiday'"
2016-01-07,"'put', 'nordstrom', 'macy', 'creditwatch'"
2016-01-07,"'dow', 'slump', 'point', 'china'"
2016-01-07,"'jc', 'penney', 'good', 'enough'"
2016-01-07,"'macy', 'rising', 'retail', 'bounce', 'despite', 'lowered'"
2016-01-07,"'macy', 'stock', 'morning'"
2016-01-07,"'market', 'bear', 'roar', 'trillion', 'get', 'wiped'"
2016-01-07,"'jc', 'penney', 'post', 'rise', 'holiday'"
2016-01-07,"'jc', 'penney', 'post', 'rise', 'holiday'"
2016-01-07,"'barrons', 'com', 'stock', 'pick', 'behind', 'index'"
2016-01-07,"'update', 'macy', 'cut', 'job', 'shut', 'store', 'amid', 'weak', 'holiday'"
2016-01-08,"'american', 'eagle', 'holiday', 'sale', 'weaker'"
2016-01-09,"'macy', 'real', 'estate', 'plan', 'welcomed', 'analyst', 'disappointing', 'holiday'"
2016-01-09,"'harrowing', 'start', 'stock', 'could', 'take'"
2016-01-10,"'starboard', 'urge', 'macy', 'cash', 'real'"
2016-01-10,"'stock', 'would', 'made', 'big', 'winner', 'brutal'"
2016-01-10,"'job', 'juggernaut', 'spilling', 'part'"
2016-01-11,"'slip', 'nasdaq', 'dip', 'stock', 'give', 'back'"
2016-01-11,"'macy', 'share', 'morning'"
2016-01-11,"'morning', 'mover', 'baxalta', 'affymetrix', 'soar', 'takeover', 'kohl'"
2016-01-11,"'activist', 'starboard', 'aim', 'macy', 'wsj'"
2016-01-11,"'macy', 'share'"
2016-01-11,"'fund', 'roundup', 'social', 'medium', 'firm', 'poised', 'shake', 'financial', 'service', 'theme', 'watch', 'asset'"
2016-01-11,"'spooky', 'headwind', 'expected', 'show', 'earnings'"
2016-01-11,"'macy', 'nearly', 'bargain'"
2016-01-11,"'starboard', 'urge', 'macy', 'strike', 'real', 'estate'"
2016-01-15,"'wal', 'mart', 'closure', 'rare', 'retreat'"
2016-01-15,"'holiday', 'retail', 'sale', 'rose', 'weather'"
2016-01-15,'charting'
2016-01-16,"'barron', 'roundtable', 'part', 'world'"
2016-01-18,"'best', 'performing', 'stock'"
2016-01-19,"'penney', 'plan', 'jump', 'back', 'appliance'"
2016-01-19,"'david', 'einhorn', 'greenlight', 'capital', 'take', 'stake', 'macy'"
2016-01-19,"'yahoo', 'worth', 'dead'"
2016-01-19,"'david', 'einhorn', 'stock', 'bet', 'bad', 'even', 'kid', 'offered'"
2016-01-19,"'macy', 'takeout', 'target', 'greenlight', 'capital', 'say'"
2016-01-19,"'tiffany', 'cut', 'guidance', 'staff', 'weak'"
2016-01-19,"'einhorn', 'terrible', 'take', 'new', 'stake', 'macy'"
2016-01-20,"'bloomingdale', 'open', 'first', 'store', 'kuwait'"
2016-01-23,"'barron', 'roundtable', 'part', 'savvy', 'investment'"
2016-01-25,"'goldman', 'stock', 'buy', 'fear'"
2016-01-28,"'expect', 'amazon'"
2016-01-28,"'devry', 'brag', 'graduate', 'become', 'waiter', 'cheesecake', 'factory', 'fed'"
2016-01-28,"'dollar', 'based', 'stock', 'etf', 'buck', 'choppy'"
2016-01-29,"'macy', 'revise', 'earnings', 'guidance', 'brooklyn', 'real', 'estate', 'transaction'"
2016-01-29,"'macy', 'cut', 'profit', 'view', 'timing', 'gain'"
2016-01-29,"'macy', 'revise', 'full', 'year', 'earnings', 'guidance', 'completion', 'brooklyn', 'real', 'estate'"
2016-01-31,"'best', 'worst', 'stock', 'far'"
2016-02-01,"'macy', 'name', 'new', 'merchandising'"
2016-02-04,"'kohl', 'stock', 'killed', 'sale', 'disappoint', 'margin'"
2016-02-05,"'jcpenney', 'go'"
2016-02-05,"'four', 'reason', 'january', 'job', 'report'"
2016-02-07,"'thing', 'cost'"
2016-02-16,"'david', 'einhorn', 'greenlight', 'cut', 'stake', 'apple', 'micron', 'add', 'stake', 'macy'"
2016-02-17,"'nordstrom', 'earnings', 'look', 'cheesecake'"
2016-02-17,"'scared', 'risk', 'time', 'bail'"
2016-02-18,"'nordstrom', 'plunge', 'eps'"
2016-02-19,"'trump', 'whose', 'tweet', 'come', 'via', 'iphone', 'call', 'boycott'"
2016-02-19,"'nordstrom', 'unhappy'"
2016-02-20,"'home', 'depot', 'target', 'wrap', 'dismal', 'earnings'"
2016-02-20,"'benjamin', 'trial', 'fate'"
2016-02-20,"'benjamin', 'trial', 'fate'"
2016-02-22,"'impressive', 'turnaround', 'progressing', 'jcpenney', 'buy', 'yet'"
2016-02-23,"'dow', 'post', 'worst', 'loss', 'week', 'oil', 'price'"
2016-02-23,"'morning', 'mover', 'stock', 'fall', 'macy', 'home', 'depot', 'climb'"
2016-02-23,"'macy', 'beat', 'hint', 'real', 'estate'"
2016-02-23,"'macy', 'beat', 'hint', 'real', 'estate'"
2016-02-23,"'macy', 'share', 'jump', 'earnings'"
2016-02-23,"'macy', 'see', 'earnings', 'per', 'share', 'factset', 'consensus'"
2016-02-23,"'macy', 'see', 'fiscal', 'store', 'sale', 'decline', 'owned', 'plus', 'licensed'"
2016-02-23,"'macy', 'revenue', 'v', 'last', 'year', 'factset', 'consensus'"
2016-02-23,"'macy', 'eps', 'v', 'last'"
2016-02-23,"'macy', 'adj', 'eps', 'factset', 'consensus'"
2016-02-23,"'macy', 'share', 'premarket'"
2016-02-23,"'home', 'depot', 'buy', 'result', 'trounce'"
2016-02-23,"'macy', 'bet', 'price', 'store', 'within', 'store', 'drive'"
2016-02-23,"'macy', 'comparable', 'sale', 'fall', 'le'"
2016-02-23,"'update', 'macy', 'talk', 'real', 'estate', 'deal', 'sale', 'fall', 'le'"
2016-02-24,"'morning', 'mover', 'lowe', 'drop', 'earnings', 'chesapeake', 'energy'"
2016-02-24,"'correction', 'target'"
2016-02-24,"'target', 'swing', 'profit'"
2016-02-24,"'macy', 'downgraded', 'hold', 'stifel', 'rising'"
2016-02-24,"'macy', 'downgraded', 'hold', 'buy'"
2016-02-24,"'investor', 'pounce', 'stock', 'oil', 'ripped'"
2016-02-24,"'bank', 'send', 'bear', 'signal', 'retail', 'stock'"
2016-02-25,"'may', 'bear', 'market', 'yet', 'nowhere', 'shelter'"
2016-02-25,"'kohl', 'profit', 'dip', 'test', 'small', 'store'"
2016-02-26,"'jc', 'penney', 'best', 'performing', 'department', 'store', 'right'"
2016-02-26,"'macy', 'add', 'billion', 'share', 'buyback', 'program', 'boosting', 'quarterly', 'dividend'"
2016-02-26,"'macy', 'increase', 'july', 'dividend'"
2016-02-26,"'macy', 'announces', 'billion', 'increase', 'share', 'repurchase'"
2016-02-29,"'jc', 'penney', 'best', 'department', 'store', 'saying'"
2016-03-01,"'dollar', 'tree', 'sale', 'fall', 'short', 'give', 'gloomy'"
2016-03-02,"'target', 'partner', 'finnish', 'design', 'house', 'marimekko', 'next', 'capsule', 'collection'"
2016-03-02,"'ross', 'store', 'rare', 'winner', 'amid', 'retail'"
2016-03-03,"'amazon', 'prime', 'rack'"
2016-03-04,"'gap', 'bloom', 'come', 'spring'"
2016-03-07,"'amazon', 'open', 'second', 'brick', 'mortar', 'bookstore', 'san'"
2016-03-10,"'ulta', 'salon', 'top', 'expectation', 'boost'"
2016-03-12,"'michael', 'kor', 'share', 'could', 'rally'"
2016-03-13,"'donald', 'trump', 'stock', 'portfolio', 'winner'"
2016-03-17,"'downgrade', 'macy', 'go', 'negative', 'neiman'"
2016-03-18,"'six', 'store', 'almost', 'guaranteed', 'find', 'america', 'valuable', 'shopping'"
2016-03-19,"'dividend', 'shine', 'big', 'retailer', 'like', 'macy'"
2016-03-19,'barron'
2016-03-22,"'macy', 'name', 'reit', 'expert', 'board', 'amid', 'pressure', 'spin', 'real'"
2016-03-22,"'macy', 'name', 'reit', 'expert', 'board', 'amid', 'pressure', 'spin', 'real'"
2016-03-25,"'finish', 'line', 'supply', 'chain', 'problem', 'linger', 'like', 'unwanted', 'house', 'guest', 'citi'"
2016-04-01,"'kohl', 'canary', 'coal', 'mine'"
2016-04-04,"'macy', 'hire', 'real', 'estate', 'executive', 'amid', 'activist', 'pressure', 'reit', 'spin'"
2016-04-04,"'macy', 'add', 'real', 'estate', 'executive', 'amid', 'pressure', 'drive', 'greater', 'value'"
2016-04-07,"'bed', 'bath', 'beyond', 'buy', 'initiating'"
2016-04-12,"'macy', 'chief', 'marketing', 'officer', 'depart'"
2016-04-15,"'fitch', 'downgrade', 'macy', 'rating', 'bbb', 'palcing', 'two', 'notch'"
2016-04-15,"'fitch', 'downgrade', 'macy', 'rating', 'bbb', 'two', 'notch'"
2016-04-18,"'big', 'move', 'way', 'come', 'price', 'crude'"
2016-04-23,"'protect', 'portfolio'"
2016-04-24,"'department', 'store', 'close', 'study'"
2016-04-25,"'retail', 'layoff', 'could', 'highest', 'since'"
2016-04-26,"'coach', 'cut', 'workforce', 'part', 'efficiency'"
2016-04-28,"'retail', 'industry'"
2016-04-28,"'activist', 'investor', 'boardroom', 'cause'"
2016-04-30,"'looking', 'income', 'dividend', 'stock', 'provide'"
2016-04-30,"'penney', 'could'"
2016-05-02,"'burberry', 'exclusive', 'enough'"
2016-05-02,"'burberry', 'exclusive', 'enough'"
2016-05-02,"'penney', 'stock', 'rising', 'could'"
2016-05-04,"'macy', 'started', 'sector', 'perform', 'stock', 'price', 'target', 'rbc'"
2016-05-07,"'teen', 'retailer', 'caught', 'perfect', 'bankruptcy', 'storm'"
2016-05-07,"'starbucks', 'debased'"
2016-05-11,"'stock', 'sell', 'erase', 'tuesday'"
2016-05-11,"'amazon', 'displace', 'macy', 'number', 'one', 'apparel', 'say'"
2016-05-11,"'dow', 'drop', 'confidence'"
2016-05-11,"'retail', 'woe', 'worsen', 'gap', 'get', 'junk', 'rating', 'macy', 'sale'"
2016-05-11,"'find', 'retail'"
2016-05-11,"'corporate', 'earnings', 'v', 'oil', 'dow', 'drop'"
2016-05-11,"'retail', 'stock', 'hammered', 'disappointing', 'result', 'failed'"
2016-05-11,"'macy', 'spell', 'bad', 'news'"
2016-05-11,"'macy', 'slash', 'outlook', 'sale'"
2016-05-11,"'morning', 'mover', 'macy', 'tumble', 'guidance', 'newmont', 'mining', 'gain', 'goldman'"
2016-05-11,"'stock', 'run'"
2016-05-11,"'macy', 'share', 'tumble', 'company', 'lower'"
2016-05-11,"'macy', 'share', 'tumble', 'company', 'lower'"
2016-05-11,"'macy', 'share', 'fall', 'premarket', 'sale', 'miss', 'expectation', 'outlook'"
2016-05-11,"'macy', 'stock', 'set', 'open', 'lowest', 'price', 'seen', 'since', 'dec'"
2016-05-11,"'macy', 'see', 'continued', 'weakness', 'consumer', 'spending', 'apparel', 'related'"
2016-05-11,"'macy', 'said', 'sale', 'trend', 'meaningfully', 'slowed', 'mid'"
2016-05-11,"'macy', 'raise', 'quarterly', 'dividend', 'cent', 'share', 'cent'"
2016-05-11,"'macy', 'cut', 'full', 'year', 'store', 'sale', 'outlook', 'decline', 'decline'"
2016-05-11,"'macy', 'store', 'sale', 'factset', 'consensus'"
2016-05-11,"'macy', 'share', 'premarket'"
2016-05-11,"'macy', 'cut', 'full', 'year', 'eps', 'outlook'"
2016-05-11,"'macy', 'adj', 'eps', 'cent', 'factset', 'consensus'"
2016-05-11,"'macy', 'revenue', 'bln', 'v', 'bln', 'factset', 'consensus'"
2016-05-11,"'macy', 'eps', 'cent', 'v', 'cent', 'year'"
2016-05-11,"'watch', 'macy'"
2016-05-12,"'dillard', 'done', 'earnings', 'miss', 'share', 'drop'"
2016-05-12,"'nordstrom', 'cut', 'outlook', 'disappointing'"
2016-05-12,"'nordstrom', 'cut', 'outlook', 'disappointing'"
2016-05-12,"'dillard', 'profit', 'drop', 'weak'"
2016-05-12,"'nordstrom', 'crushed', 'earnings', 'miss', 'lowered', 'guidance', 'share', 'plunge'"
2016-05-12,"'stock', 'bounce'"
2016-05-12,"'ralph', 'lauren', 'eye', 'fixed', 'june'"
2016-05-12,"'kohl', 'full', 'year', 'guidance', 'achievable'"
2016-05-12,"'dow', 'back', 'early', 'rally'"
2016-05-12,"'fall', 'kate', 'spade', 'share', 'might', 'mean', 'buying'"
2016-05-12,"'nasdaq', 'stall', 'breakdown', 'point', 'traverse'"
2016-05-12,"'nasdaq', 'stall', 'breakdown', 'point', 'traverse'"
2016-05-12,"'amazon', 'becoming', 'fashionable', 'say', 'morgan', 'stanley', 'apparel', 'share'"
2016-05-12,"'even', 'industry', 'assault', 'retail', 'sale', 'still', 'useful'"
2016-05-12,"'macy', 'stock', 'price', 'target', 'cut', 'buckingham'"
2016-05-12,"'macy', 'stock', 'price', 'target', 'cut'"
2016-05-12,"'kohl', 'post', 'surprise', 'revenue'"
2016-05-12,"'macy', 'stock', 'price', 'target', 'cut', 'rbc'"
2016-05-12,"'kohl', 'profit', 'tumble', 'surprise', 'revenue'"
2016-05-12,"'macy', 'first', 'quarter', 'sale', 'slump', 'tourism'"
2016-05-12,"'retail', 'rout', 'may', 'indicate', 'larger', 'economic'"
2016-05-13,"'dow', 'log', 'rd', 'week', 'loss', 'oil'"
2016-05-13,"'retailer', 'amazon', 'proof', 'store'"
2016-05-13,"'dow', 'drop', 'point', 'wild', 'week', 'come'"
2016-05-13,"'retail', 'sale', 'leap', 'biggest', 'gain'"
2016-05-13,"'another', 'retailer', 'bite', 'dust', 'jc', 'penney', 'hit', 'sale'"
2016-05-13,"'sell', 'almighty', 'dollar', 'even', 'retail', 'sale'"
2016-05-13,"'penney', 'sale', 'surprisingly'"
2016-05-13,"'retail', 'sale', 'climb', 'april'"
2016-05-13,"'morning', 'mover', 'jc', 'penney', 'nordstrom', 'plunge', 'guidance', 'cut', 'shake', 'shack'"
2016-05-14,"'amazon', 'overtake', 'macy', 'biggest', 'seller', 'clothing'"
2016-05-14,"'trump', 'clinton', 'reality', 'bite'"
2016-05-14,'charting'
2016-05-14,"'nordstrom', 'burlington', 'store', 'look', 'like'"
2016-05-16,"'yes', 'consumer', 'shopping', 'macy', 'sears', 'etc'"
2016-05-16,"'stock', 'market'"
2016-05-17,"'home', 'depot', 'tjx', 'co', 'raise'"
2016-05-17,"'tjx', 'co', 'retail', 'slump'"
2016-05-17,"'penney', 'upgraded', 'turnaround', 'strategy', 'steer', 'away'"
2016-05-17,"'home', 'depot', 'top', 'view', 'raise'"
2016-05-18,"'sale', 'home', 'depot', 'lowe', 'company'"
2016-05-18,"'target', 'offer', 'weak', 'outlook', 'sale'"
2016-05-18,"'target', 'sale', 'decline', 'profit', 'edge'"
2016-05-18,"'tjx', 'co', 'want', 'open', 'thousand'"
2016-05-18,"'amazon', 'retailer', 'clicking', 'sinking'"
2016-05-19,"'dick', 'sporting', 'good', 'profit', 'fall'"
2016-05-19,"'wal', 'mart', 'cheer', 'investor', 'revenue'"
2016-05-19,"'wal', 'mart', 'surprise', 'revenue', 'beat', 'rosy'"
2016-05-19,"'watch', 'wal', 'mart'"
2016-05-19,"'american', 'eagle', 'fly', 'higher', 'bralette'"
2016-05-21,"'etf', 'amazon', 'primed'"
2016-05-22,"'target', 'latest', 'retailer', 'feel', 'amazon', 'effect'"
2016-05-23,"'yes', 'jc', 'penney', 'tough', 'spot', 'better', 'position', 'department'"
2016-05-23,"'retail', 'bad'"
2016-05-23,"'retailer', 'profiting', 'amazon', 'effect'"
2016-05-24,"'barington', 'capital', 'launch', 'proxy', 'fight', 'chico', 'board'"
2016-05-24,"'dsw', 'profit', 'fall', 'slash', 'outlook', 'softer'"
2016-05-26,"'dollar', 'store', 'shine', 'retail'"
2016-05-26,"'retailer', 'give', 'best', 'insight'"
2016-05-27,"'traditional', 'retailer', 'macy', 'turned', 'speculative'"
2016-05-27,"'would', 'president', 'trump', 'mean', 'amazon', 'share'"
2016-05-27,"'home', 'depot', 'share', 'shaky'"
2016-05-28,"'betting', 'retail', 'lazarus'"
2016-05-28,"'reit', 'play', 'worth'"
2016-05-30,"'possible', 'monsanto', 'sale', 'cast', 'shadow', 'st'"
2016-05-31,"'nordstrom', 'store', 'scrapping', 'michael', 'kor'"
2016-06-01,"'amazon', 'mkm', 'ups', 'target', 'lot', 'retail', 'share'"
2016-06-03,"'wal', 'mart', 'test', 'last', 'mile', 'delivery', 'service', 'uber'"
2016-06-04,"'supplants', 'apple', 'barron', 'respected'"
2016-06-07,"'amazon', 'proof', 'retail', 'stock', 'top'"
2016-06-11,"'retailer', 'williams', 'sonoma', 'amazon', 'proof'"
2016-06-11,"'midyear', 'roundtable', 'investment'"
2016-06-15,"'ibm', 'finally', 'reveals', 'bought', 'weather'"
2016-06-18,"'rising', 'wage', 'pressure', 'corporate'"
2016-06-18,"'strong', 'retail', 'sale', 'signal', 'better', 'economic'"
2016-06-21,"'dividend', 'stock', 'investor', 'need', 'new', 'approach'"
2016-06-22,"'sunpower', 'ceo', 'werner', 'grid', 'parity', 'happening', 'speak'"
2016-06-23,"'stock', 'close', 'higher', 'wall', 'street', 'bet', 'vote', 'stay'"
2016-06-23,"'macy', 'go'"
2016-06-23,"'macy', 'announces', 'ceo', 'succession'"
2016-06-23,"'macy', 'name', 'jeff', 'gennette', 'ceo', 'succeeding', 'terry'"
2016-06-23,"'macy', 'terry', 'lundgren', 'ceo', 'since'"
2016-06-23,"'macy', 'name', 'president', 'jeff', 'gennette', 'ceo', 'effective'"
2016-06-23,"'macy', 'ceo', 'terry', 'lundgren', 'step', 'effective'"
2016-06-23,"'macy', 'stock', 'sale', 'name', 'gennette', 'new'"
2016-06-24,"'macy', 'played', 'safe', 'new', 'ceo', 'selection'"
2016-06-24,"'finish', 'line', 'jump', 'earnings', 'beat'"
2016-06-24,"'finish', 'line', 'profit', 'slide'"
2016-06-25,"'invasion', 'robo', 'advisor', 'hit'"
2016-06-27,"'brexit', 'could', 'impact', 'retailer'"
2016-07-05,"'gold', 'break', 'brexit', 'hit', 'european'"
2016-07-15,"'company', 'easily', 'afford', 'give', 'pay'"
2016-07-16,"'barron', 'pick', 'pan', 'first'"
2016-07-21,"'condo', 'unit', 'trump', 'brand', 'building', 'lost', 'pricing', 'power', 'campaign'"
2016-07-28,"'coach', 'bag', 'michael', 'kor', 'pull'"
2016-08-02,"'dow', 'industrials', 'close', 'lower', 'th', 'straight'"
2016-08-03,"'kate', 'spade', 'say', 'ahead', 'retail', 'earnings'"
2016-08-03,"'investor', 'penalize', 'company', 'addicted', 'share'"
2016-08-04,"'michael', 'kor', 'fiscal', 'result', 'disappoint'"
2016-08-06,"'donald', 'trump', 'hillary', 'clinton', 'spoil', 'back', 'school', 'shopping'"
2016-08-06,"'denim', 'challenging', 'athleisure', 'trend', 'back', 'school'"
2016-08-06,"'meet', 'airbnbs', 'ubers'"
2016-08-08,"'boockvar', 'thing', 'focus'"
2016-08-10,"'stock', 'watch', 'evening', 'roundup', 'disney', 'earnings', 'u', 'steel', 'stock', 'sale', 'myriad'"
2016-08-10,"'kor', 'earnings', 'could', 'bad', 'news', 'macy'"
2016-08-10,"'michale', 'kor', 'share', 'hurt', 'soft'"
2016-08-11,"'stock', 'watch', 'midnight', 'roundup', 'macy', 'comeback', 'chesapeake', 'exit', 'market', 'triple'"
2016-08-11,"'dillard', 'quarterly', 'profit', 'fall'"
2016-08-11,"'nordstrom', 'profit', 'top', 'view', 'revenue'"
2016-08-11,"'retail', 'rally', 'real'"
2016-08-11,"'macy', 'good', 'news', 'bondholder', 'risk'"
2016-08-11,"'nordstrom', 'surge', 'eps', 'beat'"
2016-08-11,"'nasdaq', 'dow', 'log', 'record', 'day', 'st', 'time', 'since'"
2016-08-11,"'alibaba', 'close', 'trifecta', 'commerce', 'earnings'"
2016-08-11,"'dow', 'nasdaq', 'close', 'record', 'high', 'party', 'like', 'since'"
2016-08-11,"'surprise', 'kohl', 'report', 'earnings', 'increase', 'share', 'surge'"
2016-08-11,"'kohl', 'beat', 'estimate', 'lift', 'retail'"
2016-08-11,"'macy', 'right'"
2016-08-11,"'mall', 'operator', 'stock', 'take', 'beating', 'macy', 'say', 'close'"
2016-08-11,"'macy', 'shutter', 'store', 'cut'"
2016-08-11,"'way', 'weird'"
2016-08-11,"'macy', 'share', 'rise', 'put', 'track', 'best', 'daily', 'gain'"
2016-08-11,"'share', 'macy', 'soar', 'early', 'trade', 'lead'"
2016-08-11,"'macy', 'stock', 'extends', 'gain', 'rocket', 'premarket'"
2016-08-11,"'morning', 'mover', 'valeant', 'slump', 'criminal', 'investigation', 'chesapeake', 'energy'"
2016-08-11,"'macy', 'close', 'store', 'cut'"
2016-08-11,"'macy', 'share', 'spike', 'earnings', 'beat', 'estimate', 'store', 'closure'"
2016-08-11,"'macy', 'booked', 'mln', 'charge', 'upcoming', 'store'"
2016-08-11,"'macy', 'continue', 'pursue', 'opportunity', 'profit', 'real', 'estate'"
2016-08-11,"'macy', 'close', 'full', 'line', 'store', 'early'"
2016-08-11,"'macy', 'affirms', 'fiscal', 'outlook', 'store', 'sale', 'decline', 'adj', 'eps'"
2016-08-11,"'macy', 'stock', 'soar', 'premarket'"
2016-08-11,"'macy', 'factset', 'store', 'sale', 'consensus'"
2016-08-11,"'macy', 'store', 'sale', 'owned', 'plus', 'licensed', 'basis'"
2016-08-11,"'macy', 'revenue', 'bln', 'v', 'bln', 'factset', 'consensus'"
2016-08-11,"'macy', 'adj', 'eps', 'cent', 'factset', 'consensus'"
2016-08-11,"'macy', 'eps', 'cent', 'v', 'cent', 'year'"
2016-08-11,"'kohl', 'beat', 'estimate', 'lower'"
2016-08-11,"'watch', 'macy'"
2016-08-12,"'nordstrom', 'little'"
2016-08-12,"'jc', 'penney', 'getting', 'penney', 'worth'"
2016-08-12,"'penney', 'post', 'another', 'loss', 'soft'"
2016-08-12,"'morning', 'mover', 'jc', 'penney', 'jump', 'earnings', 'macy', 'slip'"
2016-08-12,"'penney', 'report', 'another', 'loss', 'soft'"
2016-08-13,"'macy', 'store', 'closure', 'lead', 'billion', 'lost', 'sale'"
2016-08-13,'charting'
2016-08-13,"'casual', 'dining', 'chain', 'try', 'new', 'tactic', 'traffic'"
2016-08-13,"'back', 'school', 'hot'"
2016-08-14,"'amazon', 'barely', 'make', 'dent', 'diy', 'store'"
2016-08-15,"'greenlight', 'capital', 'einhorn', 'exit', 'macy', 'trim', 'apple', 'bulk'"
2016-08-15,"'einhorn', 'trim', 'apple', 'holding', 'buy', 'calpine', 'rite'"
2016-08-15,"'suddenly', 'sexy', 'retailer', 'rise', 'chart'"
2016-08-16,"'dick', 'sporting', 'good', 'post', 'surprise', 'sale'"
2016-08-16,"'wrap', 'big', 'bet', 'allergan', 'buffett', 'buy', 'apple', 'soros', 'sell'"
2016-08-16,"'dick', 'sporting', 'good', 'sale', 'surprise'"
2016-08-17,"'target', 'cut', 'outlook', 'sale'"
2016-08-17,"'target', 'lower', 'outlook', 'sale'"
2016-08-18,"'ross', 'store', 'boost', 'earnings', 'outlook', 'sale'"
2016-08-18,"'gap', 'cut', 'year', 'view', 'quarterly', 'sale'"
2016-08-18,"'correction', 'wal', 'mart', 'earnings'"
2016-08-18,"'shining', 'sector', 'stuck'"
2016-08-18,"'wal', 'mart', 'raise', 'outlook', 'sale', 'beat'"
2016-08-18,"'wal', 'mart', 'raise', 'outlook', 'sale', 'beat'"
2016-08-19,"'est', 'lauder', 'offer', 'downbeat'"
2016-08-19,"'stock', 'scoring', 'rare', 'double'"
2016-08-20,"'hedge', 'fund', 'snap', 'bank', 'unload'"
2016-08-24,"'nasdaq', 'press', 'range', 'top', 'ahead'"
2016-08-24,"'men', 'millennials', 'driving', 'traffic', 'growth', 'outlet'"
2016-08-25,"'ulta', 'lift', 'guidance', 'sale', 'continue'"
2016-08-25,"'mall', 'rat', 'dying'"
2016-08-29,"'macy', 'air', 'pre', 'new', 'york', 'fashion', 'week', 'show'"
2016-08-31,"'late', 'buy', 'dividend'"
2016-09-01,"'costco', 'log', 'disappointing', 'decline'"
2016-09-03,"'big', 'brand', 'need', 'outlet'"
2016-09-14,"'macy', 'get', 'stock', 'ring'"
2016-09-14,"'dow', 'end', 'lower', 'oil', 'drop', 'nasdaq', 'buck'"
2016-09-14,"'amazon', 'brings', 'apparel', 'pain', 'macy', 'et', 'al', 'say', 'morgan'"
2016-09-14,"'macy', 'gain'"
2016-09-14,"'macy', 'plan', 'shut', 'store', 'prompt', 'upgrade'"
2016-09-14,"'macy', 'stock', 'surge', 'analyst'"
2016-09-14,"'macy', 'upgraded', 'buy', 'neutral'"
2016-09-14,"'morning', 'mover', 'ford', 'sink', 'investor', 'day', 'presentation', 'sarepta'"
2016-09-20,"'macy', 'say', 'total', 'seasonal', 'worker', 'fulfillment', 'facility', 'last'"
2016-09-20,"'macy', 'plan', 'hire', 'support', 'thanksgiving', 'day'"
2016-09-20,"'macy', 'plan', 'seasonal', 'hire', 'support', 'direct', 'consumer', 'omnichannel', 'sale', 'last'"
2016-09-20,"'macy', 'plan', 'seasonal', 'hire', 'last'"
2016-09-20,"'macy', 'first', 'national', 'holiday', 'hiring', 'day', 'take', 'place', 'sept'"
2016-09-21,"'fed', 'averted', 'big', 'stock', 'selloff'"
2016-09-22,"'millennial', 'cosmetic', 'ipo', 'offer', 'potentially', 'beautiful'"
2016-09-23,"'finish', 'line', 'sale', 'top'"
2016-09-28,"'macy', 'early', 'bet', 'recovery'"
2016-09-28,"'morning', 'mover', 'well', 'fargo', 'gain', 'clawback', 'tempur', 'sealy'"
2016-09-28,"'macy', 'downgraded', 'neutral', 'outperform', 'credit'"
2016-09-29,"'dillard', 'top', 'macy'"
2016-10-03,"'neiman', 'marcus', 'stabilizing', 'bond', 'look', 'good'"
2016-10-03,"'afraid', 'amazon', 'prime'"
2016-10-05,"'new', 'highly', 'speculative', 'name', 'enters'"
2016-10-05,"'retail', 'stock', 'buy', 'holiday', 'shopping'"
2016-10-08,"'shopper', 'know', 'sale', 'associate', 'fix'"
2016-10-08,"'dick', 'sporting', 'good'"
2016-10-13,"'decker', 'getting'"
2016-10-14,"'stock', 'close', 'higher', 'yellen', 'comment', 'bank'"
2016-10-14,"'macy', 'going', 'good', 'jpmorgan'"
2016-10-14,"'retail', 'sale', 'snap', 'back'"
2016-10-15,"'rarity', 'pvh', 'draw', 'crowd'"
2016-10-17,"'macy', 'add', 'electronics', 'including', 'apple', 'store', 'time', 'holiday'"
2016-10-17,"'amazon', 'probably', 'beat', 'one', 'well', 'rounded'"
2016-10-18,"'active', 'manager', 'favorite', 'stock', 'include', 'plenty'"
2016-10-18,"'burberry', 'revenue', 'weighed', 'u', 'hong'"
2016-10-20,"'alibaba', 'cross', 'border', 'branding', 'virtual', 'macy', 'pokemon', 'go'"
2016-10-21,"'alibaba', 'short', 'interest', 'year'"
2016-10-22,"'amazon', 'effect', 'thing', 'watch', 'holiday', 'shopping'"
2016-10-24,"'retailer', 'would', 'benefit', 'staying', 'closed', 'thanksgiving'"
2016-10-25,"'free', 'shipping', 'always'"
2016-10-26,"'today', 'top', 'stock', 'pick', 'diamond'"
2016-10-31,"'macy', 'sell', 'store', 'general', 'growth', 'property'"
2016-10-31,"'macy', 'sell', 'store', 'general', 'growth', 'property'"
2016-10-31,"'macy', 'ahead', 'peer'"
2016-10-31,"'macy', 'stock', 'price', 'target', 'raised', 'deutsche'"
2016-10-31,"'macy', 'upgraded', 'buy', 'hold', 'deutsche'"
2016-10-31,"'morning', 'mover', 'general', 'electric', 'baker', 'hughes', 'climb', 'merger', 'nike', 'slide', 'merrill'"
2016-11-05,"'toking', 'tuesday'"
2016-11-06,"'election', 'inspired', 'stock', 'market', 'volatility'"
2016-11-07,"'walt', 'disney', 'world', 'announces', 'first', 'drone', 'light'"
2016-11-07,"'customer', 'love', 'company', 'investor', 'love', 'satisfaction', 'etf'"
2016-11-08,"'amazon', 'big', 'rival', 'commerce', 'wal'"
2016-11-08,"'general', 'growth', 'mall', 'landlord', 'dive', 'deeper', 'retail'"
2016-11-10,"'trumped', 'apple', 'home', 'depot', 'nike', 'asian', 'supplier'"
2016-11-10,"'dow', 'rally', 'record', 'close', 'investor', 'reposition', 'trump'"
2016-11-10,"'macy', 'call', 'better', 'feared'"
2016-11-10,"'trump', 'loving', 'stock', 'market', 'need', 'keep', 'rally'"
2016-11-10,"'morning', 'mover', 'taser', 'international', 'soar', 'shocking', 'earnings', 'kohl', 'macy'"
2016-11-10,"'macy', 'profit', 'fall', 'sign', 'real', 'estate'"
2016-11-10,"'macy', 'report', 'earnings', 'miss', 'announces', 'real', 'estate'"
2016-11-10,"'michael', 'kor', 'earnings'"
2016-11-10,"'macy', 'said', 'brookfield', 'create', 'pre', 'development', 'plan', 'real', 'estate'"
2016-11-10,"'macy', 'store', 'sale', 'factset', 'consensus'"
2016-11-10,"'macy', 'partner', 'brookfield', 'create', 'increased', 'value', 'macy', 'real', 'estate'"
2016-11-10,"'macy', 'raise', 'full', 'year', 'store', 'sale', 'outlook', 'v', 'prior'"
2016-11-10,"'macy', 'reaffirms', 'full', 'year', 'adj', 'eps', 'guidance'"
2016-11-10,"'macy', 'bln', 'v', 'bln', 'factset', 'consensus'"
2016-11-10,"'macy', 'stock', 'gain', 'premarket'"
2016-11-10,"'macy', 'adj', 'eps', 'cent', 'factset', 'consensus'"
2016-11-10,"'macy', 'eps', 'cent', 'v'"
2016-11-10,"'macy', 'earnings', 'expect', 'another', 'decline', 'profit'"
2016-11-10,"'buy', 'skip', 'black'"
2016-11-11,"'alibaba', 'single', 'day', 'currency', 'inflate', 'record', 'sale'"
2016-11-11,"'penney', 'sale', 'fall'"
2016-11-11,"'updated', 'alibaba', 'single', 'day', 'could', 'boost', 'revenue'"
2016-11-11,"'macy', 'price', 'target', 'increased'"
2016-11-11,"'penney', 'report', 'worse', 'expected'"
2016-11-12,"'local', 'macy', 'closing', 'department', 'store', 'lay', 'real', 'estate'"
2016-11-12,'said'
2016-11-14,"'death', 'amazon', 'com', 'anymore'"
2016-11-14,"'alibaba', 'single', 'day', 'number', 'since'"
2016-11-14,"'starboard', 'value', 'add', 'stake', 'enterprise', 'boost', 'marvell', 'tech', 'advance', 'auto'"
2016-11-15,"'lululemon', 'win', 'even', 'age'"
2016-11-15,"'online', 'retailer', 'tighten', 'vice', 'grip', 'department'"
2016-11-15,"'amazon', 'proof', 'retail', 'stock', 'buy'"
2016-11-21,"'stock', 'create', 'trumped', 'portfolio'"
2016-11-23,"'bottom', 'line', 'thanksgiving'"
2016-11-23,'buy'
2016-11-23,"'online', 'retail', 'etf', 'already', 'outperformer', 'ahead', 'black'"
2016-11-24,"'snoopy', 'show', 'macy', 'thanksgiving', 'parade', 'new'"
2016-11-25,"'stock', 'hit', 'new', 'record', 'post', 'third', 'straight', 'week'"
2016-11-25,"'amazon', 'blend', 'islam', 'christianity', 'shopping', 'holiday', 'ad'"
2016-11-25,"'black', 'friday', 'cyber', 'monday', 'set', 'double', 'digit', 'sale'"
2016-11-28,"'macy', 'betting', 'fresh', 'inventory', 'bolster', 'holiday'"
2016-11-28,"'kid', 'man', 'size', 'foot', 'costing'"
2016-11-30,"'buy', 'target'"
2016-11-30,"'saving', 'expert', 'holiday'"
2016-12-01,"'cold', 'weather', 'lift', 'apparel', 'store', 'sale', 'mln', 'next', 'week'"
2016-12-02,"'guess', 'join', 'list', 'retailer', 'shrinking', 'store'"
2016-12-03,"'retail', 'rising'"
2016-12-09,"'cheap', 'stock', 'jump'"
2016-12-10,"'amazon', 'online', 'retailer', 'developing', 'store'"
2016-12-10,"'top', 'dividend', 'fund', 'newest'"
2016-12-12,"'retail', 'hiring', 'fall', 'october'"
2016-12-13,"'neiman', 'marcus', 'store', 'sale', 'fall'"
2016-12-13,"'best', 'tech', 'stock', 'still'"
2016-12-15,"'profit', 'college', 'devry', 'forgive', 'million', 'student'"
2016-12-16,"'stock', 'market', 'close', 'lower', 'china', 'seizes', 'underwater'"
2016-12-16,"'frigid', 'weather', 'could', 'boost', 'december', 'apparel', 'retail', 'sale'"
2016-12-17,"'time', 'sell', 'retail'"
2016-12-21,"'china', 'counterfeit', 'good', 'still', 'dog', 'alibaba'"
2016-12-21,"'finish', 'line', 'miss', 'view', 'cut', 'profit'"
2016-12-22,"'finish', 'line', 'downgrade', 'counting'"
2016-12-23,"'tjx', 'burlington', 'price', 'retailer', 'could', 'benefit', 'tax'"
2016-12-24,"'sell', 'three', 'winner', 'stock', 'come', 'back'"
2016-12-30,"'kate', 'spade', 'strong', 'takeover', 'candidate', 'coach', 'michael', 'kor'"
2017-01-04,"'macy', 'announces', 'plan', 'close', 'store', 'cut'"
2017-01-04,"'macy', 'share'"
2017-01-04,"'macy', 'gonna'"
2017-01-04,"'department', 'store', 'share', 'sell', 'kohl', 'macy'"
2017-01-04,"'macy', 'close', 'store', 'restructure', 'central'"
2017-01-04,"'macy', 'kohl', 'plunge', 'weak', 'holiday'"
2017-01-05,"'macy', 'kohl', 'slash', 'profit', 'forecast', 'citing', 'weak', 'holiday'"
2017-01-05,"'share', 'kohl', 'corp', 'macy', 'get', 'hammered', 'early'"
2017-01-05,"'dismal', 'holiday', 'sale', 'macy', 'kohl', 'cast', 'gloom'"
2017-01-05,"'macy', 'kohl', 'analyst', 'saying'"
2017-01-05,"'sears', 'macy', 'closing', 'worry', 'mall'"
2017-01-05,"'sears', 'craftsman', 'deal', 'deflects', 'focus', 'dismal', 'holiday'"
2017-01-05,"'place', 'macy', 'bbb', 'rating', 'creditwatch'"
2017-01-05,"'best', 'retail', 'stock', 'investor'"
2017-01-05,"'macy', 'kohl', 'weigh', 'retail', 'etf'"
2017-01-05,"'macy', 'share', 'pace', 'suffer', 'largest', 'one', 'day', 'drop'"
2017-01-05,"'macy', 'price', 'target', 'cut', 'deutsche'"
2017-01-05,"'macy', 'share', 'premarket'"
2017-01-05,"'barnes', 'noble', 'cut', 'forecast', 's', 'holiday', 'sale'"
2017-01-05,"'brand', 'lower', 'outlook', 'weak'"
2017-01-05,"'macy', 'downgraded', 'hold', 'buy', 'deutsche'"
2017-01-05,"'kohl', 'share', 'sink', 'macy', 'stock', 'tumble'"
2017-01-05,"'macy', 'share', 'thursday'"
2017-01-05,"'macy', 'kohl', 'lead', 'fire', 'sale', 'retail'"
2017-01-05,"'costco', 'happy', 'holiday'"
2017-01-05,"'department', 'store', 'rack', 'bad'"
2017-01-05,"'nasdaq', 'notch', 'new', 'closing', 'high', 'broader', 'stock', 'market'"
2017-01-05,"'rate', 'plummet', 'new', 'data', 'point', 'slowing', 'job'"
2017-01-05,"'grab', 'gold', 'fed', 'figure', 'trump', 'growing', 'chorus'"
2017-01-05,"'amid', 'raucous', 'retail', 'rout', 'stock', 'stylishly'"
2017-01-05,"'standard', 'poor', 'put', 'macy', 'rating', 'creditwatch'"
2017-01-06,"'global', 'market', 'asian', 'share', 'rise', 'u', 'interest', 'rate', 'ease', 'china', 'step', 'yuan'"
2017-01-06,"'neiman', 'marcus', 'withdraws', 'initial', 'public'"
2017-01-06,"'penney', 'post', 'weaker', 'holiday'"
2017-01-06,"'macy', 'kohl', 'still', 'struggling', 'come', 'grip', 'commerce', 'amazon'"
2017-01-06,"'gap', 'holiday', 'winner'"
2017-01-06,"'fitch', 'affirms', 'macy', 'inc', 'bbb', 'outlook', 'revised'"
2017-01-07,"'barnes', 'noble', 'gear', 'bookstore', 'battle'"
2017-01-07,'charting'
2017-01-07,"'stock', 'market', 'investor', 'focus', 'bank', 'earnings', 'season'"
2017-01-07,"'ipo', 'market', 'could', 'spring', 'life'"
2017-01-07,"'solid', 'steady'"
2017-01-07,"'cigar', 'yet', 'dow', 'stop', 'short'"
2017-01-07,"'harrowing', 'holiday', 'season', 'struggling', 'department', 'store', 'reach', 'tipping', 'point'"
2017-01-07,"'macy', 'bad', 'news'"
2017-01-08,"'weekend', 'roundup', 'retailer', 'pain', 'former', 'insurance', 'ceo', 'obamacare', 'wisdom', 'charlie'"
2017-01-09,"'best', 'worst', 'stock'"
2017-01-09,"'penney', 'hold', 'guidance', 'macy', 'kohl'"
2017-01-09,"'trumped', 'holiday', 'season', 'strong', 'december', 'sale'"
2017-01-10,"'amazon', 'aggressive', 'warehouse', 'shipping', 'strategy', 'paying'"
2017-01-12,"'amazon', 'next', 'big', 'innovation', 'brick', 'mortar'"
2017-01-12,"'good', 'time', 'amazon', 'trouble', 'macy'"
2017-01-13,"'macy', 'fire', 'chief', 'growth', 'officer', 'peter'"
2017-01-13,"'macy', 'fire', 'growth', 'officer', 'heel', 'weak', 'holiday'"
2017-01-13,"'update', 'strong', 'economy', 'deal', 'help', 'holiday', 'sale', 'top', 'forecast'"
2017-01-13,"'holiday', 'retail', 'sale', 'rise', 'beat', 'nrf'"
2017-01-14,"'amazon', 'add', 'full', 'time', 'job', 'many', 'fulfillment'"
2017-01-17,"'sell', 'li', 'fung', 'trump', 'inauguration'"
2017-01-18,'macy'
2017-01-18,"'jc', 'penney', 'splat'"
2017-01-19,"'penney', 'kohl', 'get', 'retail', 'new'"
2017-01-20,"'department', 'store', 'steady', 'profitability', 'boat', 'even', 'sale'"
2017-01-21,'winner'
2017-01-23,"'traditional', 'retailer', 'amazon', 'effect', 'extends', 'tech', 'talent'"
2017-01-25,"'brief', 'macy', 'expands', 'fitness', 'brand', 'men', 'id'"
2017-01-25,"'macy', 'extends', 'ideology', 'activewear', 'line'"
2017-01-26,"'update', 'ebay', 'holiday', 'quarter', 'revenue', 'pct', 'share'"
2017-01-30,"'macy', 'sell', 'chocolate', 'business', 'garrett'"
2017-01-30,"'best', 'trump', 'stock', 'trading'"
2017-01-30,"'brief', 'macy', 'inc', 'sell', 'ownership', 'frango', 'garrett'"
2017-01-31,"'macy', 'downgraded', 'concern', 'long', 'term', 'sale'"
2017-01-31,"'macy', 'share', 'tuesday'"
2017-01-31,"'retailer', 'expected', 'suffer', 'big', 'spike', 'bond', 'default', 'rate'"
2017-01-31,"'macy', 'price', 'target', 'cut', 'buckingham', 'research'"
2017-01-31,"'macy', 'downgraded', 'neutral', 'buy', 'buckingham', 'research'"
2017-01-31,"'best', 'worst', 'stock'"
2017-02-01,"'valentine', 'day', 'spending', 'fall', 'record', 'say'"
2017-02-02,"'ralph', 'lauren', 'ceo', 'departs', 'share', 'plunge'"
2017-02-02,"'macy', 'stock', 'jump', 'talk', 'sale', 'long', 'time', 'ceo', 'lundgren', 'step'"
2017-02-02,"'morning', 'mover', 'macy', 'jump', 'costco', 'soar', 'alcoa'"
2017-02-02,"'ralph', 'lauren', 'losing', 'shirt', 'gaining'"
2017-02-02,"'dan', 'loeb', 'playbook', 'investment', 'home', 'run', 'trump'"
2017-02-02,"'ralph', 'lauren', 'lauren', 'v'"
2017-02-02,"'macy', 'penney', 'settle', 'martha', 'stewart'"
2017-02-02,"'xrt', 'climb', 'tumultuous', 'day'"
2017-02-02,"'macy', 'stock', 'jump', 'premarket', 'ny', 'post', 'report', 'sale'"
2017-02-02,"'amazon', 'earnings', 'record', 'holiday', 'sale', 'take', 'center'"
2017-02-02,"'macy', 'help', 'private', 'equity'"
2017-02-03,"'macy', 'stock', 'halted'"
2017-02-03,"'canada', 'stock', 'tsx', 'rise', 'heavyweight', 'financial', 'share'"
2017-02-03,"'deal', 'day', 'merger'"
2017-02-03,"'hudson', 'bay', 'make', 'takeover', 'approach', 'macy'"
2017-02-03,"'hudson', 'bay', 'co', 'approach', 'macy', 'possible', 'takeover', 'dow'"
2017-02-03,"'dow', 'reclaims', 'close', 'nasdaq', 'notch'"
2017-02-03,"'macy', 'deal', 'could'"
2017-02-03,"'macy', 'crazier', 'thing'"
2017-02-03,"'macy', 'stock', 'surge', 'wsj', 'report', 'buyout'"
2017-02-03,"'canada', 'hudson', 'bay', 'make', 'takeover', 'approach', 'macy'"
2017-02-03,"'update', 'canada', 'hudson', 'bay', 'make', 'takeover', 'approach', 'macy'"
2017-02-03,"'macy', 'stock', 'extends', 'gain', 'surge', 'report', 'buyout'"
2017-02-03,"'macy', 'stock', 'volume', 'mln', 'share', 'time', 'full', 'day'"
2017-02-03,"'macy', 'stock', 'rallied', 'prior', 'trading'"
2017-02-04,'charting'
2017-02-04,"'goldilocks', 'join', 'team'"
2017-02-06,"'potential', 'macy', 'buyer', 'sale'"
2017-02-06,"'macy', 'big', 'swallow'"
2017-02-06,"'evercore', 'mall', 'reit', 'okay'"
2017-02-07,"'tech', 'today', 'fabrinet', 'lift', 'optic', 'lumentum', 'tap', 'workday'"
2017-02-07,"'macy', 'amazon', 'takeover', 'would', 'revolutionary'"
2017-02-09,"'macy', 'road', 'important'"
2017-02-09,"'trump', 'hit', 'nordstrom', 'tweet', 'even', 'retailer', 'say', 'decision', 'ivanka', 'line'"
2017-02-09,"'updated', 'alibaba', 'caution', 'brand', 'agent'"
2017-02-10,"'fossil', 'valentine', 'day', 'bargain'"
2017-02-11,"'macy', 'could', 'upside'"
2017-02-12,"'macy', 'could', 'percent', 'upside', 'sale', 'barron'"
2017-02-13,"'cowen', 'still', 'bullish', 'nordstrom', 'even', 'earnings'"
2017-02-13,"'invest', 'hedge', 'fund'"
2017-02-13,"'morgan', 'stanley', 'bearish', 'retail', 'bump', 'penney'"
2017-02-13,"'update', 'marcato', 'mcguire', 'criticizes', 'decker', 'retail', 'expansion'"
2017-02-14,"'decker', 'fixing', 'wrong', 'problem'"
2017-02-14,"'etsy', 'ceo', 'dickerson', 'explains', 'hive', 'hadoop', 'machine'"
2017-02-15,"'target', 'gap', 'best', 'buy', 'among', 'retailer', 'headed', 'washington', 'oppose', 'border', 'tax'"
2017-02-16,"'macy', 'stock', 'price', 'target', 'cut'"
2017-02-18,"'margin', 'debt', 'bear', 'market', 'indicator'"
2017-02-18,"'risk', 'financials', 'rally', 'tested', 'earnings', 'season', 'wind'"
2017-02-20,"'stock', 'future', 'hit', 'fresh', 'high', 'indicating', 'record', 'run', 'resume'"
2017-02-21,"'macy', 'share', 'rise', 'earnings'"
2017-02-21,"'curiously', 'low', 'level', 'wall', 'street', 'fear', 'index', 'sell'"
2017-02-21,"'macy', 'profit', 'top', 'estimate', 'sale', 'decline'"
2017-02-21,"'wal', 'mart', 'earnings', 'fall', 'battle'"
2017-02-21,"'macy', 'ceo', 'transition', 'jeff', 'gennette', 'terry', 'lundgren', 'occur', 'march'"
2017-02-21,"'macy', 'earnings', 'shift', 'retail', 'hurting', 'major'"
2017-02-21,"'macy', 'sale', 'v', 'last', 'year', 'factset', 'consensus'"
2017-02-21,"'macy', 'adjusted', 'eps', 'factset', 'consensus'"
2017-02-21,"'morning', 'mover', 'kraft', 'fall', 'wal', 'mart', 'macy'"
2017-02-21,"'macy', 'eps', 'v', 'last'"
2017-02-21,"'macy', 'store', 'sale', 'owned', 'plus', 'licensed', 'basis', 'declined'"
2017-02-21,"'brief', 'macy', 'ceo', 'conf', 'call', 'anticipate', 'challenging', 'environment'"
2017-02-21,"'macy', 'see', 'fiscal', 'sale', 'decline'"
2017-02-21,"'macy', 'forecast', 'may', 'light', 'better', 'many'"
2017-02-21,"'macy', 'profit', 'top', 'view', 'despite', 'falling'"
2017-02-21,"'hold', 'applause', 'macy'"
2017-02-21,"'macy', 'share', 'tuesday', 'premarket'"
2017-02-21,"'brief', 'macy', 'post', 'adjusted', 'earnings', 'per', 'share'"
2017-02-21,"'macy', 'report', 'bigger', 'expected', 'drop', 'quarterly'"
2017-02-21,"'macy', 'share', 'premarket'"
2017-02-21,"'macy', 'expects', 'fiscal', 'store', 'sale', 'owned', 'plus', 'licensed', 'basis', 'decline'"
2017-02-21,"'update', 'macy', 'profit', 'top', 'estimate', 'sale', 'decline'"
2017-02-21,"'ivanka', 'trump', 'signature', 'perfume', 'soar'"
2017-02-21,"'macy', 'see', 'fiscal', 'adj', 'eps', 'excluding', 'anticipated', 'settle', 'charge', 'sale', 'union', 'sq', 'men', 'store', 'factset', 'consensus'"
2017-02-22,"'downgrade', 'macy', 'one', 'step'"
2017-02-22,"'downgrade', 'macy', 'one', 'notch', 'junk'"
2017-02-22,"'macy', 'outgoing', 'ceo', 'reminds', 'everyone', 'sale', 'happen'"
2017-02-22,"'update', 'tjx', 'trump', 'estimate', 'shopper', 'lap', 'holiday'"
2017-02-23,"'biggest', 'loser', 'brand', 'drop'"
2017-02-23,"'nordstrom', 'discount', 'store', 'drive', 'sale'"
2017-02-23,"'kohl', 'macy', 'turn', 'landlord', 'bid', 'unlock', 'real', 'estate'"
2017-02-23,"'update', 'canada', 'hudson', 'bay', 'post', 'lower', 'quarterly'"
2017-02-24,"'brief', 'macy', 'set', 'regular', 'quarterly', 'dividend', 'per'"
2017-02-24,"'tjx', 'plan', 'build', 'home', 'good', 'space', 'get', 'analyst'"
2017-02-24,"'penney', 'close'"
2017-02-24,"'penney', 'close', 'store', 'sale'"
2017-02-24,"'penney', 'close', 'least'"
2017-02-26,"'mall', 'reit', 'rocked', 'news', 'penney', 'store'"
2017-02-27,"'victoria', 'secret', 'parent', 'brand', 'finally', 'feeling', 'pain', 'mall', 'traffic'"
2017-02-28,"'penney', 'store', 'closure', 'good', 'move', 'could', 'signal', 'bigger'"
2017-02-28,"'target', 'offer', 'gloomy', 'outlook', 'sale'"
2017-02-28,"'goldman', 'sachs', 'could', 'year'"
2017-03-01,"'major', 'credit', 'rating', 'agency', 'warn', 'retail'"
2017-03-01,"'brief', 'macy', 'completes', 'sale', 'downtown', 'minneapolis'"
2017-03-01,"'dollar', 'tree', 'profit', 'sale', 'rise'"
2017-03-02,"'target', 'adding', 'store', 'analyst', 'say', 'cutting', 'location'"
2017-03-03,"'macy', 'downgraded', 'department', 'store', 'slump'"
2017-03-03,"'biggest', 'loser', 'macy', 'drop'"
2017-03-03,"'exclusive', 'lord', 'taylor', 'owner', 'hudson', 'bay', 'bid', 'macy', 'stumble'"
2017-03-04,"'top', 'story', 'week', 'barron'"
2017-03-04,"'bond', 'buy'"
2017-03-06,"'alliance', 'company', 'announce', 'plan', 'lower', 'health', 'care'"
2017-03-07,"'retailer', 'hhgregg', 'file', 'bankruptcy'"
2017-03-08,"'brief', 'tailored', 'brand', 'report', 'loss', 'per', 'share'"
2017-03-09,"'risk', 'bankruptcy', 'standpoint', 'retail', 'business', 'new', 'oil'"
2017-03-11,"'urban', 'outfitter', 'problem', 'many', 'store', 'woman', 'want', 'clothes'"
2017-03-11,"'clothing', 'retailer', 'slide', 'mizuho', 'downgrade', 'stock', 'slow', 'spring'"
2017-03-11,"'men', 'wearhouse', 'parent', 'falter', 'macy', 'tux', 'rental', 'partnership', 'fall'"
2017-03-13,"'mall', 'related', 'debt', 'next', 'big', 'short'"
2017-03-13,"'penney', 'earns', 'credit', 'upgrade', 'stock', 'fall'"
2017-03-14,"'firm', 'bet', 'shopping'"
2017-03-14,"'update', 'neiman', 'marcus', 'say', 'exploring', 'option', 'including'"
2017-03-14,"'canada', 'hudson', 'bay', 'talk', 'buy', 'neiman', 'marcus'"
2017-03-14,"'stock', 'market', 'close', 'lower', 'oil', 'slide', 'dent', 'energy'"
2017-03-14,"'canada', 'hudson', 'bay', 'talk', 'buy', 'neiman', 'marcus'"
2017-03-15,"'amazon', 'going', 'kill', 'american', 'job', 'china'"
2017-03-15,"'dsw', 'share', 'jump', 'profit', 'beat', 'analyst', 'worried', 'sale'"
2017-03-15,"'biggest', 'loser', 'macy', 'drop'"
2017-03-15,"'amazon', 'industry', 'killer', 'better', 'mousetrap'"
2017-03-16,"'debt', 'loaded', 'money', 'losing', 'neiman', 'marcus', 'find'"
2017-03-16,"'exclusive', 'activist', 'investor', 'starboard', 'exit', 'macy', 'stock'"
2017-03-16,"'zara', 'strategy', 'bigger', 'store', 'online'"
2017-03-18,"'inventing', 'department'"
2017-03-21,"'retail', 'reit', 'pick', 'selling'"
2017-03-21,"'think', 'online', 'answer', 'retailer', 'quite'"
2017-03-21,"'retailer', 'getting'"
2017-03-23,"'pvh', 'another', 'apparel', 'maker', 'share', 'surge'"
2017-03-23,"'brief', 'macy', 'board', 'elect', 'jeff', 'gennette', 'chief', 'executive'"
2017-03-24,"'morning', 'mover', 'armour', 'jump', 'finish', 'line', 'flop', 'gamestop'"
2017-03-24,"'brief', 'macy', 'ceo', 'gennette', 'annual', 'base', 'salary', 'mln', 'sec'"
2017-03-25,"'wal', 'mart', 'beating', 'pant', 'amazon', 'apparel', 'fighting', 'keep'"
2017-03-25,"'hillbilly', 'elegy', 'author', 'plan', 'bring', 'silicon', 'valley', 'middle'"
2017-03-25,"'price', 'high'"
2017-03-27,"'macy', 'partner', 'iii', 'become', 'exclusive', 'retailer', 'donna', 'karan', 'line'"
2017-03-27,"'supreme', 'court', 'clear', 'way', 'retailer', 'sue', 'visa', 'mastercard'"
2017-03-27,"'brief', 'macy', 'iii', 'sign', 'exclusive', 'agreement', 'dkny', 'woman', 'apparel'"
2017-03-28,"'amazon', 'stifel', 'ups', 'target', 'carnage'"
2017-03-29,"'penney', 'stock', 'could', 'beauty'"
2017-03-31,"'first', 'quarter', 'wrap', 'biggest', 'loser', 'yes', 'armour', 'right', 'top'"
2017-04-01,"'shopping', 'mall'"
2017-04-04,"'lord', 'taylor', 'flagship', 'manhattan', 'may', 'serve', 'platform', 'new', 'high'"
2017-04-04,"'brand', 'stock', 'tumble', 'year', 'low', 'citigroup', 'downgrade', 'store', 'glut'"
2017-04-05,"'brief', 'italy', 'giglio', 'sign', 'deal', 'macy', 'bloomingdale'"
2017-04-05,"'update', 'hudson', 'bay', 'explores', 'major', 'reinvention', 'considers', 'real', 'estate'"
2017-04-06,"'flirting', 'irrational', 'exuberance'"
2017-04-06,"'bizarro', 'amazon', 'macy'"
2017-04-06,"'tesla', 'successful'"
2017-04-07,"'burlington', 'store', 'still'"
2017-04-08,"'stock', 'finally', 'topping'"
2017-04-08,"'payless', 'shoesource', 'bankruptcy', 'latest', 'blow', 'retail'"
2017-04-10,"'inflation', 'retail', 'sale', 'face', 'chill', 'job', 'growth'"
2017-04-11,"'job', 'opening', 'tick', 'hire', 'pull', 'back', 'retail', 'rout', 'roll'"
2017-04-17,"'way', 'profit', 'trump', 'trade'"
2017-04-17,"'retail', 'sector', 'shedding', 'job', 'like'"
2017-04-22,"'lampert', 'seritage', 'play', 'could', 'lead', 'big'"
2017-04-25,"'sears', 'top', 'list', 'retailer', 'vulnerable', 'defaulting'"
2017-04-26,"'update', 'sure', 'wear', 'amazon', 'algorithm', 'may'"
2017-04-28,"'retail', 'bankruptcy', 'took', 'toll', 'armour', 'latest'"
2017-04-29,"'property', 'play', 'aging', 'bull'"
2017-04-29,"'easy', 'remedy', 'express', 'script'"
2017-05-01,"'amazon', 'apparel', 'zip', 'past', 'target', 'dept'"
2017-05-02,"'brief', 'adcare', 'appoints', 'former', 'treasurer', 'macy', 'brian', 'szames', 'board'"
2017-05-03,"'macy', 'tailored', 'brand', 'end', 'tuxedo', 'rental'"
2017-05-03,"'brief', 'macy', 'tailored', 'brand', 'wind', 'partnership', 'tuxedo'"
2017-05-03,"'tailored', 'brand', 'share', 'spike', 'full', 'year', 'guidance'"
2017-05-03,"'macy', 'men', 'wearhouse', 'parent', 'tailored', 'brand', 'end', 'tuxedo', 'rental'"
2017-05-05,"'men', 'wearhouse', 'parent', 'tailored', 'brand', 'benefit', 'ending', 'macy'"
2017-05-06,"'recent', 'level', 'vix', 'flashing'"
2017-05-06,"'stock', 'buyback', 'jig'"
2017-05-06,"'stock', 'ignore', 'headline', 'hit'"
2017-05-06,"'amazoning', 'american'"
2017-05-07,"'stock', 'first', 'time', 'since', 'beatles', 'landed'"
2017-05-07,"'rpt', 'wall', 'st', 'weekahead', 'old', 'guard', 'retail', 'back', 'cross'"
2017-05-08,"'mall', 'reit', 'lead', 'broad', 'based', 'selloff', 'real', 'estate', 'related'"
2017-05-09,"'discounter', 'seen', 'leading', 'retail'"
2017-05-09,"'macy', 'launch', 'exclusive', 'limited', 'time', 'cynthia', 'rowley'"
2017-05-11,"'macy', 'stock', 'trade', 'premarket', 'lowest', 'level', 'seen', 'regular', 'hour', 'since', 'oct'"
2017-05-11,"'macy', 'still', 'see', 'full', 'year', 'store', 'sale'"
2017-05-11,"'u', 'stock', 'wall', 'st', 'open', 'lower', 'dismal', 'macy'"
2017-05-11,"'macy', 'bad', 'real', 'bad'"
2017-05-11,"'macy', 'still', 'see', 'full', 'year', 'sale'"
2017-05-11,"'macy', 'eps', 'cent', 'v'"
2017-05-11,"'macy', 'ceo', 'say', 'encouraged', 'pilot', 'program', 'woman', 'shoe', 'jewelry'"
2017-05-11,"'biggest', 'loser', 'macy', 'tumble'"
2017-05-11,"'retailer', 'routed', 'macy'"
2017-05-11,"'macy', 'share', 'slide', 'earnings'"
2017-05-11,"'macy', 'sale', 'bln', 'v'"
2017-05-11,"'brief', 'macy', 'cfo', 'expect', 'improvement', 'trend', 'start'"
2017-05-11,"'macy', 'quarterly', 'profit', 'tumble'"
2017-05-11,"'morning', 'mover', 'macy', 'massacred', 'kohl', 'crushed', 'caterpillar'"
2017-05-11,"'macy', 'say', 'dead', 'earnings'"
2017-05-11,"'macy', 'still', 'see', 'full', 'year', 'adj', 'eps'"
2017-05-11,"'macy', 'stock', 'track', 'open', 'year'"
2017-05-11,"'northern', 'exposure', 'trade', 'one', 'like', 'case'"
2017-05-11,"'penney', 'option', 'trader', 'prep', 'unusually', 'wild', 'ride', 'earnings'"
2017-05-11,"'european', 'stock', 'close', 'lower', 'pressured', 'euro'"
2017-05-11,"'macy', 'stock', 'swoon', 'profit', 'sale'"
2017-05-11,"'macy', 'factset', 'sale', 'consensus'"
2017-05-11,"'retail', 'stock', 'rocked', 'macy', 'cast', 'pall'"
2017-05-11,"'commerce', 'etf', 'today'"
2017-05-11,"'macy', 'share', 'sink', 'earnings'"
2017-05-11,"'stock', 'market', 'close', 'lower', 'retail', 'sector', 'slump', 'snap', 'stock'"
2017-05-11,"'stock', 'close', 'lower', 'weak', 'retail'"
2017-05-11,"'macy', 'adj', 'eps', 'cent', 'factset', 'consensus'"
2017-05-11,"'macy', 'stock', 'drop', 'premarket'"
2017-05-11,"'brief', 'macy', 'report', 'adjusted', 'earnings', 'per', 'share'"
2017-05-11,"'department', 'store', 'stock', 'sink', 'wake', 'macy', 'disappointing'"
2017-05-11,"'update', 'nordstrom', 'comparable', 'sale', 'miss', 'deepens', 'department', 'store'"
2017-05-12,"'macy', 'price', 'target', 'cut', 'cowen', 'co'"
2017-05-12,"'one', 'bit', 'good', 'news', 'urban'"
2017-05-12,"'macy', 'share', 'nearly', 'friday', 'premarket'"
2017-05-12,"'department', 'store', 'return', 'recession', 'like', 'day'"
2017-05-12,"'stock', 'could', 'rally', 'trump', 'head'"
2017-05-12,"'macy', 'stock', 'price', 'target', 'cut'"
2017-05-12,"'macy', 'stock', 'price', 'target', 'cut', 'rbc'"
2017-05-12,"'macy', 'stock', 'price', 'target', 'cut'"
2017-05-12,"'asian', 'market', 'pull', 'back', 'weak', 'earnings'"
2017-05-12,"'retail', 'sale', 'strengthened', 'april', 'brightening', 'economic'"
2017-05-12,"'biggest', 'loser', 'nordstrom', 'tumble'"
2017-05-12,"'alert', 'starboard', 'dump', 'macy', 'appaloosa', 'baupost', 'lighten'"
2017-05-12,"'nordstrom', 'rack', 'store', 'sale', 'decline', 'defies', 'growth', 'among', 'line'"
2017-05-12,"'retail', 'stock', 'take', 'another', 'beating', 'penney', 'fall', 'record'"
2017-05-12,"'penney', 'expected', 'bad', 'store', 'sale'"
2017-05-12,"'nordstrom', 'comparable', 'sale', 'miss', 'deepens', 'department', 'store'"
2017-05-12,"'nordstrom', 'silver', 'lining'"
2017-05-13,"'dow', 'dip', 'stock', 'shrug'"
2017-05-13,'charting'
2017-05-15,"'investor', 'look', 'trump', 'drama', 'earnings', 'wrapping', 'light', 'data'"
2017-05-15,"'next', 'retail'"
2017-05-15,"'commerce', 'threat', 'retail', 'financial', 'stock', 'investor'"
2017-05-15,"'sears', 'stock', 'plunge', 'toward', 'worst', 'day', 'stretch', 'year', 'amid', 'concern', 'losing'"
2017-05-15,"'macy', 'betting', 'exclusive', 'line', 'new', 'store', 'design', 'revive'"
2017-05-16,"'update', 'home', 'depot', 'profit', 'top', 'higher', 'sale', 'big', 'ticket'"
2017-05-16,"'penney', 'today'"
2017-05-16,"'retail', 'rundown', 'three', 'winner', 'six', 'loser', 'age'"
2017-05-16,"'update', 'tjx', 'slow', 'comparable', 'sale', 'growth', 'add', 'retail'"
2017-05-17,"'every', 'time', 'happens', 'amazon', 'crush', 'another', 'legacy'"
2017-05-17,"'target', 'earnings', 'prepare', 'nothing', 'awful', 'analyst'"
2017-05-17,"'tjx', 'selloff', 'creates', 'buying', 'opportunity'"
2017-05-17,"'target', 'better', 'feared', 'quarter', 'bode', 'well', 'wal', 'mart'"
2017-05-17,"'macy', 'sears', 'difference'"
2017-05-19,"'ralph', 'lauren', 'rough', 'time', 'ahead'"
2017-05-19,"'good', 'news', 'gap', 'stock', 'falling'"
2017-05-21,
2017-05-21,"'ann', 'taylor', 'parent', 'ascena', 'share', 'plummet', 'traffic', 'decline', 'prompt', 'profit'"
2017-05-21,'surprising'
2017-05-21,"'afraid', 'amazon'"
2017-05-22,"'retailer', 'survive'"
2017-05-24,"'weaker', 'shopping', 'mall', 'leave', 'mortgage', 'backed', 'security'"
2017-05-25,"'amazon', 'new', 'bookstore', 'keep', 'shopper', 'amazon'"
2017-05-25,'retailer'
2017-05-29,"'ugg', 'move', 'macy', 'store', 'dangerous', 'analyst'"
2017-05-31,"'burlington', 'store', 'could', 'reach', 'billion', 'market', 'cap', 'despite', 'recent', 'sale'"
2017-06-01,"'brief', 'macy', 'name', 'yasir', 'anwar', 'chief', 'technology'"
2017-06-05,"'auto', 'loan', 'careening', 'toward', 'smashup'"
2017-06-05,"'sears', 'losing', 'never', 'believe', 'gain'"
2017-06-06,"'biggest', 'loser', 'macy', 'tumble'"
2017-06-06,"'macy', 'warning', 'margin', 'hit', 'department', 'store'"
2017-06-06,"'macy', 'slide', 'spark', 'broad', 'selloff', 'retail'"
2017-06-06,"'update', 'macy', 'warning', 'margin', 'hit', 'department', 'store'"
2017-06-06,"'macy', 'stock', 'fall', 'lowest', 'level', 'since', 'february'"
2017-06-06,"'macy', 'getting'"
2017-06-06,"'macy', 'warns', 'gross', 'margin', 'outlook', 'share'"
2017-06-06,"'macy', 'stock', 'tumble', 'lead', 'loser', 'close', 'lowest', 'level', 'since', 'sept'"
2017-06-06,"'etf', 'floppers', 'greece', 'south', 'africa'"
2017-06-06,"'macy', 'share'"
2017-06-06,"'macy', 'tumble', 'margin', 'warning', 'dragging', 'retailer'"
2017-06-06,"'stock', 'slide', 'second', 'day', 'geopolitical'"
2017-06-06,"'brief', 'macy', 'cfo', 'warns', 'gross', 'margin', 'could', 'forecast', 'given', 'february', 'basis', 'point', 'last', 'year', 'cnbc', 'reporter'"
2017-06-07,"'making', 'macy', 'great'"
2017-06-07,"'men', 'wearhouse', 'parent', 'tailored', 'brand', 'share', 'lower', 'revenue'"
2017-06-07,"'killed', 'retail', 'may', 'also', 'save'"
2017-06-08,'nordstrom'
2017-06-08,"'bottom', 'fish', 'macy', 'stock', 'analyst'"
2017-06-08,"'crew', 'new', 'ceo', 'fix', 'debt'"
2017-06-08,"'short', 'still', 'piling', 'nordstrom', 'even', 'stock'"
2017-06-08,"'macy', 'parade'"
2017-06-08,"'nordstrom', 'stock', 'surge', 'fuel', 'rally', 'department', 'store'"
2017-06-09,"'update', 'nordstrom', 'family', 'explores', 'taking', 'retailer', 'private', 'share'"
2017-06-09,'charting'
2017-06-10,"'tech', 'wreck', 'sends', 'nasdaq'"
2017-06-10,'said'
2017-06-10,"'activist', 'investor', 'lose'"
2017-06-13,"'struggling', 'shopping', 'mall', 'let', 'high', 'school', 'doctor', 'move', 'penney', 'used'"
2017-06-14,"'macy', 'iconic', 'brand', 'good', 'value', 'say', 'bullish'"
2017-06-16,"'two', 'company', 'biggest', 'disrupters'"
2017-06-16,"'brief', 'macy', 'director', 'william', 'lenehan', 'buy', 'share', 'co', 'common', 'stock', 'june'"
2017-06-17,"'federal', 'reserve', 'living', 'real', 'world'"
2017-06-18,"'activist', 'investor', 'take', 'stake', 'hudson', 'bay', 'urge', 'new'"
2017-06-19,"'high', 'court', 'reject', 'macy', 'bid', 'review', 'micro', 'unit'"
2017-06-19,"'amazon', 'moat', 'got', 'wider', 'great'"
2017-06-20,"'apparel', 'retailer', 'stock', 'dive', 'amazon', 'new', 'prime', 'wardrobe', 'strike', 'fear'"
2017-06-20,"'update', 'amazon', 'launch', 'try', 'buy', 'fashion'"
2017-06-22,"'amazon', 'wardrobe', 'another', 'blow', 'department'"
2017-06-27,"'reit', 'play', 'yield', 'long', 'term'"
2017-06-29,"'nike', 'earnings', 'cozying', 'consumer', 'face', 'competition', 'adidas'"
2017-06-29,"'dividend', 'stock', 'lot', 'plenty', 'cash', 'flow', 'raise'"
2017-06-30,"'amazon', 'competitor', 'must', 'generate', 'buzz', 'take', 'sting', 'prime'"
2017-07-01,"'hot', 'consumer', 'stock', 'buy', 'beyond'"
2017-07-03,"'macy', 'firework', 'brooklyn', 'bridge', 'fourth'"
2017-07-07,"'ross', 'store', 'retailer'"
2017-07-07,"'brick', 'mortar', 'retailer', 'stop', 'cutting', 'job'"
2017-07-08,"'stock', 'slumped'"
2017-07-08,"'half', 'time'"
2017-07-08,"'stock', 'gain', 'despite', 'talk', 'easy', 'money'"
2017-07-10,"'biggest', 'loser', 'macy', 'drop'"
2017-07-10,"'retail', 'stock', 'battered', 'amazon', 'related'"
2017-07-10,"'retail', 'bad', 'news', 'keep'"
2017-07-10,"'nasdaq', 'close', 'higher', 'lead', 'stock', 'market', 'tech'"
2017-07-11,"'amazon', 'prime', 'day', 'yet', 'another', 'thing', 'commerce'"
2017-07-11,"'money', 'saving', 'tip', 'amazon', 'prime', 'day', 'even'"
2017-07-13,"'brutal', 'june', 'still', 'bad', 'news', 'store', 'retail'"
2017-07-13,"'update', 'penney', 'push', 'toy', 'sale', 'move', 'away'"
2017-07-13,"'retail', 'etf', 'best', 'day', 'since', 'november', 'raised', 'target'"
2017-07-13,"'hot', 'stock', 'gap', 'gain'"
2017-07-14,"'upgrade', 'macy'"
2017-07-15,"'wedding', 'dress', 'chain', 'alfred', 'angelo', 'bankruptcy', 'set', 'panicked'"
2017-07-17,"'apparel', 'retailer', 'share', 'rise', 'analyst', 'comment', 'improved'"
2017-07-17,"'stock', 'market', 'finish', 'little', 'changed', 'investor', 'await', 'earnings'"
2017-07-17,"'pay', 'macy', 'bill', 'expect', 'text'"
2017-07-18,"'sign', 'investor', 'may', 'pessimistic', 'brick', 'mortar'"
2017-07-21,"'give', 'synchrony', 'financial', 'little'"
2017-07-22,"'stock', 'rise', 'earnings', 'news', 'nasdaq'"
2017-07-22,'amazon'
2017-07-24,"'resist', 'lure', 'bottom', 'fishing', 'market', 'least', 'follow', 'five'"
2017-07-26,"'paypal', 'earnings', 'partnership', 'help', 'benefit', 'already', 'priced'"
2017-07-26,"'store', 'retail', 'reit', 'earnings'"
2017-07-27,"'stock', 'could', 'tumble'"
2017-07-28,"'godiva', 'appoints', 'former', 'starbucks', 'executive'"
2017-07-28,"'might', 'time', 'invest', 'company', 'amazon'"
2017-07-29,"'anson', 'investment', 'bucking'"
2017-07-31,"'attention', 'shopper', 'amazon', 'effect', 'creating', 'bargain'"
2017-08-02,"'evening', 'sector', 'snapshot', 'manufacturing', 'gain', 'medical', 'distributor'"
2017-08-03,"'morning', 'sector', 'snapshot', 'healthcare', 'service', 'food'"
2017-08-04,"'tourist', 'buying', 'kid', 'clothes', 'bag', 'athletic', 'wear', 'still'"
2017-08-04,"'add', 'impressive', 'job', 'july', 'jobless', 'rate', 'match', 'year'"
2017-08-04,"'activist', 'scenario'"
2017-08-04,"'ackman', 'take', 'aim', 'adp', 'adp', 'say'"
2017-08-05,"'rich', 'farm', 'soil', 'cheap', 'reit'"
2017-08-09,"'makeup', 'men', 'thing'"
2017-08-10,"'macy', 'stock', 'jump'"
2017-08-10,"'macy', 'adj', 'eps', 'cent', 'factset', 'consensus'"
2017-08-10,"'macy', 'eps', 'cent', 'v', 'cent', 'year'"
2017-08-10,"'macy', 'quarterly', 'comparable', 'sale', 'top'"
2017-08-10,"'macy', 'earnings', 'revenue', 'beat', 'share', 'fall', 'downbeat'"
2017-08-10,"'macy', 'revenue', 'bln', 'v', 'bln', 'factset', 'consensus'"
2017-08-10,"'macy', 'earnings', 'cosmetic', 'promotion', 'could', 'hurt'"
2017-08-10,"'macy', 'kohl', 'rest'"
2017-08-10,"'update', 'nordstrom', 'website', 'boost', 'store', 'sale', 'share'"
2017-08-10,"'death', 'retail', 'may', 'one', 'best', 'thing', 'happen', 'fitness'"
2017-08-10,"'could', 'scariest', 'chart', 'financial', 'market', 'right'"
2017-08-10,"'macy', 'see', 'adj', 'eps', 'factset', 'consensus'"
2017-08-10,"'stock', 'open', 'lower', 'continued', 'geopolitical'"
2017-08-10,"'macy', 'affirms', 'store', 'sale', 'outlook', 'owned'"
2017-08-10,"'retailer', 'share', 'sink', 'macy', 'earnings'"
2017-08-10,"'morning', 'sector', 'snapshot', 'department', 'store', 'auto', 'part', 'maker'"
2017-08-10,"'macy', 'stock', 'active', 'premarket', 'volume', 'mln'"
2017-08-10,"'morning', 'mover', 'macy', 'perrigo', 'gain', 'earnings', 'dillard', 'chicago', 'bridge'"
2017-08-10,"'macy', 'share', 'fall', 'thursday', 'premarket'"
2017-08-10,"'department', 'store', 'slow', 'sale'"
2017-08-10,"'evening', 'sector', 'snapshot', 'utility', 'climb', 'everything', 'else'"
2017-08-10,"'biggest', 'loser', 'macy', 'tumble'"
2017-08-10,"'dow', 'nasdaq', 'log', 'worst', 'session', 'since', 'may', 'close', 'lower', 'rd', 'straight'"
2017-08-10,"'trader', 'think', 'retailer', 'go', 'way'"
2017-08-10,"'macy', 'factset', 'store', 'sale', 'consensus'"
2017-08-10,"'macy', 'store', 'sale', 'owned', 'basis', 'owned', 'plus', 'licensed'"
2017-08-10,"'macy', 'affirms', 'sale', 'outlook'"
2017-08-11,"'nordstrom', 'fault'"
2017-08-11,'charting'
2017-08-11,"'stock', 'fall', 'north', 'korea'"
2017-08-11,"'bargain', 'retail'"
2017-08-11,"'macy', 'kohl', 'sale', 'decline', 'raise', 'turnaround'"
2017-08-11,"'jc', 'penney', 'penny'"
2017-08-11,"'jcpenney', 'stock', 'slide', 'wider', 'quarterly'"
2017-08-11,"'kohl', 'get', 'boost', 'selling', 'thing', 'people', 'want'"
2017-08-11,"'corrected', 'update', 'macy', 'kohl', 'sale', 'decline', 'raise', 'turnaround'"
2017-08-12,'said'
2017-08-13,"'macy', 'could', 'holiday', 'battle', 'analyst'"
2017-08-14,"'macy', 'tipping', 'point'"
2017-08-14,"'retail', 'sale', 'expected', 'show', 'relief', 'july', 'devastating'"
2017-08-15,"'two', 'amazon', 'resistant', 'retailer'"
2017-08-16,"'coach', 'sink', 'market', 'share', 'rise', 'analyst'"
2017-08-17,"'macy', 'stock', 'fall', 'lowest', 'level', 'seen', 'since', 'sept'"
2017-08-17,"'macy', 'stock', 'fall', 'amid', 'broad', 'decline', 'retail'"
2017-08-18,"'stock', 'shake', 'effect', 'saber'"
2017-08-18,"'data', 'increasingly', 'important', 'strategic', 'asset', 'tech'"
2017-08-19,"'fund', 'manager', 'find', 'contrarian', 'bargain', 'among', 'smidcaps'"
2017-08-21,"'brief', 'macy', 'name', 'thal', 'lawton'"
2017-08-21,"'macy', 'shake', 'management', 'hire', 'ebay'"
2017-08-21,"'ulta', 'beauty', 'share', 'slide', 'stifel', 'cut', 'stock', 'price', 'target'"
2017-08-21,"'update', 'macy', 'restructure', 'merchandising', 'unit', 'cut'"
2017-08-21,"'macy', 'restructure', 'merchandising', 'unit', 'cut'"
2017-08-21,"'brief', 'macy', 'board', 'approves', 'annual', 'base', 'salary', 'million', 'harry', 'lawton'"
2017-08-22,"'morning', 'mover', 'estee', 'lauder', 'jump', 'macy', 'gain', 'coty'"
2017-08-23,"'morning', 'sector', 'snapshot', 'precious', 'metal', 'climb', 'airline'"
2017-08-24,"'sears', 'loss', 'top', 'view', 'close', 'kmart'"
2017-08-24,"'retail', 'traffic', 'nearly', 'far'"
2017-08-25,"'brief', 'macy', 'set', 'regular', 'quarterly', 'dividend', 'per'"
2017-08-25,"'evening', 'sector', 'snapshot', 'airline', 'department', 'store', 'biotech'"
2017-08-25,"'ulta', 'six', 'reason'"
2017-08-25,"'ulta', 'downgraded', 'beauty', 'market'"
2017-08-26,"'trouble', 'labor'"
2017-08-26,"'beating', 'back'"
2017-08-27,"'analyst', 'turn', 'bearish', 'ulta', 'beauty', 'sector', 'store', 'sale', 'growth'"
2017-08-28,"'beauty', 'industry', 'gear', 'ugly', 'market', 'share'"
2017-08-29,"'finish', 'line', 'poison', 'pill', 'meant', 'beat', 'back', 'takeover', 'sport'"
2017-08-31,"'rack', 'million', 'frequent', 'flyer', 'mile', 'without', 'even'"
2017-08-31,"'macy', 'best', 'buy', 'among', 'retailer', 'expanding', 'day', 'delivery', 'deliv'"
2017-08-31,"'brief', 'macy', 'inc', 'expands', 'day', 'delivery', 'service', 'cover'"
2017-09-01,"'safest', 'payouts'"
2017-09-01,"'evening', 'sector', 'snapshot', 'oil', 'refiner', 'department', 'store'"
2017-09-01,"'retailer', 'like', 'wal', 'mart', 'best', 'buy', 'coming', 'new', 'strategy', 'top', 'two', 'day'"
2017-09-05,"'winner', 'loser', 'retail', 'new'"
2017-09-06,"'top', 'executive', 'buying', 'share', 'eight'"
2017-09-06,"'morning', 'sector', 'snapshot', 'oil', 'major', 'department', 'store'"
2017-09-06,"'stock', 'book', 'modest', 'gain', 'energy', 'share'"
2017-09-06,"'evening', 'sector', 'snapshot', 'oil', 'department', 'store', 'climb', 'telecom'"
2017-09-06,"'macy', 'group', 'project'"
2017-09-07,"'iii', 'apparel', 'buck', 'naysayer', 'growing', 'donna', 'karan'"
2017-09-08,"'target', 'price', 'cut', 'thousand', 'item', 'sink', 'retailer'"
2017-09-12,"'evening', 'sector', 'snapshot', 'department', 'store', 'oil', 'gas', 'utility'"
2017-09-12,"'hot', 'stock', 'gap', 'gain', 'retail'"
2017-09-13,"'nordstrom', 'winning', 'next', 'battle'"
2017-09-13,"'big', 'box', 'retailer', 'still'"
2017-09-13,"'retail', 'traffic', 'still', 'negative'"
2017-09-13,"'rumor', 'nordstrom', 'go', 'private', 'lift', 'retail'"
2017-09-14,"'macy', 'hire', 'temp', 'worker', 'online', 'ops', 'holiday'"
2017-09-14,"'brief', 'macy', 'hire', 'temporary', 'employee', 'holiday', 'season'"
2017-09-15,"'macy', 'hire', 'worker', 'holiday', 'fewer', 'last'"
2017-09-16,"'nordstrom', 'changing', 'department', 'store'"
2017-09-18,"'brief', 'macy', 'hire', 'seasonal', 'associate'"
2017-09-18,"'macy', 'hire', 'seasonal', 'worker', 'holiday', 'last'"
2017-09-19,"'brief', 'sprezzabox', 'announces', 'partnership', 'macy', 'holiday'"
2017-09-19,"'credit', 'suisse', 'warmed'"
2017-09-20,"'wal', 'mart', 'offer', 'current', 'worker', 'additional', 'hour', 'rather', 'hire', 'seasonal'"
2017-09-22,"'insider', 'love', 'retail', 'stock', 'hit', 'amazon', 'com', 'wrecking'"
2017-09-22,"'strong', 'holiday', 'shopping', 'season', 'ahead'"
2017-09-22,"'evening', 'sector', 'snapshot', 'department', 'store', 'rise', 'utility'"
2017-09-25,"'retailer', 'robust', 'seasonal', 'hiring', 'plan', 'holiday', 'despite', 'store'"
2017-09-25,"'restaurant', 'survive', 'retail'"
2017-09-26,"'hope', 'retail', 'five', 'stock', 'look'"
2017-09-26,"'penney', 'add', 'cookware', 'ayesha', 'curry', 'appliance'"
2017-09-29,"'retail', 'dead'"
2017-10-02,"'macy', 'jc', 'penney', 'waiting', 'change', 'weather'"
2017-10-02,"'biggest', 'loser', 'nordstrom', 'slump', 'bad', 'day', 'department', 'store'"
2017-10-02,"'macy', 'penney', 'share', 'sink', 'news', 'faltering', 'nordstrom', 'deal'"
2017-10-02,"'morning', 'sector', 'snapshot', 'pharma', 'software', 'gain', 'oil', 'gas', 'retail'"
2017-10-04,"'evening', 'sector', 'snapshot', 'pharmaceutical', 'rise', 'department', 'store'"
2017-10-05,"'price', 'retailer', 'starting', 'cannibalize'"
2017-10-07,"'retail', 'turmoil', 'continues', 'job', 'losing', 'streak', 'run'"
2017-10-11,"'donna', 'karan', 'defense', 'weinstein', 'could', 'throttle', 'company', 'market'"
2017-10-11,"'macy', 'ceo', 'buy', 'stock', 'get'"
2017-10-12,"'kohl', 'v', 'macy', 'winner'"
2017-10-12,"'dow', 'company', 'ready', 'go'"
2017-10-13,"'retail', 'sale', 'post', 'biggest', 'gain', 'biggest', 'since'"
2017-10-16,"'nordstrom', 'staying', 'public'"
2017-10-17,"'brief', 'macy', 'name', 'danielle', 'kirgan', 'chief', 'human', 'resource'"
2017-10-17,"'apparel', 'retailer', 'amazon', 'threat', 'clothes'"
2017-10-19,"'think', 'twice', 'store'"
2017-10-20,"'skechers', 'upgraded', 'continued', 'growth', 'potential', 'around'"
2017-10-23,"'skechers', 'stock', 'rocket', 'mark', 'biggest', 'one', 'day', 'gain', 'since'"
2017-10-23,"'macy', 'stock', 'price', 'target', 'cut', 'rbc'"
2017-10-27,"'macy', 'kohl', 'share', 'sink', 'penney', 'profit'"
2017-10-27,"'tech', 'nical', 'knockout', 'amazon', 'win'"
2017-10-27,"'penney', 'share', 'plummet', 'weak'"
2017-10-27,"'nasdaq', 'end', 'record', 'tech', 'rally', 'power'"
2017-10-27,"'brief', 'macy', 'inc', 'ddeclares', 'regular', 'quarterly', 'dividend', 'cent'"
2017-10-27,"'penney', 'share', 'crater', 'profit'"
2017-10-27,"'penny', 'count', 'jc', 'penney', 'crater', 'take', 'department', 'store'"
2017-10-30,"'citi', 'analyst', 'flag', 'real', 'risk', 'macy', 'dividend', 'cut', 'share'"
2017-10-30,"'macy', 'stock', 'plunge', 'toward', 'year', 'low', 'citigroup'"
2017-10-30,"'penney', 'share', 'plummet', 'profit', 'warning', 'drag', 'rival', 'lower'"
2017-10-30,"'macy', 'stock', 'price', 'target', 'cut'"
2017-10-30,"'macy', 'downgraded', 'sell', 'neutral'"
2017-10-30,"'lord', 'taylor', 'deal', 'wework', 'good', 'way', 'use', 'le', 'productive', 'real'"
2017-10-30,"'macy', 'share', 'monday', 'premarket'"
2017-10-30,"'penney', 'downgraded', 'profit'"
2017-10-30,"'macy', 'downgraded', 'sell', 'neutral', 'citigroup'"
2017-10-31,"'retail', 'white', 'christmas', 'lump', 'coal'"
2017-10-31,"'brief', 'samsung', 'experience', 'launch', 'macy', 'herald'"
2017-11-04,"'trouble', 'run', 'deep', 'sell'"
2017-11-06,"'earningswatch', 'disney', 'nvidia', 'snap', 'headline', 'week', 'medium'"
2017-11-09,"'macy', 'share', 'surge', 'holiday', 'quarter'"
2017-11-09,"'dow', 'snap', 'seven', 'session', 'winning', 'streak', 'tax', 'delay'"
2017-11-09,"'brief', 'macy', 'inc', 'eps', 'excluding'"
2017-11-09,"'macy', 'still', 'see', 'full', 'year', 'store', 'sale'"
2017-11-09,"'macy', 'report', 'third', 'quarter', 'earnings', 'beat', 'revenue'"
2017-11-09,"'macy', 'reaffirms', 'full', 'year'"
2017-11-09,"'macy', 'sale', 'bln', 'v', 'bln', 'factset', 'consensus'"
2017-11-09,"'macy', 'adj', 'eps', 'cent', 'factset', 'consensus'"
2017-11-09,"'macy', 'store', 'sale', 'factset', 'consensus'"
2017-11-09,"'update', 'macy', 'share', 'surge', 'holiday', 'quarter'"
2017-11-09,"'macy', 'stock', 'fall', 'premarket'"
2017-11-09,"'macy', 'still', 'see', 'full', 'year', 'sale'"
2017-11-09,"'rip', 'bitcoin', 'cracked', 'may', 'nearing', 'tulip', 'mania'"
2017-11-09,"'macy', 'earnings', 'analyst', 'say', 'company', 'making', 'much', 'money'"
2017-11-09,"'macy', 'post', 'bigger', 'expected', 'comparable', 'sale'"
2017-11-09,"'macy', 'eps', 'cent', 'v'"
2017-11-09,"'macy', 'see', 'full', 'year', 'adj', 'eps'"
2017-11-09,"'morning', 'mover', 'tale', 'two', 'department', 'store', 'tech', 'get', 'wrecked'"
2017-11-10,"'kohl', 'macy', 'lost', 'million', 'hurricane', 'closure', 'problem', 'run'"
2017-11-10,"'penney', 'lowered', 'goal', 'beat'"
2017-11-10,"'department', 'store', 'little', 'good', 'news', 'go', 'long', 'way', 'long'"
2017-11-11,"'reason', 'retailer', 'happy'"
2017-11-14,"'tjx', 'post', 'slowest', 'sale', 'growth', 'since'"
2017-11-17,"'set', 'sale', 'gap', 'old'"
2017-11-18,"'holiday', 'outlook', 'brightens', 'retail'"
2017-11-24,"'nasdaq', 'open', 'time', 'intraday', 'high', 'kick', 'black', 'friday'"
2017-11-24,"'holiday', 'cheer', 'boost', 'amazon', 'macy', 'retail'"
2017-11-24,"'thing', 'buy', 'black'"
2017-11-24,"'macy', 'suffers', 'credit', 'card', 'processing', 'slowdown', 'black'"
2017-11-24,"'nasdaq', 'close', 'record', 'book', 'weekly'"
2017-11-24,"'goldman', 'black', 'friday', 'play', 'retail'"
2017-11-24,"'brighter', 'black', 'friday'"
2017-11-24,"'brief', 'macy', 'ceo', 'cnbc', 'say', 'company', 'robust', 'online'"
2017-11-24,"'macy', 'stock', 'drop', 'amid', 'report', 'black', 'friday', 'credit', 'card'"
2017-11-24,"'update', 'holiday', 'cheer', 'boost', 'amazon', 'macy', 'retail'"
2017-11-25,"'business', 'rule', 'stitch', 'fix', 'ceo', 'come'"
2017-11-25,"'stuffed', 'animal', 'top', 'black', 'friday'"
2017-11-27,"'one', 'history', 'greatest', 'trade', 'finally', 'blow', 'could', 'get', 'ugly'"
2017-11-27,"'black', 'friday', 'online', 'sale', 'reach', 'record'"
2017-11-27,"'brief', 'macy', 'inc', 'announces', 'debt', 'tender'"
2017-11-27,"'stock', 'open', 'near', 'record', 'shopper', 'flock', 'cyber', 'monday'"
2017-11-28,"'hot', 'stock', 'everybody', 'love'"
2017-11-29,"'high', 'yielding', 'stock', 'ripe'"
2017-11-29,"'ibm', 'server', 'responsible', 'macy', 'black', 'friday', 'credit', 'card', 'issue', 'analyst'"
2017-11-29,"'bull', 'trend', 'confirmed', 'charting', 'latest', 'break', 'clear', 'sky'"
2017-11-29,"'retail', 'stock', 'jump', 'holiday', 'shopping', 'season', 'get', 'good'"
2017-11-30,"'brace', 'tech', 'pain', 'cheer', 'stock', 'market', 'sad'"
2017-11-30,"'kroger', 'gain', 'one', 'day'"
2017-12-01,"'macy', 'hire', 'worker', 'black', 'friday'"
2017-12-01,"'macy', 'boost', 'seasonal', 'hire', 'great', 'start', 'holiday', 'shopping'"
2017-12-01,"'macy', 'hire', 'additional', 'seasonal', 'worker'"
2017-12-01,"'brief', 'macy', 'hire', 'additional', 'seasonal', 'associate'"
2017-12-01,"'update', 'macy', 'hire', 'worker', 'black', 'friday'"
2017-12-01,"'macy', 'hire', 'seasonal', 'worker', 'due', 'strong'"
2017-12-03,"'ulta', 'beauty', 'share', 'dinged', 'shrinking', 'margin', 'analyst', 'remain'"
2017-12-03,"'macy', 'need', 'hire', 'employee', 'keep', 'pace', 'holiday', 'shopping'"
2017-12-04,"'three', 'sector', 'hit', 'time', 'high', 'tax', 'cut'"
2017-12-04,"'value', 'squeeze', 'getting', 'started'"
2017-12-04,"'consumer', 'discretionary', 'etf', 'hit', 'record', 'retailer'"
2017-12-05,"'retail', 'stock', 'rally', 'expectation', 'sector', 'key', 'beneficiary', 'tax'"
2017-12-05,"'ups', 'warns', 'delivery', 'delay', 'amid', 'online', 'shopping'"
2017-12-05,"'ti', 'season', 'hire', 'older'"
2017-12-06,"'better', 'way', 'screen', 'dividend', 'stock', 'get'"
2017-12-07,"'tax', 'reform', 'holiday', 'shopping', 'send', 'retail', 'stock', 'best', 'month'"
2017-12-08,"'macy', 'executive', 'chairman', 'lundgren', 'retire'"
2017-12-08,"'brief', 'macy', 'executive', 'chairman', 'terry', 'lundgren'"
2017-12-08,"'macy', 'executive', 'chairman', 'lundgren'"
2017-12-08,"'update', 'macy', 'executive', 'chairman', 'lundgren', 'retire'"
2017-12-08,"'macy', 'terry', 'lundgren', 'retire', 'chairman'"
2017-12-09,'bargain'
2017-12-09,"'enjoy', 'market'"
2017-12-10,"'amazon', 'apparel', 'business', 'could', 'grow', 'much', 'billion', 'sale'"
2017-12-11,"'brief', 'macy', 'announces', 'pricing', 'debt', 'tender'"
2017-12-12,"'macy', 'downgraded', 'hold', 'buy'"
2017-12-14,"'sidelined', 'perry', 'elli', 'founder', 'may', 'play'"
2017-12-14,"'internet', 'seller', 'retail', 'sale', 'get', 'big', 'boost', 'november', 'black'"
2017-12-14,"'retail', 'sale', 'surge', 'weekly', 'jobless', 'claim'"
2017-12-18,"'truth', 'may', 'accept', 'holiday'"
2017-12-18,"'christmas', 'coming', 'early', 'macy', 'kohl'"
2017-12-19,"'brief', 'macy', 'name', 'jill', 'ramsey', 'chief', 'product', 'digital', 'revenue'"
2017-12-20,"'last', 'day', 'shop', 'online'"
2017-12-21,"'become', 'internet', 'entrepreneur'"
2017-12-21,"'way', 'get', 'paid', 'holiday', 'shopping', 'without', 'leaving', 'living'"
2017-12-24,"'thing', 'buy'"
2017-12-26,"'hot', 'stock', 'retail', 'revival', 'lift', 'kohl', 'macy'"
2017-12-26,"'retail', 'stock', 'rally', 'report', 'biggest', 'holiday', 'spending', 'jump', 'six'"
2017-12-26,"'meek', 'shall', 'inherit', 'earth', 'macy', 'kohl'"
2017-12-26,"'dow', 'end', 'lower', 'slide', 'apple', 'offset', 'gain', 'retail', 'energy'"
2017-12-26,"'stock', 'market', 'shake', 'surging', 'oil', 'retail', 'rally', 'finish', 'lower', 'apple', 'stock'"
2017-12-27,"'biggest', 'loser', 'macy', 'drop'"
2017-12-28,"'done', 'holiday', 'shopping', 'till', 'check', 'three'"
2017-12-29,"'dow', 'industrials', 'end', 'solid', 'sour'"
2017-12-30,"'winner', 'loser'"
2017-12-30,"'big', 'call', 'josh', 'brown', 'raoul', 'pal', 'finance', 'pundit'"
2017-12-30,"'holiday', 'rally', 'solved', 'retail'"
