2016-01-08,"'ten', 'thing', 'stop'"
2016-01-12,"'nearly', 'half', 'bear'"
2016-01-19,"'emerge', 'death', 'spiral'"
2016-01-22,"'dr', 'pepper', 'fastest', 'eps', 'growth', 'among', 'soda', 'stock'"
2016-01-22,"'nfl', 'next', 'manning', 'brady', 'already'"
2016-01-22,"'nfl', 'next', 'manning', 'brady', 'already'"
2016-01-23,"'trouble', 'looming', 'dividend'"
2016-01-26,"'search', 'durable', 'asian', 'growth'"
2016-02-05,"'coca', 'cola', 'buying', 'ready', 'bought'"
2016-02-06,"'free', 'snack', 'fly', 'american'"
2016-02-06,"'free', 'snack', 'fly', 'american'"
2016-02-07,"'disney', 'coca', 'cola', 'headline', 'consumer', 'heavy', 'earnings'"
2016-02-08,"'super', 'bowl', 'beer', 'bud'"
2016-02-09,"'expect', 'pepsico'"
2016-02-10,"'strategy', 'make', 'apple', 'amazon', 'starbucks'"
2016-02-11,"'dow', 'close', 'year', 'low', 'dogged', 'global', 'market'"
2016-02-11,"'brazil', 'socked', 'global', 'selloff', 'gol', 'battle'"
2016-02-11,"'one', 'thing', 'cushion', 'investor', 'stock', 'market', 'hit'"
2016-02-11,"'pepsi', 'said', 'venezuela', 'emerging'"
2016-02-11,"'pepsico', 'share', 'premarket'"
2016-02-11,"'pepsico', 'profit', 'outlook'"
2016-02-11,"'morning', 'mover', 'visa', 'mastercard', 'drop', 'merrill', 'downgrade', 'flower', 'food'"
2016-02-11,"'correction', 'pepsi', 'earnings'"
2016-02-11,"'pepsico', 'profit', 'top'"
2016-02-16,"'thing', 'never', 'buy'"
2016-02-20,"'dividend', 'boom', 'look'"
2016-02-22,"'mondelez', 'downgraded', 'venezuela', 'pain', 'oreo', 'brazil', 'russia'"
2016-02-25,"'company', 'hardest', 'time', 'selling', 'bond'"
2016-03-02,"'money', 'manager', 'selling', 'popular', 'stock', 'creating', 'new'"
2016-03-03,"'update', 'adios', 'venezuela', 'kimberly', 'clark', 'join', 'pepsi', 'mondelez', 'deconsolidation'"
2016-03-10,"'coke', 'stock', 'shoot', 'record'"
2016-03-10,"'four', 'reason', 'coca', 'cola', 'rbc', 'favorite'"
2016-03-12,"'taking', 'advantage', 'underpriced'"
2016-03-16,"'imposes', 'surprise', 'tax', 'sugary'"
2016-03-19,'barron'
2016-03-23,"'one', 'way', 'corporate', 'world', 'trying', 'infiltrate', 'social'"
2016-03-30,"'pepsico', 'north', 'america', 'snack', 'head'"
2016-03-30,"'pepsico', 'brings', 'three', 'north', 'american', 'division', 'one'"
2016-03-30,"'pepsico', 'fritolay', 'north', 'america', 'ceo'"
2016-03-31,"'nestl', 'noodle', 'face', 'scrutiny'"
2016-04-01,"'chipotle', 'foray', 'frozen', 'margarita', 'draft', 'beer', 'could', 'step', 'forward', 'analyst'"
2016-04-04,"'stock', 'hit', 'time', 'high'"
2016-04-07,"'dow', 'back', 'another', 'crack', 'first'"
2016-04-08,"'new', 'pick', 'stock', 'new', 'bond'"
2016-04-08,"'twitter', 'add', 'nonuser'"
2016-04-08,"'twitter', 'announces', 'two', 'new', 'board'"
2016-04-08,"'twitter', 'announces', 'two', 'new', 'board'"
2016-04-09,"'owen', 'illinois', 'glass', 'half'"
2016-04-14,"'expect', 'pepsico'"
2016-04-14,"'pepsico', 'downgraded', 'hold', 'buy', 'stifel'"
2016-04-16,"'deluge', 'weak', 'earnings', 'derail', 'stock'"
2016-04-16,"'fishing', 'global', 'growth'"
2016-04-18,"'dow', 'industrials', 'close', 'first', 'time', 'nine'"
2016-04-18,"'pepsico', 'warns', 'weak', 'world'"
2016-04-18,"'morning', 'mover', 'morgan', 'stanley', 'gain', 'earnings', 'joy', 'global', 'jump', 'merrill'"
2016-04-18,"'pepsico', 'profit', 'beat', 'estimate', 'wider'"
2016-04-18,"'pepsico', 'beat', 'profit', 'expectation', 'sale', 'fall'"
2016-04-18,"'pepsico', 'expected', 'report', 'earnings', 'cent', 'revenue'"
2016-04-18,"'pepsico', 'see', 'core', 'eps'"
2016-04-18,"'pepsico', 'adjusted', 'eps'"
2016-04-18,"'pepsico', 'revenue', 'billion', 'versus', 'billion', 'year'"
2016-04-18,"'pepsico', 'report', 'eps', 'v', 'year'"
2016-04-19,"'pepsico', 'using', 'grain', 'fruit', 'drink', 'snack', 'consumer', 'shun'"
2016-04-21,"'coca', 'cola', 'five', 'reason', 'buy'"
2016-04-23,"'stoner', 'holiday', 'went'"
2016-04-23,"'pepsico', 'old', 'fashioned'"
2016-04-23,"'rally', 'begs', 'question', 'time', 'take', 'profit'"
2016-04-23,"'marriott', 'share', 'could', 'rise'"
2016-04-26,"'twitter', 'post', 'disappointing', 'revenue'"
2016-04-26,"'twitter', 'revenue', 'user', 'growth', 'fall'"
2016-04-27,"'dr', 'pepper', 'top', 'estimate', 'strong', 'water'"
2016-04-28,"'buffalo', 'wild', 'wing', 'betting', 'soccer', 'revive', 'flagging', 'store'"
2016-05-03,"'soda', 'sale', 'mexico', 'rise', 'despite'"
2016-05-03,"'corporate', 'tax', 'avoidance', 'hurting', 'america', 'rest'"
2016-05-05,"'celestial', 'seasoning', 'restore', 'tea', 'package', 'design', 'poor', 'customer'"
2016-05-07,"'nike', 'tjx', 'others', 'likely', 'raise'"
2016-05-13,"'dow', 'drop', 'rd', 'consecutive'"
2016-05-13,"'bridgewater', 'sell', 'amazon', 'coke', 'gap', 'holding', 'adding', 'new', 'stake', 'alphabet'"
2016-05-13,"'bridgewater', 'cut', 'pepsico', 'stake', 'share'"
2016-05-13,"'pepsi', 'stock', 'accelerates', 'lower', 'trian', 'disclosed', 'dumped'"
2016-05-13,"'pepsico', 'stock', 'extends', 'slide', 'trian', 'fund', 'discloses', 'stake'"
2016-05-13,"'trian', 'fund', 'management', 'sell', 'entire', 'pepsico', 'stake'"
2016-05-14,"'time', 'break', 'ali', 'dibadj', 'think'"
2016-05-15,"'nightmare', 'keeping', 'executive', 'awake'"
2016-05-16,"'twitter', 'add', 'bet', 'chief', 'executive'"
2016-05-16,"'fund', 'roundup', 'mad', 'money', 'pick'"
2016-05-17,"'wrap', 'mixed', 'view', 'apple', 'gold', 'top'"
2016-05-17,"'company', 'keep', 'getting'"
2016-05-18,"'venezuela', 'rising', 'oil', 'price', 'help', 'economy'"
2016-05-21,"'beyonc', 'discovered', 'next', 'coconut', 'water'"
2016-05-21,"'pepsico', 'pop', 'despite', 'activist'"
2016-05-27,"'bad', 'venezuela', 'coke', 'halted', 'worker', 'get'"
2016-05-28,"'venezuela', 'brink', 'default'"
2016-05-31,"'earnings', 'fall', 'fastest', 'rate', 'since', 'great'"
2016-06-03,"'starbucks', 'transform', 'tea', 'market', 'like'"
2016-06-06,"'venezuela', 'must', 'read', 'hyperinflation', 'vatican', 'way'"
2016-06-07,"'serena', 'williams', 'highest', 'paid', 'female', 'athlete'"
2016-06-08,"'pepsico', 'weighs', 'another', 'fix', 'diet'"
2016-06-09,"'icahn', 'einhorn', 'ackman', 'loeb', 'changed', 'way', 'business'"
2016-06-09,"'today', 'top', 'stock', 'pick', 'dominant'"
2016-06-11,"'home', 'depot', 'good', 'time'"
2016-06-12,"'winner', 'walmart', 'oreo', 'cookie', 'contest', 'cause', 'universe', 'implode', 'upon'"
2016-06-17,"'philadelphia', 'first', 'large', 'city', 'approve', 'sweetened', 'beverage'"
2016-06-17,"'philadelphia', 'first', 'large', 'city', 'approve', 'sweetened', 'beverage'"
2016-06-17,"'monster', 'beverage', 'new', 'soda', 'make', 'stock'"
2016-06-20,"'three', 'stock', 'could', 'crater', 'brexit', 'becomes'"
2016-06-22,"'eat', 'swapping', 'mcdonald'"
2016-06-27,"'pepsico', 'reintroduce', 'aspartame', 'diet'"
2016-06-27,"'diet', 'pepsi', 'sucralose', 'healthier', 'aspartame'"
2016-06-27,"'pepsico', 'bring', 'back', 'diet', 'pepsi'"
2016-06-27,"'pepsico', 'reintroduce', 'diet', 'pepsi', 'aspartame'"
2016-06-29,"'crystal', 'pepsi', 'returning', 'store'"
2016-07-01,"'fitch', 'venezuela', 'inflation', 'gdp', 'decline'"
2016-07-02,"'stock', 'need', 'keep', 'post', 'brexit', 'rebound'"
2016-07-02,'cash'
2016-07-02,"'krona', 'fire'"
2016-07-05,"'market', 'minute', 'turbulence'"
2016-07-06,"'expect', 'pepsico'"
2016-07-06,'pepsico'
2016-07-07,"'pepsi', 'venezuela', 'latin', 'america', 'drain', 'multinationals'"
2016-07-07,"'stock', 'end', 'mostly', 'lower', 'ahead', 'job', 'report', 'oil', 'loss'"
2016-07-07,"'whitewave', 'food', 'expect', 'better', 'offer'"
2016-07-07,"'pepsi', 'raise', 'outlook', 'earnings', 'beat'"
2016-07-07,"'fight', 'central', 'bank', 'gang', 'might', 'hand', 'u', 'dow'"
2016-07-07,"'pepsico', 'share', 'premarket'"
2016-07-07,"'morning', 'mover', 'pepsico', 'jump', 'earnings', 'whitewave', 'soar'"
2016-07-07,"'pepsi', 'raise', 'outlook', 'earnings', 'beat'"
2016-07-07,"'pepsico', 'second', 'quarter', 'earnings', 'beat', 'wall', 'street'"
2016-07-07,"'pepsico', 'see', 'share', 'repurchase', 'billion'"
2016-07-07,"'pepsico', 'share', 'premarket', 'following'"
2016-07-07,"'pepsico', 'sale', 'billion', 'line', 'factset'"
2016-07-07,"'pepsico', 'sale', 'billion', 'v', 'billion', 'year'"
2016-07-07,"'pepsico', 'adjusted', 'eps', 'v', 'factset', 'estimate'"
2016-07-07,"'pepsico', 'adjusted', 'eps', 'v', 'year'"
2016-07-07,"'pepsico', 'net', 'eps', 'v', 'year'"
2016-07-08,"'pepsico', 'yes'"
2016-07-09,"'investor', 'get', 'another', 'bite', 'hostess'"
2016-07-11,"'wal', 'mart'"
2016-07-15,"'venezuela', 'bond', 'risk', 'military', 'take'"
2016-07-18,"'monster', 'beverage', 'time', 'kick'"
2016-07-20,"'today', 'top', 'stock', 'pick', 'fund', 'beating'"
2016-07-26,"'expect', 'coca', 'cola'"
2016-07-27,"'coca', 'cola', 'fizz'"
2016-08-01,"'cheetos', 'burrito', 'taco', 'bell', 'announced', 'ultimate', 'food'"
2016-08-03,"'saatchi', 'saatchi', 'exec', 'kevin', 'robert'"
2016-08-03,"'publicis', 'exec', 'gender', 'diversity'"
2016-08-03,"'sodastream', 'sparkling', 'water', 'make', 'splash', 'japan', 'whiskey', 'soda'"
2016-08-05,"'kraft', 'heinz', 'must', 'something', 'right'"
2016-08-08,"'money', 'pouring', 'drone', 'racing', 'first', 'espn', 'broadcast', 'take'"
2016-08-12,"'stock', 'engaging', 'good', 'buyback', 'yes', 'gilead', 'made'"
2016-08-16,"'twitter', 'want', 'turn', 'photo'"
2016-08-17,"'buy', 'insurance', 'boogeyman', 'lurking'"
2016-08-24,"'kid', 'would', 'rather', 'watch', 'youtube', 'eat', 'mcdonald'"
2016-08-24,"'soda', 'consumption', 'fall', 'berkeley', 'sugar'"
2016-08-26,"'franklin', 'fund', 'manager', 'load', 'bank', 'profit'"
2016-08-26,"'russia', 'beer', 'trend', 'economy', 'bottoming'"
2016-08-29,"'tingyi', 'profit', 'tumble', 'time', 'sell', 'daiwa', 'see'"
2016-08-30,"'mondelez', 'next', 'kissing', 'hershey'"
2016-08-31,"'stock', 'fund', 'routinely', 'beat'"
2016-09-09,"'dividend', 'aristocrat', 'stock', 'post', 'almost', 'double', 'return'"
2016-09-13,"'china', 'staple', 'soar', 'hot', 'summer', 'retail', 'surprise', 'macquarie', 'upgrade'"
2016-09-14,"'coke', 'pepsi', 'one', 'takeover', 'target'"
2016-09-16,"'pepsico', 'initiated', 'credit', 'suisse', 'outperform', 'rating', 'price', 'target'"
2016-09-20,"'etf', 'bet', 'company', 'female', 'leadership'"
2016-09-20,"'etf', 'bet', 'company', 'female', 'leadership'"
2016-09-24,"'buy', 'low', 'sell', 'really', 'high', 'stock'"
2016-09-24,"'stock', 'predict', 'presidential'"
2016-09-26,"'clinton', 'trump', 'debate', 'showdown', 'carry', 'potential', 'sock'"
2016-09-26,"'russia', 'top', 'wheat', 'exporter', 'proving', 'sanction'"
2016-09-29,"'pepsico', 'lift', 'outlook', 'earnings', 'beat'"
2016-09-29,"'stock', 'asset', 'fact', 'bubble', 'buffett', 'favorite'"
2016-09-29,"'morning', 'mover', 'transocean', 'slide', 'icahn', 'cut', 'stake', 'pepsico'"
2016-09-29,"'pepsico', 'boost', 'outlook', 'earnings'"
2016-09-29,"'pepsi', 'stock', 'climb', 'profit', 'sale', 'beat', 'upbeat'"
2016-09-29,"'pepsico', 'share', 'climb', 'premarket', 'profit'"
2016-09-29,"'pepsico', 'profit', 'jump', 'reflects', 'impact', 'venezuela', 'impairment'"
2016-09-29,"'pepsico', 'revenue', 'fall', 'bln', 'v', 'bln', 'year'"
2016-09-29,"'pepsico', 'eps', 'rise', 'v', 'cent', 'year'"
2016-09-29,"'pepsico', 'profit', 'jump', 'bln', 'v', 'mln', 'year'"
2016-09-30,"'pepsi', 'earnings', 'said', 'emerging'"
2016-10-04,"'corportate', 'earnings', 'estimate', 'low'"
2016-10-08,"'janus', 'deal', 'take'"
2016-10-14,"'one', 'change', 'turn', 'company', 'vision', 'statement', 'mumbo', 'jumbo', 'something'"
2016-10-15,"'yum', 'brand', 'spin', 'china'"
2016-10-17,"'market', 'soon', 'know', 'headed'"
2016-10-17,"'pepsico', 'set', 'goal', 'reduce', 'sugar', 'saturated', 'fat', 'product'"
2016-10-17,"'pepsico', 'expects', 'least', 'two', 'third', 'beverage', 'calorie', 'le', 'added', 'sugar'"
2016-10-17,"'pepsico', 'seeking', 'water', 'improvement', 'across', 'agricultural', 'supply', 'chain'"
2016-10-17,"'pepsico', 'plan', 'reduce', 'greenhouse', 'gas', 'emission', 'across', 'value', 'chain'"
2016-10-25,"'expect', 'coca', 'cola'"
2016-10-26,"'coca', 'cola', 'fought', 'regulation', 'around', 'world', 'keep', 'advertising', 'kid', 'according', 'hacked'"
2016-11-09,"'soda', 'tax', 'approved', 'four'"
2016-11-10,"'chicago', 'becomes', 'th', 'city', 'ok', 'soda', 'tax'"
2016-11-12,'pharma'
2016-11-12,"'dow', 'climb', 'heel', 'trump'"
2016-11-15,"'company', 'reorganization', 'fail', 'make'"
2016-11-19,"'soon', 'return', 'turkish'"
2016-11-21,"'turkey', 'investing', 'watch', 'central', 'bank', 'deutsche'"
2016-11-22,"'pepsi', 'dr', 'pepper', 'buy', 'line', 'healthy'"
2016-12-02,"'monster', 'beverage', 'nascar', 'start', 'engine'"
2016-12-09,"'coca', 'cola', 'buffett', 'departure', 'come'"
2016-12-11,"'healthier', 'food', 'quite', 'pepsi', 'customer'"
2016-12-13,"'coca', 'cola', 'new', 'ceo', 'make', 'acquiring', 'monster', 'business'"
2016-12-14,"'elon', 'musk', 'uber', 'ceo', 'join', 'trump', 'strategic', 'policy', 'forum'"
2017-01-01,"'pepsico', 'forecast', 'surprise', 'drop', 'core'"
2017-01-01,"'update', 'white', 'house', 'considering', 'former', 'pepsico', 'ceo', 'treasury', 'official', 'lead', 'world', 'bank'"
2017-01-01,"'update', 'pepsico', 'say', 'investment', 'drive', 'sale', 'dent', 'profit'"
2017-01-01,"'amazon', 'add', 'former', 'pepsico', 'ceo', 'indra', 'nooyi'"
2017-01-01,"'pepsico', 'say', 'investment', 'drive', 'sale', 'dent', 'profit'"
2017-01-01,"'white', 'house', 'considering', 'nooyi', 'malpass', 'washburne', 'world', 'bank', 'candidate', 'administration'"
2017-01-01,"'pepsico', 'sodastream', 'open', 'manufacturing', 'plant'"
2017-01-01,"'white', 'house', 'considering', 'former', 'pepsico', 'ceo', 'treasury', 'official', 'lead', 'world', 'bank'"
2017-01-01,"'update', 'amazon', 'add', 'former', 'pepsico', 'ceo', 'indra', 'nooyi'"
2017-01-01,"'amazon', 'appoints', 'indra', 'nooyi'"
2017-01-02,"'pepsico', 'forecast', 'surprise', 'drop', 'core'"
2017-01-02,"'update', 'white', 'house', 'considering', 'former', 'pepsico', 'ceo', 'treasury', 'official', 'lead', 'world', 'bank'"
2017-01-02,"'update', 'pepsico', 'say', 'investment', 'drive', 'sale', 'dent', 'profit'"
2017-01-02,"'amazon', 'add', 'former', 'pepsico', 'ceo', 'indra', 'nooyi'"
2017-01-02,"'pepsico', 'say', 'investment', 'drive', 'sale', 'dent', 'profit'"
2017-01-02,"'white', 'house', 'considering', 'nooyi', 'malpass', 'washburne', 'world', 'bank', 'candidate', 'administration'"
2017-01-02,"'pepsico', 'sodastream', 'open', 'manufacturing', 'plant'"
2017-01-02,"'white', 'house', 'considering', 'former', 'pepsico', 'ceo', 'treasury', 'official', 'lead', 'world', 'bank'"
2017-01-02,"'update', 'amazon', 'add', 'former', 'pepsico', 'ceo', 'indra', 'nooyi'"
2017-01-02,"'amazon', 'appoints', 'indra', 'nooyi'"
2017-01-03,"'pepsico', 'forecast', 'surprise', 'drop', 'core'"
2017-01-03,"'update', 'white', 'house', 'considering', 'former', 'pepsico', 'ceo', 'treasury', 'official', 'lead', 'world', 'bank'"
2017-01-03,"'update', 'pepsico', 'say', 'investment', 'drive', 'sale', 'dent', 'profit'"
2017-01-03,"'four', 'stock', 'pick', 'outperforming', 'fund'"
2017-01-03,"'amazon', 'add', 'former', 'pepsico', 'ceo', 'indra', 'nooyi'"
2017-01-03,"'pepsico', 'say', 'investment', 'drive', 'sale', 'dent', 'profit'"
2017-01-03,"'white', 'house', 'considering', 'nooyi', 'malpass', 'washburne', 'world', 'bank', 'candidate', 'administration'"
2017-01-03,"'pepsico', 'sodastream', 'open', 'manufacturing', 'plant'"
2017-01-03,"'white', 'house', 'considering', 'former', 'pepsico', 'ceo', 'treasury', 'official', 'lead', 'world', 'bank'"
2017-01-03,"'update', 'amazon', 'add', 'former', 'pepsico', 'ceo', 'indra', 'nooyi'"
2017-01-03,"'amazon', 'appoints', 'indra', 'nooyi'"
2017-01-04,"'pepsico', 'forecast', 'surprise', 'drop', 'core'"
2017-01-04,"'update', 'white', 'house', 'considering', 'former', 'pepsico', 'ceo', 'treasury', 'official', 'lead', 'world', 'bank'"
2017-01-04,"'update', 'pepsico', 'say', 'investment', 'drive', 'sale', 'dent', 'profit'"
2017-01-04,"'amazon', 'add', 'former', 'pepsico', 'ceo', 'indra', 'nooyi'"
2017-01-04,"'pepsico', 'say', 'investment', 'drive', 'sale', 'dent', 'profit'"
2017-01-04,"'white', 'house', 'considering', 'nooyi', 'malpass', 'washburne', 'world', 'bank', 'candidate', 'administration'"
2017-01-04,"'pepsico', 'sodastream', 'open', 'manufacturing', 'plant'"
2017-01-04,"'white', 'house', 'considering', 'former', 'pepsico', 'ceo', 'treasury', 'official', 'lead', 'world', 'bank'"
2017-01-04,"'update', 'amazon', 'add', 'former', 'pepsico', 'ceo', 'indra', 'nooyi'"
2017-01-04,"'amazon', 'appoints', 'indra', 'nooyi'"
2017-01-05,"'pepsico', 'forecast', 'surprise', 'drop', 'core'"
2017-01-05,"'update', 'white', 'house', 'considering', 'former', 'pepsico', 'ceo', 'treasury', 'official', 'lead', 'world', 'bank'"
2017-01-05,"'update', 'pepsico', 'say', 'investment', 'drive', 'sale', 'dent', 'profit'"
2017-01-05,"'amazon', 'add', 'former', 'pepsico', 'ceo', 'indra', 'nooyi'"
2017-01-05,"'pepsico', 'say', 'investment', 'drive', 'sale', 'dent', 'profit'"
2017-01-05,"'white', 'house', 'considering', 'nooyi', 'malpass', 'washburne', 'world', 'bank', 'candidate', 'administration'"
2017-01-05,"'pepsico', 'sodastream', 'open', 'manufacturing', 'plant'"
2017-01-05,"'white', 'house', 'considering', 'former', 'pepsico', 'ceo', 'treasury', 'official', 'lead', 'world', 'bank'"
2017-01-05,"'update', 'amazon', 'add', 'former', 'pepsico', 'ceo', 'indra', 'nooyi'"
2017-01-05,"'amazon', 'appoints', 'indra', 'nooyi'"
2017-01-06,"'pepsico', 'forecast', 'surprise', 'drop', 'core'"
2017-01-06,"'update', 'white', 'house', 'considering', 'former', 'pepsico', 'ceo', 'treasury', 'official', 'lead', 'world', 'bank'"
2017-01-06,"'update', 'pepsico', 'say', 'investment', 'drive', 'sale', 'dent', 'profit'"
2017-01-06,"'amazon', 'add', 'former', 'pepsico', 'ceo', 'indra', 'nooyi'"
2017-01-06,"'pepsico', 'say', 'investment', 'drive', 'sale', 'dent', 'profit'"
2017-01-06,"'white', 'house', 'considering', 'nooyi', 'malpass', 'washburne', 'world', 'bank', 'candidate', 'administration'"
2017-01-06,"'pepsico', 'sodastream', 'open', 'manufacturing', 'plant'"
2017-01-06,"'white', 'house', 'considering', 'former', 'pepsico', 'ceo', 'treasury', 'official', 'lead', 'world', 'bank'"
2017-01-06,"'update', 'amazon', 'add', 'former', 'pepsico', 'ceo', 'indra', 'nooyi'"
2017-01-06,"'amazon', 'appoints', 'indra', 'nooyi'"
2017-01-07,"'pepsico', 'forecast', 'surprise', 'drop', 'core'"
2017-01-07,"'update', 'white', 'house', 'considering', 'former', 'pepsico', 'ceo', 'treasury', 'official', 'lead', 'world', 'bank'"
2017-01-07,"'update', 'pepsico', 'say', 'investment', 'drive', 'sale', 'dent', 'profit'"
2017-01-07,"'amazon', 'add', 'former', 'pepsico', 'ceo', 'indra', 'nooyi'"
2017-01-07,"'pepsico', 'say', 'investment', 'drive', 'sale', 'dent', 'profit'"
2017-01-07,"'white', 'house', 'considering', 'nooyi', 'malpass', 'washburne', 'world', 'bank', 'candidate', 'administration'"
2017-01-07,"'pepsico', 'sodastream', 'open', 'manufacturing', 'plant'"
2017-01-07,"'white', 'house', 'considering', 'former', 'pepsico', 'ceo', 'treasury', 'official', 'lead', 'world', 'bank'"
2017-01-07,"'update', 'amazon', 'add', 'former', 'pepsico', 'ceo', 'indra', 'nooyi'"
2017-01-07,"'amazon', 'appoints', 'indra', 'nooyi'"
2017-01-08,"'pepsico', 'forecast', 'surprise', 'drop', 'core'"
2017-01-08,"'update', 'white', 'house', 'considering', 'former', 'pepsico', 'ceo', 'treasury', 'official', 'lead', 'world', 'bank'"
2017-01-08,"'update', 'pepsico', 'say', 'investment', 'drive', 'sale', 'dent', 'profit'"
2017-01-08,"'amazon', 'add', 'former', 'pepsico', 'ceo', 'indra', 'nooyi'"
2017-01-08,"'pepsico', 'say', 'investment', 'drive', 'sale', 'dent', 'profit'"
2017-01-08,"'white', 'house', 'considering', 'nooyi', 'malpass', 'washburne', 'world', 'bank', 'candidate', 'administration'"
2017-01-08,"'pepsico', 'sodastream', 'open', 'manufacturing', 'plant'"
2017-01-08,"'white', 'house', 'considering', 'former', 'pepsico', 'ceo', 'treasury', 'official', 'lead', 'world', 'bank'"
2017-01-08,"'update', 'amazon', 'add', 'former', 'pepsico', 'ceo', 'indra', 'nooyi'"
2017-01-08,"'amazon', 'appoints', 'indra', 'nooyi'"
2017-01-09,"'pepsico', 'forecast', 'surprise', 'drop', 'core'"
2017-01-09,"'update', 'white', 'house', 'considering', 'former', 'pepsico', 'ceo', 'treasury', 'official', 'lead', 'world', 'bank'"
2017-01-09,"'update', 'pepsico', 'say', 'investment', 'drive', 'sale', 'dent', 'profit'"
2017-01-09,"'amazon', 'add', 'former', 'pepsico', 'ceo', 'indra', 'nooyi'"
2017-01-09,"'pepsico', 'say', 'investment', 'drive', 'sale', 'dent', 'profit'"
2017-01-09,"'white', 'house', 'considering', 'nooyi', 'malpass', 'washburne', 'world', 'bank', 'candidate', 'administration'"
2017-01-09,"'pepsico', 'sodastream', 'open', 'manufacturing', 'plant'"
2017-01-09,"'pepsico', 'started', 'equal', 'weight', 'stock', 'price', 'target'"
2017-01-09,"'white', 'house', 'considering', 'former', 'pepsico', 'ceo', 'treasury', 'official', 'lead', 'world', 'bank'"
2017-01-09,"'update', 'amazon', 'add', 'former', 'pepsico', 'ceo', 'indra', 'nooyi'"
2017-01-09,"'amazon', 'appoints', 'indra', 'nooyi'"
2017-01-10,"'pepsico', 'forecast', 'surprise', 'drop', 'core'"
2017-01-10,"'update', 'white', 'house', 'considering', 'former', 'pepsico', 'ceo', 'treasury', 'official', 'lead', 'world', 'bank'"
2017-01-10,"'update', 'pepsico', 'say', 'investment', 'drive', 'sale', 'dent', 'profit'"
2017-01-10,"'amazon', 'add', 'former', 'pepsico', 'ceo', 'indra', 'nooyi'"
2017-01-10,"'pepsico', 'say', 'investment', 'drive', 'sale', 'dent', 'profit'"
2017-01-10,"'white', 'house', 'considering', 'nooyi', 'malpass', 'washburne', 'world', 'bank', 'candidate', 'administration'"
2017-01-10,"'pepsico', 'sodastream', 'open', 'manufacturing', 'plant'"
2017-01-10,"'white', 'house', 'considering', 'former', 'pepsico', 'ceo', 'treasury', 'official', 'lead', 'world', 'bank'"
2017-01-10,"'update', 'amazon', 'add', 'former', 'pepsico', 'ceo', 'indra', 'nooyi'"
2017-01-10,"'amazon', 'appoints', 'indra', 'nooyi'"
2017-01-11,"'pepsico', 'forecast', 'surprise', 'drop', 'core'"
2017-01-11,"'update', 'white', 'house', 'considering', 'former', 'pepsico', 'ceo', 'treasury', 'official', 'lead', 'world', 'bank'"
2017-01-11,"'update', 'pepsico', 'say', 'investment', 'drive', 'sale', 'dent', 'profit'"
2017-01-11,"'amazon', 'add', 'former', 'pepsico', 'ceo', 'indra', 'nooyi'"
2017-01-11,"'pepsico', 'say', 'investment', 'drive', 'sale', 'dent', 'profit'"
2017-01-11,"'white', 'house', 'considering', 'nooyi', 'malpass', 'washburne', 'world', 'bank', 'candidate', 'administration'"
2017-01-11,"'pepsico', 'sodastream', 'open', 'manufacturing', 'plant'"
2017-01-11,"'update', 'amazon', 'add', 'former', 'pepsico', 'ceo', 'indra', 'nooyi'"
2017-01-11,"'white', 'house', 'considering', 'former', 'pepsico', 'ceo', 'treasury', 'official', 'lead', 'world', 'bank'"
2017-01-11,"'monster', 'beverage', 'lost', 'energy', 'last'"
2017-01-11,"'amazon', 'appoints', 'indra', 'nooyi'"
2017-01-12,"'pepsico', 'forecast', 'surprise', 'drop', 'core'"
2017-01-12,"'update', 'white', 'house', 'considering', 'former', 'pepsico', 'ceo', 'treasury', 'official', 'lead', 'world', 'bank'"
2017-01-12,"'update', 'pepsico', 'say', 'investment', 'drive', 'sale', 'dent', 'profit'"
2017-01-12,"'amazon', 'add', 'former', 'pepsico', 'ceo', 'indra', 'nooyi'"
2017-01-12,"'pepsico', 'say', 'investment', 'drive', 'sale', 'dent', 'profit'"
2017-01-12,"'white', 'house', 'considering', 'nooyi', 'malpass', 'washburne', 'world', 'bank', 'candidate', 'administration'"
2017-01-12,"'pepsico', 'sodastream', 'open', 'manufacturing', 'plant'"
2017-01-12,"'white', 'house', 'considering', 'former', 'pepsico', 'ceo', 'treasury', 'official', 'lead', 'world', 'bank'"
2017-01-12,"'update', 'amazon', 'add', 'former', 'pepsico', 'ceo', 'indra', 'nooyi'"
2017-01-12,"'amazon', 'appoints', 'indra', 'nooyi'"
2017-01-13,"'pepsico', 'forecast', 'surprise', 'drop', 'core'"
2017-01-13,"'update', 'white', 'house', 'considering', 'former', 'pepsico', 'ceo', 'treasury', 'official', 'lead', 'world', 'bank'"
2017-01-13,"'update', 'pepsico', 'say', 'investment', 'drive', 'sale', 'dent', 'profit'"
2017-01-13,"'amazon', 'add', 'former', 'pepsico', 'ceo', 'indra', 'nooyi'"
2017-01-13,"'pepsico', 'say', 'investment', 'drive', 'sale', 'dent', 'profit'"
2017-01-13,"'white', 'house', 'considering', 'nooyi', 'malpass', 'washburne', 'world', 'bank', 'candidate', 'administration'"
2017-01-13,"'pepsico', 'sodastream', 'open', 'manufacturing', 'plant'"
2017-01-13,"'white', 'house', 'considering', 'former', 'pepsico', 'ceo', 'treasury', 'official', 'lead', 'world', 'bank'"
2017-01-13,"'update', 'amazon', 'add', 'former', 'pepsico', 'ceo', 'indra', 'nooyi'"
2017-01-13,"'amazon', 'appoints', 'indra', 'nooyi'"
2017-01-14,"'pepsico', 'forecast', 'surprise', 'drop', 'core'"
2017-01-14,"'update', 'white', 'house', 'considering', 'former', 'pepsico', 'ceo', 'treasury', 'official', 'lead', 'world', 'bank'"
2017-01-14,"'update', 'pepsico', 'say', 'investment', 'drive', 'sale', 'dent', 'profit'"
2017-01-14,"'amazon', 'add', 'former', 'pepsico', 'ceo', 'indra', 'nooyi'"
2017-01-14,"'pepsico', 'say', 'investment', 'drive', 'sale', 'dent', 'profit'"
2017-01-14,"'white', 'house', 'considering', 'nooyi', 'malpass', 'washburne', 'world', 'bank', 'candidate', 'administration'"
2017-01-14,"'pepsico', 'sodastream', 'open', 'manufacturing', 'plant'"
2017-01-14,"'white', 'house', 'considering', 'former', 'pepsico', 'ceo', 'treasury', 'official', 'lead', 'world', 'bank'"
2017-01-14,"'update', 'amazon', 'add', 'former', 'pepsico', 'ceo', 'indra', 'nooyi'"
2017-01-14,"'amazon', 'appoints', 'indra', 'nooyi'"
2017-01-15,"'pepsico', 'forecast', 'surprise', 'drop', 'core'"
2017-01-15,"'update', 'white', 'house', 'considering', 'former', 'pepsico', 'ceo', 'treasury', 'official', 'lead', 'world', 'bank'"
2017-01-15,"'update', 'pepsico', 'say', 'investment', 'drive', 'sale', 'dent', 'profit'"
2017-01-15,"'amazon', 'add', 'former', 'pepsico', 'ceo', 'indra', 'nooyi'"
2017-01-15,"'pepsico', 'say', 'investment', 'drive', 'sale', 'dent', 'profit'"
2017-01-15,"'white', 'house', 'considering', 'nooyi', 'malpass', 'washburne', 'world', 'bank', 'candidate', 'administration'"
2017-01-15,"'pepsico', 'sodastream', 'open', 'manufacturing', 'plant'"
2017-01-15,"'white', 'house', 'considering', 'former', 'pepsico', 'ceo', 'treasury', 'official', 'lead', 'world', 'bank'"
2017-01-15,"'update', 'amazon', 'add', 'former', 'pepsico', 'ceo', 'indra', 'nooyi'"
2017-01-15,"'amazon', 'appoints', 'indra', 'nooyi'"
2017-01-16,"'pepsico', 'forecast', 'surprise', 'drop', 'core'"
2017-01-16,"'update', 'white', 'house', 'considering', 'former', 'pepsico', 'ceo', 'treasury', 'official', 'lead', 'world', 'bank'"
2017-01-16,"'update', 'pepsico', 'say', 'investment', 'drive', 'sale', 'dent', 'profit'"
2017-01-16,"'amazon', 'add', 'former', 'pepsico', 'ceo', 'indra', 'nooyi'"
2017-01-16,"'pepsico', 'say', 'investment', 'drive', 'sale', 'dent', 'profit'"
2017-01-16,"'white', 'house', 'considering', 'nooyi', 'malpass', 'washburne', 'world', 'bank', 'candidate', 'administration'"
2017-01-16,"'pepsico', 'sodastream', 'open', 'manufacturing', 'plant'"
2017-01-16,"'white', 'house', 'considering', 'former', 'pepsico', 'ceo', 'treasury', 'official', 'lead', 'world', 'bank'"
2017-01-16,"'update', 'amazon', 'add', 'former', 'pepsico', 'ceo', 'indra', 'nooyi'"
2017-01-16,"'amazon', 'appoints', 'indra', 'nooyi'"
2017-01-17,"'pepsico', 'forecast', 'surprise', 'drop', 'core'"
2017-01-17,"'update', 'white', 'house', 'considering', 'former', 'pepsico', 'ceo', 'treasury', 'official', 'lead', 'world', 'bank'"
2017-01-17,"'update', 'pepsico', 'say', 'investment', 'drive', 'sale', 'dent', 'profit'"
2017-01-17,"'amazon', 'add', 'former', 'pepsico', 'ceo', 'indra', 'nooyi'"
2017-01-17,"'pepsico', 'say', 'investment', 'drive', 'sale', 'dent', 'profit'"
2017-01-17,"'white', 'house', 'considering', 'nooyi', 'malpass', 'washburne', 'world', 'bank', 'candidate', 'administration'"
2017-01-17,"'pepsico', 'sodastream', 'open', 'manufacturing', 'plant'"
2017-01-17,"'white', 'house', 'considering', 'former', 'pepsico', 'ceo', 'treasury', 'official', 'lead', 'world', 'bank'"
2017-01-17,"'update', 'amazon', 'add', 'former', 'pepsico', 'ceo', 'indra', 'nooyi'"
2017-01-17,"'boring', 'stock', 'get', 'exciting', 'trump', 'rally'"
2017-01-17,"'amazon', 'appoints', 'indra', 'nooyi'"
2017-01-18,"'pepsico', 'forecast', 'surprise', 'drop', 'core'"
2017-01-18,"'update', 'white', 'house', 'considering', 'former', 'pepsico', 'ceo', 'treasury', 'official', 'lead', 'world', 'bank'"
2017-01-18,"'update', 'pepsico', 'say', 'investment', 'drive', 'sale', 'dent', 'profit'"
2017-01-18,"'amazon', 'add', 'former', 'pepsico', 'ceo', 'indra', 'nooyi'"
2017-01-18,"'pepsico', 'say', 'investment', 'drive', 'sale', 'dent', 'profit'"
2017-01-18,"'white', 'house', 'considering', 'nooyi', 'malpass', 'washburne', 'world', 'bank', 'candidate', 'administration'"
2017-01-18,"'pepsico', 'sodastream', 'open', 'manufacturing', 'plant'"
2017-01-18,"'white', 'house', 'considering', 'former', 'pepsico', 'ceo', 'treasury', 'official', 'lead', 'world', 'bank'"
2017-01-18,"'update', 'amazon', 'add', 'former', 'pepsico', 'ceo', 'indra', 'nooyi'"
2017-01-18,"'amazon', 'appoints', 'indra', 'nooyi'"
2017-01-19,"'pepsico', 'forecast', 'surprise', 'drop', 'core'"
2017-01-19,"'update', 'white', 'house', 'considering', 'former', 'pepsico', 'ceo', 'treasury', 'official', 'lead', 'world', 'bank'"
2017-01-19,"'update', 'pepsico', 'say', 'investment', 'drive', 'sale', 'dent', 'profit'"
2017-01-19,"'amazon', 'add', 'former', 'pepsico', 'ceo', 'indra', 'nooyi'"
2017-01-19,"'pepsico', 'say', 'investment', 'drive', 'sale', 'dent', 'profit'"
2017-01-19,"'white', 'house', 'considering', 'nooyi', 'malpass', 'washburne', 'world', 'bank', 'candidate', 'administration'"
2017-01-19,"'pepsico', 'sodastream', 'open', 'manufacturing', 'plant'"
2017-01-19,"'white', 'house', 'considering', 'former', 'pepsico', 'ceo', 'treasury', 'official', 'lead', 'world', 'bank'"
2017-01-19,"'update', 'amazon', 'add', 'former', 'pepsico', 'ceo', 'indra', 'nooyi'"
2017-01-19,"'amazon', 'appoints', 'indra', 'nooyi'"
2017-01-20,"'pepsico', 'forecast', 'surprise', 'drop', 'core'"
2017-01-20,"'update', 'white', 'house', 'considering', 'former', 'pepsico', 'ceo', 'treasury', 'official', 'lead', 'world', 'bank'"
2017-01-20,"'update', 'pepsico', 'say', 'investment', 'drive', 'sale', 'dent', 'profit'"
2017-01-20,"'amazon', 'add', 'former', 'pepsico', 'ceo', 'indra', 'nooyi'"
2017-01-20,"'new', 'grace', 'revival', 'may', 'disappoint'"
2017-01-20,"'white', 'house', 'considering', 'nooyi', 'malpass', 'washburne', 'world', 'bank', 'candidate', 'administration'"
2017-01-20,"'pepsico', 'sodastream', 'open', 'manufacturing', 'plant'"
2017-01-20,"'white', 'house', 'considering', 'former', 'pepsico', 'ceo', 'treasury', 'official', 'lead', 'world', 'bank'"
2017-01-20,"'update', 'amazon', 'add', 'former', 'pepsico', 'ceo', 'indra', 'nooyi'"
2017-01-20,"'inauguration', 'stock', 'market', 'outlook', 'president', 'donald'"
2017-01-20,"'pepsico', 'say', 'investment', 'drive', 'sale', 'dent', 'profit'"
2017-01-20,"'amazon', 'appoints', 'indra', 'nooyi'"
2017-01-21,"'pepsico', 'forecast', 'surprise', 'drop', 'core'"
2017-01-21,"'update', 'white', 'house', 'considering', 'former', 'pepsico', 'ceo', 'treasury', 'official', 'lead', 'world', 'bank'"
2017-01-21,"'update', 'pepsico', 'say', 'investment', 'drive', 'sale', 'dent', 'profit'"
2017-01-21,"'user', 'manual', 'mixed'"
2017-01-21,"'pepsico', 'say', 'investment', 'drive', 'sale', 'dent', 'profit'"
2017-01-21,"'white', 'house', 'considering', 'nooyi', 'malpass', 'washburne', 'world', 'bank', 'candidate', 'administration'"
2017-01-21,"'pepsico', 'sodastream', 'open', 'manufacturing', 'plant'"
2017-01-21,"'white', 'house', 'considering', 'former', 'pepsico', 'ceo', 'treasury', 'official', 'lead', 'world', 'bank'"
2017-01-21,"'amazon', 'add', 'former', 'pepsico', 'ceo', 'indra', 'nooyi'"
2017-01-21,"'update', 'amazon', 'add', 'former', 'pepsico', 'ceo', 'indra', 'nooyi'"
2017-01-21,"'amazon', 'appoints', 'indra', 'nooyi'"
2017-01-22,"'pepsico', 'forecast', 'surprise', 'drop', 'core'"
2017-01-22,"'update', 'white', 'house', 'considering', 'former', 'pepsico', 'ceo', 'treasury', 'official', 'lead', 'world', 'bank'"
2017-01-22,"'update', 'pepsico', 'say', 'investment', 'drive', 'sale', 'dent', 'profit'"
2017-01-22,"'amazon', 'add', 'former', 'pepsico', 'ceo', 'indra', 'nooyi'"
2017-01-22,"'pepsico', 'say', 'investment', 'drive', 'sale', 'dent', 'profit'"
2017-01-22,"'white', 'house', 'considering', 'nooyi', 'malpass', 'washburne', 'world', 'bank', 'candidate', 'administration'"
2017-01-22,"'pepsico', 'sodastream', 'open', 'manufacturing', 'plant'"
2017-01-22,"'white', 'house', 'considering', 'former', 'pepsico', 'ceo', 'treasury', 'official', 'lead', 'world', 'bank'"
2017-01-22,"'update', 'amazon', 'add', 'former', 'pepsico', 'ceo', 'indra', 'nooyi'"
2017-01-22,"'amazon', 'appoints', 'indra', 'nooyi'"
2017-01-23,"'pepsico', 'forecast', 'surprise', 'drop', 'core'"
2017-01-23,"'update', 'white', 'house', 'considering', 'former', 'pepsico', 'ceo', 'treasury', 'official', 'lead', 'world', 'bank'"
2017-01-23,"'update', 'pepsico', 'say', 'investment', 'drive', 'sale', 'dent', 'profit'"
2017-01-23,"'amazon', 'add', 'former', 'pepsico', 'ceo', 'indra', 'nooyi'"
2017-01-23,"'pepsico', 'say', 'investment', 'drive', 'sale', 'dent', 'profit'"
2017-01-23,"'white', 'house', 'considering', 'nooyi', 'malpass', 'washburne', 'world', 'bank', 'candidate', 'administration'"
2017-01-23,"'pepsico', 'sodastream', 'open', 'manufacturing', 'plant'"
2017-01-23,"'white', 'house', 'considering', 'former', 'pepsico', 'ceo', 'treasury', 'official', 'lead', 'world', 'bank'"
2017-01-23,"'update', 'amazon', 'add', 'former', 'pepsico', 'ceo', 'indra', 'nooyi'"
2017-01-23,"'amazon', 'appoints', 'indra', 'nooyi'"
2017-01-24,"'pepsico', 'forecast', 'surprise', 'drop', 'core'"
2017-01-24,"'update', 'white', 'house', 'considering', 'former', 'pepsico', 'ceo', 'treasury', 'official', 'lead', 'world', 'bank'"
2017-01-24,"'update', 'pepsico', 'say', 'investment', 'drive', 'sale', 'dent', 'profit'"
2017-01-24,"'amazon', 'add', 'former', 'pepsico', 'ceo', 'indra', 'nooyi'"
2017-01-24,"'pepsico', 'say', 'investment', 'drive', 'sale', 'dent', 'profit'"
2017-01-24,"'white', 'house', 'considering', 'nooyi', 'malpass', 'washburne', 'world', 'bank', 'candidate', 'administration'"
2017-01-24,"'pepsico', 'sodastream', 'open', 'manufacturing', 'plant'"
2017-01-24,"'white', 'house', 'considering', 'former', 'pepsico', 'ceo', 'treasury', 'official', 'lead', 'world', 'bank'"
2017-01-24,"'update', 'amazon', 'add', 'former', 'pepsico', 'ceo', 'indra', 'nooyi'"
2017-01-24,"'amazon', 'appoints', 'indra', 'nooyi'"
2017-01-25,"'pepsico', 'forecast', 'surprise', 'drop', 'core'"
2017-01-25,"'update', 'white', 'house', 'considering', 'former', 'pepsico', 'ceo', 'treasury', 'official', 'lead', 'world', 'bank'"
2017-01-25,"'update', 'pepsico', 'say', 'investment', 'drive', 'sale', 'dent', 'profit'"
2017-01-25,"'amazon', 'add', 'former', 'pepsico', 'ceo', 'indra', 'nooyi'"
2017-01-25,"'pepsico', 'say', 'investment', 'drive', 'sale', 'dent', 'profit'"
2017-01-25,"'white', 'house', 'considering', 'nooyi', 'malpass', 'washburne', 'world', 'bank', 'candidate', 'administration'"
2017-01-25,"'pepsico', 'sodastream', 'open', 'manufacturing', 'plant'"
2017-01-25,"'white', 'house', 'considering', 'former', 'pepsico', 'ceo', 'treasury', 'official', 'lead', 'world', 'bank'"
2017-01-25,"'update', 'amazon', 'add', 'former', 'pepsico', 'ceo', 'indra', 'nooyi'"
2017-01-25,"'amazon', 'appoints', 'indra', 'nooyi'"
2017-01-26,"'pepsico', 'forecast', 'surprise', 'drop', 'core'"
2017-01-26,"'update', 'white', 'house', 'considering', 'former', 'pepsico', 'ceo', 'treasury', 'official', 'lead', 'world', 'bank'"
2017-01-26,"'update', 'pepsico', 'say', 'investment', 'drive', 'sale', 'dent', 'profit'"
2017-01-26,"'amazon', 'add', 'former', 'pepsico', 'ceo', 'indra', 'nooyi'"
2017-01-26,"'pepsico', 'say', 'investment', 'drive', 'sale', 'dent', 'profit'"
2017-01-26,"'white', 'house', 'considering', 'nooyi', 'malpass', 'washburne', 'world', 'bank', 'candidate', 'administration'"
2017-01-26,"'pepsico', 'sodastream', 'open', 'manufacturing', 'plant'"
2017-01-26,"'white', 'house', 'considering', 'former', 'pepsico', 'ceo', 'treasury', 'official', 'lead', 'world', 'bank'"
2017-01-26,"'update', 'amazon', 'add', 'former', 'pepsico', 'ceo', 'indra', 'nooyi'"
2017-01-26,"'amazon', 'appoints', 'indra', 'nooyi'"
2017-01-27,"'pepsico', 'forecast', 'surprise', 'drop', 'core'"
2017-01-27,"'update', 'white', 'house', 'considering', 'former', 'pepsico', 'ceo', 'treasury', 'official', 'lead', 'world', 'bank'"
2017-01-27,"'update', 'pepsico', 'say', 'investment', 'drive', 'sale', 'dent', 'profit'"
2017-01-27,"'amazon', 'add', 'former', 'pepsico', 'ceo', 'indra', 'nooyi'"
2017-01-27,"'pepsico', 'say', 'investment', 'drive', 'sale', 'dent', 'profit'"
2017-01-27,"'white', 'house', 'considering', 'nooyi', 'malpass', 'washburne', 'world', 'bank', 'candidate', 'administration'"
2017-01-27,"'pepsico', 'sodastream', 'open', 'manufacturing', 'plant'"
2017-01-27,"'white', 'house', 'considering', 'former', 'pepsico', 'ceo', 'treasury', 'official', 'lead', 'world', 'bank'"
2017-01-27,"'update', 'amazon', 'add', 'former', 'pepsico', 'ceo', 'indra', 'nooyi'"
2017-01-27,"'amazon', 'appoints', 'indra', 'nooyi'"
2017-01-28,"'pepsico', 'forecast', 'surprise', 'drop', 'core'"
2017-01-28,"'update', 'white', 'house', 'considering', 'former', 'pepsico', 'ceo', 'treasury', 'official', 'lead', 'world', 'bank'"
2017-01-28,"'update', 'pepsico', 'say', 'investment', 'drive', 'sale', 'dent', 'profit'"
2017-01-28,"'amazon', 'add', 'former', 'pepsico', 'ceo', 'indra', 'nooyi'"
2017-01-28,"'pepsico', 'say', 'investment', 'drive', 'sale', 'dent', 'profit'"
2017-01-28,"'white', 'house', 'considering', 'nooyi', 'malpass', 'washburne', 'world', 'bank', 'candidate', 'administration'"
2017-01-28,"'pepsico', 'sodastream', 'open', 'manufacturing', 'plant'"
2017-01-28,"'white', 'house', 'considering', 'former', 'pepsico', 'ceo', 'treasury', 'official', 'lead', 'world', 'bank'"
2017-01-28,"'update', 'amazon', 'add', 'former', 'pepsico', 'ceo', 'indra', 'nooyi'"
2017-01-28,"'amazon', 'appoints', 'indra', 'nooyi'"
2017-01-29,"'pepsico', 'forecast', 'surprise', 'drop', 'core'"
2017-01-29,"'update', 'white', 'house', 'considering', 'former', 'pepsico', 'ceo', 'treasury', 'official', 'lead', 'world', 'bank'"
2017-01-29,"'update', 'pepsico', 'say', 'investment', 'drive', 'sale', 'dent', 'profit'"
2017-01-29,"'amazon', 'add', 'former', 'pepsico', 'ceo', 'indra', 'nooyi'"
2017-01-29,"'pepsico', 'say', 'investment', 'drive', 'sale', 'dent', 'profit'"
2017-01-29,"'white', 'house', 'considering', 'nooyi', 'malpass', 'washburne', 'world', 'bank', 'candidate', 'administration'"
2017-01-29,"'pepsico', 'sodastream', 'open', 'manufacturing', 'plant'"
2017-01-29,"'white', 'house', 'considering', 'former', 'pepsico', 'ceo', 'treasury', 'official', 'lead', 'world', 'bank'"
2017-01-29,"'update', 'amazon', 'add', 'former', 'pepsico', 'ceo', 'indra', 'nooyi'"
2017-01-29,"'amazon', 'appoints', 'indra', 'nooyi'"
2017-01-30,"'pepsico', 'forecast', 'surprise', 'drop', 'core'"
2017-01-30,"'update', 'white', 'house', 'considering', 'former', 'pepsico', 'ceo', 'treasury', 'official', 'lead', 'world', 'bank'"
2017-01-30,"'update', 'pepsico', 'say', 'investment', 'drive', 'sale', 'dent', 'profit'"
2017-01-30,"'white', 'house', 'considering', 'nooyi', 'malpass', 'washburne', 'world', 'bank', 'candidate', 'administration'"
2017-01-30,"'amazon', 'add', 'former', 'pepsico', 'ceo', 'indra', 'nooyi'"
2017-01-30,"'pepsico', 'say', 'investment', 'drive', 'sale', 'dent', 'profit'"
2017-01-30,"'elon', 'musk', 'want', 'suggest', 'trump', 'tweak', 'travel'"
2017-01-30,"'pepsico', 'sodastream', 'open', 'manufacturing', 'plant'"
2017-01-30,"'white', 'house', 'considering', 'former', 'pepsico', 'ceo', 'treasury', 'official', 'lead', 'world', 'bank'"
2017-01-30,"'update', 'amazon', 'add', 'former', 'pepsico', 'ceo', 'indra', 'nooyi'"
2017-01-30,"'amazon', 'appoints', 'indra', 'nooyi'"
2017-01-31,"'pepsico', 'forecast', 'surprise', 'drop', 'core'"
2017-01-31,"'update', 'white', 'house', 'considering', 'former', 'pepsico', 'ceo', 'treasury', 'official', 'lead', 'world', 'bank'"
2017-01-31,"'update', 'pepsico', 'say', 'investment', 'drive', 'sale', 'dent', 'profit'"
2017-01-31,"'amazon', 'add', 'former', 'pepsico', 'ceo', 'indra', 'nooyi'"
2017-01-31,"'pepsico', 'say', 'investment', 'drive', 'sale', 'dent', 'profit'"
2017-01-31,"'white', 'house', 'considering', 'nooyi', 'malpass', 'washburne', 'world', 'bank', 'candidate', 'administration'"
2017-01-31,"'pepsico', 'sodastream', 'open', 'manufacturing', 'plant'"
2017-01-31,"'white', 'house', 'considering', 'former', 'pepsico', 'ceo', 'treasury', 'official', 'lead', 'world', 'bank'"
2017-01-31,"'update', 'amazon', 'add', 'former', 'pepsico', 'ceo', 'indra', 'nooyi'"
2017-01-31,"'amazon', 'appoints', 'indra', 'nooyi'"
2017-02-01,"'pepsico', 'forecast', 'surprise', 'drop', 'core'"
2017-02-01,"'update', 'white', 'house', 'considering', 'former', 'pepsico', 'ceo', 'treasury', 'official', 'lead', 'world', 'bank'"
2017-02-01,"'update', 'pepsico', 'say', 'investment', 'drive', 'sale', 'dent', 'profit'"
2017-02-01,"'amazon', 'add', 'former', 'pepsico', 'ceo', 'indra', 'nooyi'"
2017-02-01,"'pepsico', 'say', 'investment', 'drive', 'sale', 'dent', 'profit'"
2017-02-01,"'white', 'house', 'considering', 'nooyi', 'malpass', 'washburne', 'world', 'bank', 'candidate', 'administration'"
2017-02-01,"'pepsico', 'sodastream', 'open', 'manufacturing', 'plant'"
2017-02-01,"'white', 'house', 'considering', 'former', 'pepsico', 'ceo', 'treasury', 'official', 'lead', 'world', 'bank'"
2017-02-01,"'update', 'amazon', 'add', 'former', 'pepsico', 'ceo', 'indra', 'nooyi'"
2017-02-01,"'amazon', 'appoints', 'indra', 'nooyi'"
2017-02-02,"'pepsico', 'forecast', 'surprise', 'drop', 'core'"
2017-02-02,"'update', 'white', 'house', 'considering', 'former', 'pepsico', 'ceo', 'treasury', 'official', 'lead', 'world', 'bank'"
2017-02-02,"'update', 'pepsico', 'say', 'investment', 'drive', 'sale', 'dent', 'profit'"
2017-02-02,"'amazon', 'add', 'former', 'pepsico', 'ceo', 'indra', 'nooyi'"
2017-02-02,"'pepsico', 'say', 'investment', 'drive', 'sale', 'dent', 'profit'"
2017-02-02,"'white', 'house', 'considering', 'nooyi', 'malpass', 'washburne', 'world', 'bank', 'candidate', 'administration'"
2017-02-02,"'pepsico', 'sodastream', 'open', 'manufacturing', 'plant'"
2017-02-02,"'white', 'house', 'considering', 'former', 'pepsico', 'ceo', 'treasury', 'official', 'lead', 'world', 'bank'"
2017-02-02,"'dividend', 'aristocrat', 'stock', 'expected', 'rise', 'get', 'paid'"
2017-02-02,"'update', 'amazon', 'add', 'former', 'pepsico', 'ceo', 'indra', 'nooyi'"
2017-02-02,"'amazon', 'appoints', 'indra', 'nooyi'"
2017-02-03,"'pepsico', 'forecast', 'surprise', 'drop', 'core'"
2017-02-03,"'update', 'white', 'house', 'considering', 'former', 'pepsico', 'ceo', 'treasury', 'official', 'lead', 'world', 'bank'"
2017-02-03,"'update', 'pepsico', 'say', 'investment', 'drive', 'sale', 'dent', 'profit'"
2017-02-03,"'amazon', 'add', 'former', 'pepsico', 'ceo', 'indra', 'nooyi'"
2017-02-03,"'pepsico', 'say', 'investment', 'drive', 'sale', 'dent', 'profit'"
2017-02-03,"'white', 'house', 'considering', 'nooyi', 'malpass', 'washburne', 'world', 'bank', 'candidate', 'administration'"
2017-02-03,"'pepsico', 'sodastream', 'open', 'manufacturing', 'plant'"
2017-02-03,"'white', 'house', 'considering', 'former', 'pepsico', 'ceo', 'treasury', 'official', 'lead', 'world', 'bank'"
2017-02-03,"'update', 'amazon', 'add', 'former', 'pepsico', 'ceo', 'indra', 'nooyi'"
2017-02-03,"'amazon', 'appoints', 'indra', 'nooyi'"
2017-02-04,"'pepsico', 'forecast', 'surprise', 'drop', 'core'"
2017-02-04,"'update', 'white', 'house', 'considering', 'former', 'pepsico', 'ceo', 'treasury', 'official', 'lead', 'world', 'bank'"
2017-02-04,"'update', 'pepsico', 'say', 'investment', 'drive', 'sale', 'dent', 'profit'"
2017-02-04,"'amazon', 'add', 'former', 'pepsico', 'ceo', 'indra', 'nooyi'"
2017-02-04,"'pepsico', 'say', 'investment', 'drive', 'sale', 'dent', 'profit'"
2017-02-04,"'white', 'house', 'considering', 'nooyi', 'malpass', 'washburne', 'world', 'bank', 'candidate', 'administration'"
2017-02-04,"'pepsico', 'sodastream', 'open', 'manufacturing', 'plant'"
2017-02-04,"'white', 'house', 'considering', 'former', 'pepsico', 'ceo', 'treasury', 'official', 'lead', 'world', 'bank'"
2017-02-04,"'update', 'amazon', 'add', 'former', 'pepsico', 'ceo', 'indra', 'nooyi'"
2017-02-04,"'amazon', 'appoints', 'indra', 'nooyi'"
2017-02-05,"'pepsico', 'forecast', 'surprise', 'drop', 'core'"
2017-02-05,"'update', 'white', 'house', 'considering', 'former', 'pepsico', 'ceo', 'treasury', 'official', 'lead', 'world', 'bank'"
2017-02-05,"'update', 'pepsico', 'say', 'investment', 'drive', 'sale', 'dent', 'profit'"
2017-02-05,"'amazon', 'add', 'former', 'pepsico', 'ceo', 'indra', 'nooyi'"
2017-02-05,"'pepsico', 'say', 'investment', 'drive', 'sale', 'dent', 'profit'"
2017-02-05,"'white', 'house', 'considering', 'nooyi', 'malpass', 'washburne', 'world', 'bank', 'candidate', 'administration'"
2017-02-05,"'pepsico', 'sodastream', 'open', 'manufacturing', 'plant'"
2017-02-05,"'white', 'house', 'considering', 'former', 'pepsico', 'ceo', 'treasury', 'official', 'lead', 'world', 'bank'"
2017-02-05,"'update', 'amazon', 'add', 'former', 'pepsico', 'ceo', 'indra', 'nooyi'"
2017-02-05,"'amazon', 'appoints', 'indra', 'nooyi'"
2017-02-06,"'pepsico', 'forecast', 'surprise', 'drop', 'core'"
2017-02-06,"'update', 'white', 'house', 'considering', 'former', 'pepsico', 'ceo', 'treasury', 'official', 'lead', 'world', 'bank'"
2017-02-06,"'update', 'pepsico', 'say', 'investment', 'drive', 'sale', 'dent', 'profit'"
2017-02-06,"'amazon', 'add', 'former', 'pepsico', 'ceo', 'indra', 'nooyi'"
2017-02-06,"'pepsico', 'say', 'investment', 'drive', 'sale', 'dent', 'profit'"
2017-02-06,"'white', 'house', 'considering', 'nooyi', 'malpass', 'washburne', 'world', 'bank', 'candidate', 'administration'"
2017-02-06,"'pepsico', 'sodastream', 'open', 'manufacturing', 'plant'"
2017-02-06,"'white', 'house', 'considering', 'former', 'pepsico', 'ceo', 'treasury', 'official', 'lead', 'world', 'bank'"
2017-02-06,"'update', 'amazon', 'add', 'former', 'pepsico', 'ceo', 'indra', 'nooyi'"
2017-02-06,"'amazon', 'appoints', 'indra', 'nooyi'"
2017-02-07,"'pepsico', 'forecast', 'surprise', 'drop', 'core'"
2017-02-07,"'update', 'white', 'house', 'considering', 'former', 'pepsico', 'ceo', 'treasury', 'official', 'lead', 'world', 'bank'"
2017-02-07,"'update', 'pepsico', 'say', 'investment', 'drive', 'sale', 'dent', 'profit'"
2017-02-07,"'real', 'super', 'bowl', 'winner'"
2017-02-07,"'amazon', 'add', 'former', 'pepsico', 'ceo', 'indra', 'nooyi'"
2017-02-07,"'pepsico', 'say', 'investment', 'drive', 'sale', 'dent', 'profit'"
2017-02-07,"'white', 'house', 'considering', 'nooyi', 'malpass', 'washburne', 'world', 'bank', 'candidate', 'administration'"
2017-02-07,"'pepsico', 'sodastream', 'open', 'manufacturing', 'plant'"
2017-02-07,"'white', 'house', 'considering', 'former', 'pepsico', 'ceo', 'treasury', 'official', 'lead', 'world', 'bank'"
2017-02-07,"'update', 'amazon', 'add', 'former', 'pepsico', 'ceo', 'indra', 'nooyi'"
2017-02-07,"'amazon', 'appoints', 'indra', 'nooyi'"
2017-02-08,"'pepsico', 'forecast', 'surprise', 'drop', 'core'"
2017-02-08,"'update', 'white', 'house', 'considering', 'former', 'pepsico', 'ceo', 'treasury', 'official', 'lead', 'world', 'bank'"
2017-02-08,"'update', 'pepsico', 'say', 'investment', 'drive', 'sale', 'dent', 'profit'"
2017-02-08,"'amazon', 'add', 'former', 'pepsico', 'ceo', 'indra', 'nooyi'"
2017-02-08,"'pepsico', 'say', 'investment', 'drive', 'sale', 'dent', 'profit'"
2017-02-08,"'white', 'house', 'considering', 'nooyi', 'malpass', 'washburne', 'world', 'bank', 'candidate', 'administration'"
2017-02-08,"'pepsico', 'sodastream', 'open', 'manufacturing', 'plant'"
2017-02-08,"'company', 'rent', 'brain', 'pepsico', 'others', 'thorny'"
2017-02-08,"'white', 'house', 'considering', 'former', 'pepsico', 'ceo', 'treasury', 'official', 'lead', 'world', 'bank'"
2017-02-08,"'update', 'amazon', 'add', 'former', 'pepsico', 'ceo', 'indra', 'nooyi'"
2017-02-08,"'amazon', 'appoints', 'indra', 'nooyi'"
2017-02-09,"'coca', 'cola', 'earnings', 'concerning'"
2017-02-09,"'pepsico', 'forecast', 'surprise', 'drop', 'core'"
2017-02-09,"'update', 'pepsico', 'say', 'investment', 'drive', 'sale', 'dent', 'profit'"
2017-02-09,"'update', 'white', 'house', 'considering', 'former', 'pepsico', 'ceo', 'treasury', 'official', 'lead', 'world', 'bank'"
2017-02-09,"'amazon', 'add', 'former', 'pepsico', 'ceo', 'indra', 'nooyi'"
2017-02-09,"'pepsico', 'say', 'investment', 'drive', 'sale', 'dent', 'profit'"
2017-02-09,"'white', 'house', 'considering', 'nooyi', 'malpass', 'washburne', 'world', 'bank', 'candidate', 'administration'"
2017-02-09,"'pepsico', 'sodastream', 'open', 'manufacturing', 'plant'"
2017-02-09,"'coke', 'profit', 'hit', 'weak', 'developing'"
2017-02-09,"'white', 'house', 'considering', 'former', 'pepsico', 'ceo', 'treasury', 'official', 'lead', 'world', 'bank'"
2017-02-09,"'update', 'amazon', 'add', 'former', 'pepsico', 'ceo', 'indra', 'nooyi'"
2017-02-09,"'amazon', 'appoints', 'indra', 'nooyi'"
2017-02-10,"'pepsico', 'forecast', 'surprise', 'drop', 'core'"
2017-02-10,"'update', 'white', 'house', 'considering', 'former', 'pepsico', 'ceo', 'treasury', 'official', 'lead', 'world', 'bank'"
2017-02-10,"'update', 'pepsico', 'say', 'investment', 'drive', 'sale', 'dent', 'profit'"
2017-02-10,"'amazon', 'add', 'former', 'pepsico', 'ceo', 'indra', 'nooyi'"
2017-02-10,"'pepsico', 'say', 'investment', 'drive', 'sale', 'dent', 'profit'"
2017-02-10,"'white', 'house', 'considering', 'nooyi', 'malpass', 'washburne', 'world', 'bank', 'candidate', 'administration'"
2017-02-10,"'pepsico', 'sodastream', 'open', 'manufacturing', 'plant'"
2017-02-10,"'white', 'house', 'considering', 'former', 'pepsico', 'ceo', 'treasury', 'official', 'lead', 'world', 'bank'"
2017-02-10,"'update', 'amazon', 'add', 'former', 'pepsico', 'ceo', 'indra', 'nooyi'"
2017-02-10,"'amazon', 'appoints', 'indra', 'nooyi'"
2017-02-11,"'pepsico', 'forecast', 'surprise', 'drop', 'core'"
2017-02-11,"'update', 'white', 'house', 'considering', 'former', 'pepsico', 'ceo', 'treasury', 'official', 'lead', 'world', 'bank'"
2017-02-11,"'update', 'pepsico', 'say', 'investment', 'drive', 'sale', 'dent', 'profit'"
2017-02-11,"'stock', 'market', 'trump', 'rally'"
2017-02-11,"'amazon', 'add', 'former', 'pepsico', 'ceo', 'indra', 'nooyi'"
2017-02-11,"'wall', 'street', 'firm', 'introduce', 'visible', 'alpha'"
2017-02-11,"'white', 'house', 'considering', 'nooyi', 'malpass', 'washburne', 'world', 'bank', 'candidate', 'administration'"
2017-02-11,"'pepsico', 'sodastream', 'open', 'manufacturing', 'plant'"
2017-02-11,"'white', 'house', 'considering', 'former', 'pepsico', 'ceo', 'treasury', 'official', 'lead', 'world', 'bank'"
2017-02-11,"'update', 'amazon', 'add', 'former', 'pepsico', 'ceo', 'indra', 'nooyi'"
2017-02-11,"'pepsico', 'say', 'investment', 'drive', 'sale', 'dent', 'profit'"
2017-02-11,"'amazon', 'appoints', 'indra', 'nooyi'"
2017-02-14,"'pepsico', 'earnings'"
2017-02-14,"'activist', 'investor', 'trian', 'take', 'billion', 'stake'"
2017-02-15,"'nba', 'changing', 'league', 'league', 'gatorade'"
2017-02-15,"'pepsico', 'revenue', 'billion', 'v', 'year', 'ago'"
2017-02-15,"'pepsico', 'face', 'pressure', 'get', 'healthy', 'forecast'"
2017-02-15,"'pepsi', 'beat', 'profit', 'expectation', 'boosted', 'beverage'"
2017-02-15,"'stock', 'set', 'another', 'round', 'record', 'trump', 'pledge', 'massive', 'tax'"
2017-02-15,"'pepsico', 'revenue', 'rise', 'forex', 'impact'"
2017-02-15,"'pepsico', 'report', 'adjusted', 'eps', 'cent', 'versus', 'year', 'ago'"
2017-02-15,"'pepsi', 'guidance'"
2017-02-15,"'pepsico', 'revenue', 'buoyed', 'healthier'"
2017-02-15,"'correct', 'pepsico', 'adjusted', 'eps', 'year'"
2017-02-15,"'trump', 'trade', 'border', 'wall', 'texas', 'win', 'state'"
2017-02-18,"'global', 'dividend', 'year'"
2017-02-18,"'case', 'macro'"
2017-02-21,"'pepsico', 'change', 'naked', 'juice', 'labeling', 'part', 'settlement', 'healthy', 'food'"
2017-02-28,"'monster', 'beverage', 'face', 'earnings'"
2017-03-02,"'pepsico', 'coca', 'cola', 'spurned', 'southern', 'india', 'fight'"
2017-03-08,"'pepsico', 'coca', 'cola', 'face', 'ban', 'second', 'indian', 'state'"
2017-03-10,"'american', 'drink', 'bottled', 'water'"
2017-03-11,"'ball', 'corp'"
2017-03-15,"'investor', 'retreat', 'low', 'volatility', 'etf', 'ahead', 'higher'"
2017-03-16,"'pepsico', 'coca', 'cola', 'fight', 'patriotism', 'drought', 'hit', 'indian'"
2017-03-17,"'pepsico', 'ceo', 'pay', 'rise', 'health', 'push', 'help', 'boost'"
2017-03-19,"'weekend', 'roundup', 'avoid', 'bottled', 'water', 'recession', 'warning', 'investment'"
2017-03-21,"'pepsico', 'started', 'overweight', 'stock', 'price', 'target'"
2017-03-25,"'world', 'best', 'ceo', 'exclusive', 'barron'"
2017-03-29,"'bull', 'trend', 'absorbs', 'march', 'technical'"
2017-03-30,"'monster', 'beverage', 'monster', 'delay'"
2017-04-01,"'dow', 'rise', 'sixth', 'straight'"
2017-04-01,"'investing', 'like'"
2017-04-04,"'buffett', 'coke', 'hit', 'china', 'etf'"
2017-04-04,"'pepsi', 'face', 'backlash', 'tone', 'deaf', 'protest'"
2017-04-05,"'gold', 'marching', 'toward', 'could', 'trip'"
2017-04-05,"'pepper', 'banco', 'popular', 'cancel', 'finance'"
2017-04-05,"'pepsi', 'bow', 'pressure', 'pull', 'controversial', 'kendall', 'jenner'"
2017-04-10,"'ceo', 'flywheel', 'sport', 'embrace'"
2017-04-12,"'morning', 'mover', 'delta', 'lululemon', 'pepsi'"
2017-04-12,"'pepsi', 'upgraded', 'neutral', 'positive'"
2017-04-12,"'pepsi', 'kraft', 'heinz', 'next', 'takeover', 'target'"
2017-04-14,"'united', 'airline', 'pepsi', 'pr', 'setback', 'may', 'hurt'"
2017-04-19,"'pepsico', 'coke', 'lose', 'market', 'share', 'american', 'flee', 'soda'"
2017-04-22,"'dividend', 'stock', 'etf', 'help', 'make', 'money', 'avoiding'"
2017-04-25,"'pepsi', 'earnings', 'profit', 'sale', 'expected'"
2017-04-26,"'pepsico', 'core', 'eps', 'factset', 'forecast'"
2017-04-26,"'everyone', 'love', 'stock', 'avoid'"
2017-04-26,"'pepsico', 'price', 'gain', 'help', 'snack', 'giant', 'weather', 'sluggish'"
2017-04-26,"'pepsico', 'eps', 'cent', 'v', 'cent', 'year'"
2017-04-26,"'stock', 'market', 'close', 'fractionally', 'lower', 'trump', 'tax', 'plan'"
2017-04-26,"'morning', 'mover', 'valeant', 'jump', 'boeing', 'drop', 'seagate'"
2017-04-26,"'pepsico', 'quarterly', 'sale', 'core', 'earnings', 'surpass'"
2017-04-26,"'pepsico', 'pricing', 'boost'"
2017-04-26,"'pepsico', 'core', 'eps', 'cent', 'v', 'cent', 'year'"
2017-04-26,"'pepsico', 'revenue', 'billion', 'v', 'billion', 'year'"
2017-04-26,"'pepsico', 'factset', 'revenue', 'estimate'"
2017-04-26,"'frito', 'lay', 'growth', 'sputter', 'troubling', 'sign'"
2017-04-27,"'pepsico', 'earns', 'plus'"
2017-04-29,"'pepsico', 'focus', 'guilt', 'free', 'beverage', 'yet', 'research', 'cast', 'pall', 'diet'"
2017-05-04,"'brand', 'world', 'could', 'affected', 'general', 'mill'"
2017-05-06,"'costco', 'special', 'payout', 'come', 'trade'"
2017-05-09,"'want', 'portfolio', 'diversification', 'try', 'different', 'weight', 'different'"
2017-05-10,"'united', 'director', 'gain', 'brave', 'stock'"
2017-05-11,"'alibaba', 'big', 'data', 'attracts', 'pepsi'"
2017-05-16,"'teen', 'dy', 'downing', 'dangerous', 'amount', 'caffeinated'"
2017-05-17,"'business', 'pepsico', 'pfizer', 'stake', 'lead'"
2017-05-24,"'contrarian', 'investor', 'best', 'bet', 'coming'"
2017-05-25,"'pepsico', 'sell', 'britvic'"
2017-06-04,"'worried', 'trump', 'failing', 'boost', 'economy', 'money', 'manager', 'strategy'"
2017-06-06,"'beyond', 'tech', 'sector', 'driving', 'stock'"
2017-06-06,"'kraft', 'heinz', 'making', 'go', 'along'"
2017-06-07,"'missed', 'coca', 'cola'"
2017-06-07,"'coke', 'stock', 'lead', 'dow', 'decliners', 'pepsi', 'share', 'fall', 'bmo'"
2017-06-07,"'pepsico', 'downgraded', 'market', 'perform', 'outperform', 'bmo'"
2017-06-10,
2017-06-10,'investment'
2017-06-10,"'mid', 'year', 'roundtable'"
2017-06-14,"'charting', 'broadening', 'breakout', 'attempt', 'ex', 'nasdaq', 'ahead'"
2017-06-17,"'tech', 'stock', 'rally', 'right'"
2017-06-19,"'buy', 'tech', 'etf', 'cash', 'amazon', 'bad'"
2017-06-21,"'tencent', 'nintendo', 'score', 'esports'"
2017-06-21,"'pfizer', 'time', 'sell', 'consumer', 'biz'"
2017-06-24,"'consumer', 'stock', 'nice'"
2017-06-27,"'vuzix', 'win', 'intel'"
2017-07-07,"'pepsi', 'still', 'buy', 'even', 'second', 'quarter', 'wow'"
2017-07-08,"'wonder', 'woman', 'capitalizing', 'gender'"
2017-07-08,"'big', 'year', 'ipo', 'valuation'"
2017-07-11,"'buzz', 'key', 'stock', 'market', 'sector', 'fizzling', 'earnings'"
2017-07-11,"'pepsico', 'stock', 'gain', 'premarket'"
2017-07-11,"'pepsico', 'profit', 'revenue', 'rise'"
2017-07-11,"'pepsico', 'earnings', 'pepsi', 'keep', 'raising', 'price', 'offset', 'weak', 'demand'"
2017-07-11,"'higher', 'price', 'boost', 'earnings'"
2017-07-11,"'nasdaq', 'extends', 'win', 'streak', 'stock', 'digest', 'latest', 'political'"
2017-07-11,"'amazon', 'taking', 'away', 'power', 'brand', 'name', 'throwing', 'another', 'industry'"
2017-07-11,"'pepsico', 'turn', 'premium', 'snack', 'fuel'"
2017-07-11,"'pepsi', 'slip', 'despite', 'earnings'"
2017-07-12,"'pepsico', 'stock', 'price', 'target', 'raised'"
2017-07-13,"'want', 'free', 'stuff', 'flattery', 'get'"
2017-07-13,"'pepsico', 'lay', 'outperformance'"
2017-07-14,"'pepsi', 'earnings', 'could', 'bad', 'news'"
2017-07-15,"'barclays', 'say', 'overweight'"
2017-07-20,"'ab', 'inbev', 'buy', 'energy', 'drink', 'maker'"
2017-07-24,"'coca', 'cola', 'optimistic'"
2017-07-26,"'cheap', 'growth', 'stock'"
2017-07-31,"'company', 'spent', 'billion', 'buying', 'back', 'share', 'ceo', 'dumping'"
2017-08-10,"'tobacco', 'beverage', 'stock', 'short', 'seller', 'liked'"
2017-08-10,"'underpriced', 'stock', 'hedge'"
2017-08-15,"'pepsico', 'nooyi', 'come', 'fire', 'trump', 'council'"
2017-08-16,"'hold', 'range', 'dow', 'rise', 'within', 'view', 'uncharted'"
2017-08-16,"'consumer', 'staple', 'start', 'stir'"
2017-08-16,"'bayer', 'join', 'battle', 'citrus', 'greening'"
2017-08-17,"'coca', 'cola', 'win', 'arby', 'away', 'pepsico', 'latest'"
2017-08-25,"'university', 'california', 'buy', 'berkshire'"
2017-08-25,"'time', 'ceo', 'tell', 'trump', 'fired'"
2017-09-04,"'reckitt', 'benckiser', 'say', 'top', 'exec'"
2017-09-06,"'wal', 'mart', 'tjx', 'mcdonald', 'demand', 'low', 'income', 'consumer'"
2017-09-11,"'low', 'volatility', 'etf', 'help', 'investor', 'ride', 'market'"
2017-09-11,"'pepsico', 'draw', 'short'"
2017-09-19,"'microsoft', 'hike', 'quarterly', 'dividend', 'announces', 'change', 'board'"
2017-09-19,"'former', 'google', 'cfo', 'join', 'twitter', 'board', 'pepsico', 'exec'"
2017-09-21,"'mormon', 'church', 'byu', 'revers', 'six', 'decade', 'ban', 'selling', 'caffeinated'"
2017-10-02,"'morning', 'mover', 'sarepta', 'jump', 'bluebird', 'bio', 'drop', 'mgm'"
2017-10-04,"'pepsi', 'stock', 'turn', 'lower', 'fall', 'premarket'"
2017-10-04,"'pepsi', 'stock', 'gain', 'profit', 'beat', 'offset', 'sale'"
2017-10-04,"'pepsico', 'adj', 'eps', 'factset', 'consensus'"
2017-10-04,"'pepsico', 'snack', 'business', 'fuel', 'growth', 'soft', 'drink'"
2017-10-04,"'pepsi', 'stock', 'fall', 'shed', 'premarket'"
2017-10-04,"'eu', 'order', 'luxembourg', 'recoup', 'million', 'amazon', 'back'"
2017-10-04,"'pepsico', 'revenue', 'bln', 'v', 'bln', 'factset', 'consensus'"
2017-10-04,"'pepsico', 'eps', 'v', 'year'"
2017-10-04,"'pepsi', 'last', 'straw', 'takeover', 'next'"
2017-10-04,"'pepsico', 'make', 'bigger', 'online', 'bet', 'amazon', 'rattle', 'grocery'"
2017-10-04,"'pepsi', 'stock', 'price', 'target', 'cut'"
2017-10-04,"'pepsico', 'push', 'healthier', 'drink', 'hurt', 'soda'"
2017-10-04,"'pepsico', 'cut', 'revenue', 'growth', 'outlook', 'flat', 'least'"
2017-10-04,"'morning', 'mover', 'mylan', 'soar', 'teva', 'tumble', 'pepsico'"
2017-10-04,"'pepsico', 'push', 'healthier', 'drink', 'loses', 'soda'"
2017-10-11,"'ransomware', 'market', 'soar', 'amid', 'high', 'profile', 'attack', 'rise'"
2017-10-18,"'coca', 'cola', 'pop'"
2017-10-23,"'consumer', 'staple', 'sticking', 'kimberly', 'clark', 'latest'"
2017-10-24,"'future', 'grocery', 'shopping'"
2017-10-25,"'next', 'burger', 'may', 'worm'"
2017-10-25,"'fizz', 'pop', 'coca', 'cola', 'gone'"
2017-11-01,"'company', 'parsing', 'earnings', 'call', 'identify', 'speech', 'pattern', 'move', 'stock'"
2017-11-09,"'monster', 'beverage', 'latest', 'horror', 'show', 'maybe'"
2017-11-13,"'ab', 'inbev', 'swap', 'bos', 'amid', 'bud', 'sale'"
2017-11-14,"'coca', 'cola', 'ok', 'overpay', 'stock'"
2017-11-15,"'fountain', 'truth', 'coke', 'need'"
2017-11-17,"'pepsi', 'raise', 'dividend'"
2017-11-25,"'sweet', 'rising', 'sale', 'could', 'lift'"
2017-12-11,"'exxon', 'insider', 'hit', 'gas', 'stock'"
2017-12-13,"'pepsico', 'order', 'tesla', 'semi', 'truck', 'biggest', 'deal', 'since'"
2017-12-14,"'bottom', 'investor', 'drink', 'coke', 'pepsi'"
2017-12-15,"'blah', 'blah', 'much', 'get', 'excited', 'consumer'"
2017-12-16,"'hungry', 'income', 'best', 'worst', 'yield', 'play'"
2017-12-19,"'tesla', 'stock', 'climb', 'ups', 'reserve', 'semi'"
2017-12-22,"'much', 'lost', 'friday', 'cryptocurrency', 'rout', 'nearly'"
2017-12-28,"'countdown', 'coca', 'cola', 'loses'"
