2016-01-11,"'offer', 'unlimited', 'data', 'customer', 'go'"
2016-01-14,"'time', 'bottom', 'fish'"
2016-01-14,"'wireless', 'subscriber', 'keep'"
2016-01-19,"'give', 'monkey', 'clsa', 'say', 'nikkei', 'yen'"
2016-01-19,"'sprint', 'btig', 'cowen', 'skeptical', 'purported', 'network', 'scope', 'code'"
2016-01-21,"'monster', 'short', 'squeeze', 'nikkei', 'laggard', 'soar', 'dovish', 'ecb', 'oil'"
2016-01-21,"'thanks', 'sprint', 'softbank', 'worth', 'le', 'alibaba'"
2016-01-25,'expect'
2016-01-26,"'value', 'play', 'softbank', 'jump', 'sprint', 'reported', 'smaller'"
2016-01-26,"'stock', 'end', 'sharply', 'higher', 'lifted', 'oil'"
2016-01-26,"'sprint', 'surge', 'profit', 'outlook', 'well', 'see', 'improved'"
2016-01-26,"'chart', 'predicts', 'apple', 'share', 'headed'"
2016-01-26,"'sprint', 'stock', 'extends', 'surge', 'rocket', 'premarket'"
2016-01-26,"'sprint', 'boost', 'guidance', 'turnaround', 'take'"
2016-01-26,"'sprint', 'boost', 'guidance', 'turnaround', 'take'"
2016-01-26,"'sprint', 'stock', 'extends', 'gain', 'soar', 'premarket'"
2016-01-26,"'sprint', 'stock', 'rocket', 'narrower', 'expected', 'loss', 'upbeat'"
2016-01-26,"'sprint', 'postpaid', 'phone', 'net', 'addition', 'v', 'net', 'loss', 'year'"
2016-01-26,"'sprint', 'raise', 'full', 'year', 'adj', 'ebitda', 'outlook', 'bln', 'bln', 'bln'"
2016-01-26,"'sprint', 'stock', 'soar', 'premarket'"
2016-01-26,"'sprint', 'factset', 'per', 'share', 'loss', 'consensus'"
2016-01-26,"'sprint', 'per', 'share', 'loss', 'cent', 'v', 'loss', 'cent', 'year'"
2016-01-26,"'sprint', 'revenue', 'bln', 'v', 'bln', 'factset', 'consensus'"
2016-01-30,"'softbank', 'cheap'"
2016-02-02,"'cut', 'sprint', 'credit', 'rating', 'challenging', 'industry'"
2016-02-02,"'cut', 'sprint', 'credit', 'rating'"
2016-02-10,"'softbank', 'profit', 'fall', 'sharply', 'miss'"
2016-02-15,"'softbank', 'soar', 'surprise', 'buyback', 'fair', 'value'"
2016-02-15,"'trip', 'rabbit', 'hole', 'phone'"
2016-02-15,"'softbank', 'announces', 'billion', 'share'"
2016-02-15,"'softbank', 'buy', 'back', 'billion'"
2016-02-17,"'dish', 'le', 'downside', 'given', 'spectrum', 'discount', 'say'"
2016-02-18,"'mobile', 'get', 'mojo', 'back'"
2016-02-19,"'apple', 'trump', 'call', 'boycott', 'co', 'give', 'cellphone', 'info'"
2016-02-29,"'sprint', 'open', 'new', 'store', 'across', 'joint', 'venture', 'dixons'"
2016-02-29,"'sprint', 'say', 'venture', 'open', 'new', 'sprint', 'branded', 'store', 'across'"
2016-02-29,"'sprint', 'announces', 'joint', 'venture', 'dixons'"
2016-03-07,"'softbank', 'split', 'domestic', 'overseas'"
2016-03-07,"'softbank', 'split', 'two', 'sprint'"
2016-03-07,"'sba', 'communication', 'need', 'lift'"
2016-03-16,"'supplier', 'safe', 'samsung', 'galaxy'"
2016-03-17,"'sprint', 'need', 'cash', 'subscriber'"
2016-03-24,"'organic', 'growth', 'opportunity', 'scarce', 'mobile'"
2016-03-25,"'sprint', 'could', 'buy', 'weakened', 'mobile'"
2016-03-30,"'mobile', 'making', 'even', 'easier', 'millennials', 'ignore'"
2016-04-06,"'sprint', 'reach', 'deal', 'sell', 'lease', 'back', 'asset', 'raise'"
2016-04-07,"'end', 'lower', 'era', 'gain', 'global', 'economic'"
2016-04-07,"'sprint', 'raise', 'bln', 'cash', 'wireless', 'leaseback'"
2016-04-08,"'iphone', 'buyer', 'increasingly', 'avoiding', 'apple'"
2016-04-13,"'sprint', 'working', 'asks', 'pac'"
2016-04-13,"'sprint', 'stock', 'slump', 'premarket', 'analyst'"
2016-04-13,"'sprint', 'downgraded', 'underweight', 'sector', 'weight', 'pacific'"
2016-04-13,"'sprint', 'downgraded', 'underweight', 'pacific'"
2016-04-13,"'sprint', 'long', 'turnaround', 'ahead', 'pacific'"
2016-04-15,"'stock', 'morgan', 'stanley', 'say', 'buy', 'ahead', 'earnings'"
2016-04-20,"'wireless', 'tower', 'hurt', 'muted', 'carrier'"
2016-04-21,"'apple', 'verizon', 'hurt', 'fewer'"
2016-04-22,"'cheap', 'big', 'cap', 'stock', 'rising'"
2016-04-26,"'mobile', 'post', 'profit', 'strong', 'subscriber'"
2016-05-03,"'sprint', 'jump', 'ceo', 'claure', 'defends', 'spending', 'street', 'skeptical', 'network', 'build'"
2016-05-03,"'sell', 'may', 'strategy', 'working'"
2016-05-03,"'sprint', 'loss', 'widens'"
2016-05-03,"'sprint', 'share', 'jump', 'following', 'better', 'expected'"
2016-05-03,"'sprint', 'revenue', 'bln', 'v', 'bln', 'factset', 'consensus'"
2016-05-03,"'sprint', 'loss', 'per', 'share', 'cent', 'factset', 'consensus', 'cent', 'loss', 'per'"
2016-05-03,"'corrected', 'sprint', 'loss', 'per', 'share', 'cent', 'v', 'cent', 'loss', 'per'"
2016-05-09,"'five', 'pick', 'iphone', 'inventory'"
2016-05-10,"'softbank', 'jump', 'improving', 'cash', 'flow', 'domestic', 'telco'"
2016-05-10,"'softbank', 'profit', 'fall', 'amid', 'sprint', 'turnaround'"
2016-05-10,"'softbank', 'miss', 'profit', 'estimate', 'sprint', 'loss', 'skip'"
2016-05-11,"'verizon', 'strike', 'towering'"
2016-06-01,"'softbank', 'sell', 'least', 'billion', 'worth', 'alibaba'"
2016-06-01,"'update', 'softbank', 'rise', 'selling', 'alibaba', 'share', 'first', 'time', 'alibaba'"
2016-06-01,"'acquire', 'mobile', 'u'"
2016-06-07,"'sprint', 'small', 'cell', 'strategy', 'make', 'sense', 'say'"
2016-06-09,"'verizon', 'may', 'see', 'growth'"
2016-06-10,"'intel', 'iphone', 'deal', 'make', 'stock', 'buy'"
2016-06-21,"'behind', 'softbank', 'president', 'nikesh', 'arora', 'shock', 'departure'"
2016-06-21,"'softbank', 'sell', 'supercell', 'stake', 'billion', 'president', 'nikesh', 'arora'"
2016-06-25,"'president', 'exit', 'softbank', 'investor'"
2016-06-29,"'softbank', 'president', 'arora', 'face', 'inquiry', 'conflict'"
2016-07-15,"'mobile', 'carrier', 'buying', 'pac'"
2016-07-18,"'softbank', 'crazy', 'idea', 'beyond', 'arm', 'holding'"
2016-07-18,"'dow', 'close', 'time', 'high', 'driven', 'tech', 'bank'"
2016-07-18,"'sprint', 'share', 'slump', 'softbank', 'arm', 'deal', 'seen', 'diverting', 'attention', 'mobile'"
2016-07-18,"'sprint', 'share', 'midmorning'"
2016-07-18,"'softbank', 'buy', 'arm', 'holding'"
2016-07-18,"'softbank', 'getting', 'arm', 'holding', 'cheap'"
2016-07-23,"'camping', 'world', 'take', 'act'"
2016-07-25,"'stock', 'close', 'lower', 'earnings', 'ramp', 'ahead', 'fed'"
2016-07-25,"'sprint', 'reboot', 'gain', 'ground', 'latest'"
2016-07-25,"'sprint', 'loss', 'widens', 'sale', 'beat'"
2016-07-25,"'sprint', 'rising', 'slight', 'fiscal', 'rev', 'beat', 'reiterates', 'year', 'profit'"
2016-07-25,"'sprint', 'stock', 'extends', 'gain', 'premarket'"
2016-07-25,"'sprint', 'stock', 'rally', 'revenue', 'beat', 'net', 'phone', 'customer'"
2016-07-25,"'sprint', 'stock', 'jump', 'premarket'"
2016-07-25,"'sprint', 'postpaid', 'phone', 'net', 'addition'"
2016-07-25,"'sprint', 'postpaid', 'phone', 'churn', 'improved', 'basis', 'point'"
2016-07-25,"'sprint', 'factset', 'per', 'share', 'loss', 'consensus'"
2016-07-25,"'sprint', 'revenue', 'bln', 'v', 'bln', 'factset', 'consensus'"
2016-07-25,"'sprint', 'per', 'share', 'loss', 'cent', 'v', 'year', 'ago', 'loss'"
2016-07-26,"'apple', 'grim', 'phone', 'activation', 'rate', 'bode', 'ill', 'fyq', 'say'"
2016-07-26,"'sprint', 'stock', 'price', 'target', 'raised'"
2016-07-26,"'guy', 'helped', 'sprint', 'stock', 'biggest', 'one', 'day'"
2016-07-27,"'huge', 'rally', 'sprint', 'slump', 'investor', 'take', 'harder', 'look'"
2016-07-27,"'chart', 'show', 'beginning', 'end', 'wall', 'street', 'big'"
2016-07-29,"'ericsson', 'sprint', 'deal', 'positive', 'say', 'raymond', 'james', 'tough'"
2016-08-01,"'bye', 'bye', 'discount', 'telecom', 'appear', 'set', 'jack', 'smartphone'"
2016-08-05,"'job', 'report', 'trick', 'nasdaq', 'rattle', 'cage', 'uncharted'"
2016-08-09,"'shenandoah', 'telecom', 'seen', 'boosting'"
2016-08-15,"'two', 'chip', 'pick', 'play', 'iphone', 'galaxy'"
2016-08-18,"'sprint', 'launch', 'unlimited', 'talk', 'text', 'data', 'plan', 'two'"
2016-08-19,"'sprint', 'mobile', 'food', 'fight', 'street', 'asks', 'new', 'pricing'"
2016-08-19,"'mobile', 'look', 'shrewd', 'price'"
2016-08-25,"'sprint', 'downgraded', 'underperform', 'neutral', 'buckingham'"
2016-08-25,"'sprint', 'downgraded', 'underperform', 'neutral'"
2016-08-29,"'mobile', 'improving', 'cash', 'flow', 'subscriber', 'growth', 'warrant', 'stock'"
2016-08-29,"'mobile', 'well', 'ups', 'buy', 'cash', 'flow', 'sprint', 'still', 'top'"
2016-09-06,"'nasdaq', 'nail', 'major', 'support', 'hold'"
2016-09-06,"'nasdaq', 'nail', 'major', 'support', 'hold'"
2016-09-08,"'apple', 'disclose', 'iphone', 'first', 'weekend'"
2016-09-08,"'pick', 'bond', 'could', 'better', 'deal'"
2016-09-13,"'apple', 'stock', 'surge', 'stand', 'sea'"
2016-09-13,"'apple', 'rising', 'pre', 'order', 'guessing', 'get', 'weird', 'mobile', 'ceo'"
2016-09-13,"'apple', 'stock', 'dow', 'component', 'gaining'"
2016-09-13,"'stock', 'look', 'primed', 'meltdown', 'within'"
2016-09-13,"'sprint', 'preorders', 'apple', 'iphone', 'time', 'higher', 'last'"
2016-09-13,"'sprint', 'say', 'preorders', 'iphone', 'iphone', 'plus', 'nearly', 'time', 'v', 'year'"
2016-09-14,"'apple', 'look', 'volume', 'stock', 'hit', 'nine', 'month'"
2016-09-14,"'iphone', 'maybe', 'big', 'deal'"
2016-09-14,"'apple', 'stock', 'head', 'best', 'day', 'stretch'"
2016-09-15,"'apple', 'stock', 'record', 'best', 'day', 'stretch'"
2016-09-15,"'apple', 'stock', 'iphone', 'look', 'like'"
2016-09-15,"'stock', 'meltdown', 'coming', 'investing', 'game'"
2016-09-15,"'apple', 'stock', 'surge', 'premarket', 'head', 'th', 'straight'"
2016-09-16,"'cheap', 'big', 'cap', 'stock', 'strong', 'cash'"
2016-09-16,"'apple', 'news', 'illustrates', 'difference', 'trading'"
2016-09-20,"'mobile', 'brag', 'growth', 'yet', 'stock'"
2016-09-23,"'apple', 'iphone', 'promotion', 'could', 'diminish', 'customer', 'value', 'et', 'al'"
2016-09-24,"'mig', 'capital', 'winning', 'recipe'"
2016-09-26,"'wall', 'street', 'newest', 'alchemy', 'bundling', 'people', 'cellphone', 'bill'"
2016-09-28,"'sprint', 'may', 'last', 'offer', 'free'"
2016-09-30,"'tower', 'stock', 'best', 'dividend'"
2016-10-11,"'sprint', 'plan', 'mortgage', 'airwave', 'raise'"
2016-10-17,"'gimme', 'credit', 'high', 'yield', 'bottom', 'includes', 'sprint'"
2016-10-18,"'sprint', 'continues', 'add'"
2016-10-18,"'sprint', 'stock', 'turn', 'lower', 'preliminary', 'result'"
2016-10-18,"'sprint', 'stock', 'slip', 'prelim', 'result', 'paring', 'earlier', 'gain', 'much'"
2016-10-18,"'sprint', 'see', 'total', 'net', 'addition', 'churn'"
2016-10-18,"'sprint', 'see', 'revenue', 'bln', 'factset', 'consensus'"
2016-10-18,"'sprint', 'see', 'loss', 'mln', 'v', 'loss', 'mln', 'year'"
2016-10-18,"'sprint', 'rising', 'better', 'expected', 'fyq'"
2016-10-20,"'verizon', 'reviewing', 'term', 'yahoo', 'deal', 'sale'"
2016-10-21,"'verizon', 'street', 'rattled', 'new', 'sign'"
2016-10-21,"'ericsson', 'plunge', 'third', 'quarter'"
2016-10-22,"'beautiful', 'art'"
2016-10-25,"'sprint', 'much', 'strategic', 'wake', 'time', 'warner', 'say', 'ceo'"
2016-10-25,"'long', 'term', 'gold', 'bull', 'want', 'see', 'happen', 'buy'"
2016-10-25,"'sprint', 'loss', 'narrow', 'higher'"
2016-10-25,"'sprint', 'second', 'quarter', 'loss', 'narrow', 'revenue'"
2016-10-25,"'sprint', 'raise', 'operating', 'income', 'guidance', 'bln', 'bln', 'bln'"
2016-10-25,"'sprint', 'share', 'premarket'"
2016-10-25,"'sprint', 'revenue', 'bln', 'v', 'bln', 'factset', 'consensus'"
2016-10-25,"'sprint', 'share'"
2016-10-25,"'sprint', 'eps', 'loss', 'cent', 'v', 'loss'"
2016-10-25,"'sprint', 'eps', 'loss', 'cent', 'v', 'loss'"
2016-10-30,"'next', 'medium'"
2016-10-31,"'centurylink', 'buy', 'level'"
2016-11-02,"'telecom', 'space', 'content'"
2016-11-05,"'put', 'robocalls', 'awhile'"
2016-11-07,"'softbank', 'operating', 'profit', 'rise'"
2016-11-09,"'trump', 'wrap', 'cash', 'repatriation', 'telecom', 'lift'"
2016-11-24,"'best', 'black', 'friday', 'deal', 'walmart', 'target', 'best', 'buy', 'amazon', 'tv', 'toy'"
2016-11-25,"'mobile', 'accounting', 'slammed', 'investor', 'group', 'letter'"
2016-11-29,"'verizon', 'might', 'need', 'big', 'acquisition', 'match'"
2016-11-29,"'directv', 'needle'"
2016-11-30,"'deutsche', 'telekom', 'may', 'face', 'mln', 'damage'"
2016-11-30,"'deutsche', 'telekom', 'may', 'face', 'mln', 'damage'"
2016-12-03,"'game', 'changing', 'directv', 'make', 'money'"
2016-12-03,"'favorite', 'stock', 'pick'"
2016-12-05,"'find', 'yield'"
2016-12-05,"'mobile', 'signal', 'continued', 'customer', 'addition', 'say'"
2016-12-06,"'softbank', 'soar', 'pledging', 'trump', 'billion', 'investment'"
2016-12-06,"'softbank', 'son', 'pledge', 'investment', 'trump'"
2016-12-07,"'bill', 'gate', 'japan', 'betting', 'big'"
2016-12-07,"'softbank', 'merge', 'sprint', 'mobile', 'even', 'trump', 'allows'"
2016-12-07,"'bank', 'stock', 'surge', 'asian', 'market', 'post'"
2016-12-13,"'sprint', 'cowen', 'encouraged', 'latest', 'network'"
2016-12-13,"'apple', 'said', 'interested', 'softbank', 'billion', 'tech'"
2016-12-14,"'mobile', 'many', 'option', 'say', 'morgan'"
2016-12-14,"'sprint', 'stock', 'price', 'target', 'raised'"
2016-12-28,"'trump', 'tout', 'new', 'sprint', 'job', 'already', 'touted', 'softbank'"
2016-12-28,"'sprint', 'one', 'offer', 'free', 'iphone', 'note'"
2016-12-29,"'energy', 'stock', 'could', 'power', 'dow', 'toward'"
2016-12-30,"'president', 'trump', 'versus', 'candidate', 'trump', 'big'"
2016-12-30,"'trump', 'effect', 'best', 'worst', 'stock'"
2016-12-30,"'five', 'month', 'dry', 'spell', 'trump', 'press', 'conference'"
2017-01-02,'find'
2017-01-03,"'qualcomm', 'join', 'apple', 'invest', 'softbank', 'billion', 'tech', 'fund'"
2017-01-04,"'softbank', 'gain', 'apple', 'confirms', 'billion', 'investment', 'tech'"
2017-01-09,"'top', 'asian', 'stock', 'pick', 'shine'"
2017-01-10,"'good', 'get', 'mobile'"
2017-01-11,"'fitch', 'rate', 'sprint', 'secured', 'credit', 'facility', 'bb', 'rr', 'affirms', 'idrs'"
2017-01-11,"'alibaba', 'promise', 'trump', 'create', 'million', 'job', 'believe'"
2017-01-12,"'sprint', 'improving', 'liquidity', 'lead', 'credit'"
2017-01-18,"'softbank', 'vc', 'fund', 'manager', 'deutsche', 'raise', 'price', 'target'"
2017-01-19,"'mobile', 'sprint', 'verizon'"
2017-01-20,"'nbc', 'news', 'fake', 'questioning', 'trump', 'job', 'creation'"
2017-01-23,"'sprint', 'partnership', 'tidal', 'give', 'spring', 'customer', 'unlimited', 'access', 'exclusive'"
2017-01-23,"'sprint', 'buy', 'million', 'stake', 'jay'"
2017-01-23,"'brief', 'sprint', 'acquires', 'percent', 'tidal', 'creates', 'game', 'changing'"
2017-01-23,"'sprint', 'acquires', 'stake', 'jay', 'music', 'streaming', 'platform'"
2017-01-23,"'sprint', 'buy', 'tidal', 'undisclosed'"
2017-01-23,"'update', 'sprint', 'buy', 'third', 'jay', 'music', 'streaming', 'service'"
2017-01-23,"'jp', 'morgan', 'see', 'telecom', 'sector', 'consolidation', 'mobile'"
2017-01-23,"'sprint', 'buy', 'third', 'jay', 'music', 'streaming', 'service'"
2017-01-23,"'verizon', 'surge', 'likely'"
2017-01-24,"'brief', 'sprint', 'corp', 'employment', 'agreement', 'nestor', 'cano', 'provides', 'annual', 'base', 'salary'"
2017-01-24,"'brief', 'sprint', 'name', 'xe', 'stor', 'cano', 'chief', 'operating'"
2017-01-24,"'press', 'digest', 'wall', 'street', 'journal', 'jan'"
2017-01-30,"'wireless', 'carrier', 'may', 'lease', 'le'"
2017-01-30,"'mobile', 'buy', 'evercore', 'telecom', 'tough'"
2017-01-31,"'sprint', 'post', 'wider', 'loss', 'add', 'highest', 'number', 'mobile', 'phone', 'customer'"
2017-01-31,"'brief', 'sprint', 'post', 'loss', 'per', 'share'"
2017-01-31,"'sprint', 'narrow', 'loss', 'still', 'miss'"
2017-01-31,"'update', 'sprint', 'rd', 'qtr', 'loss', 'narrow', 'subscriber', 'growth', 'beat'"
2017-01-31,"'sprint', 'share', 'company', 'financial'"
2017-01-31,"'trump', 'travel', 'ban', 'selloff', 'may', 'tip'"
2017-01-31,"'sprint', 'loss', 'per', 'share', 'cent', 'v', 'loss'"
2017-01-31,"'sprint', 'third', 'quarter', 'loss', 'narrow', 'subscriber', 'growth', 'beat'"
2017-01-31,"'sprint', 'mo', 'rush', 'buy', 'say', 'moffett'"
2017-01-31,"'sprint', 'factset', 'loss', 'per', 'share', 'consensus', 'cent', 'per'"
2017-01-31,"'sprint', 'revenue', 'bln', 'v', 'bln', 'factset', 'consensus'"
2017-01-31,"'sprint', 'share'"
2017-01-31,"'brief', 'sprint', 'ceo', 'say', 'co', 'plan', 'open', 'store', 'next'"
2017-01-31,"'sprint', 'report', 'smaller', 'quarterly'"
2017-01-31,"'tech', 'today', 'sprint', 'rising', 'apple', 'tap', 'whither', 'fitbit'"
2017-02-06,"'mobile', 'merger', 'sprint', 'could', 'end', 'wireless'"
2017-02-06,"'brief', 'sprint', 'corp', 'say', 'feb', 'unit', 'sprint', 'communication', 'entered', 'new', 'bln', 'secured', 'revolving', 'term', 'loan', 'credit'"
2017-02-08,"'mobile', 'sprint', 'need'"
2017-02-08,"'softbank', 'lot', 'go', 'macquarie', 'see'"
2017-02-08,"'softbank', 'oct', 'dec', 'operating', 'profit', 'surge'"
2017-02-08,"'softbank', 'profit', 'soar', 'amid', 'sprint'"
2017-02-09,"'sprint', 'seeing', 'turnaround'"
2017-02-09,"'softbank', 'tech', 'investor', 'cheap'"
2017-02-12,"'verizon', 'revives', 'unlimited', 'wireless', 'data'"
2017-02-13,"'verizon', 'stock', 'fall', 'giving', 'competition', 'introducing', 'unlimited', 'data'"
2017-02-13,"'verizon', 'go', 'unlimited', 'bad', 'everyone', 'say'"
2017-02-13,"'verizon', 'party'"
2017-02-13,"'hear', 'grammys', 'chance', 'rapper', 'knew', 'something', 'music', 'prince'"
2017-02-14,"'verizon', 'cave', 'competition', 'unlimited', 'wireless', 'data', 'stock'"
2017-02-14,"'mobile', 'profit', 'revenue', 'climb', 'top'"
2017-02-14,"'mo', 'sprint', 'tie', 'look', 'likely', 'say'"
2017-02-14,"'softbank', 'bolster', 'investment', 'business', 'billion', 'fortress'"
2017-02-14,"'mo', 'sprint', 'share', 'baking', 'merger', 'say', 'moffett'"
2017-02-14,"'mobile', 'merger', 'sprint', 'look', 'le', 'likely'"
2017-02-16,"'brief', 'sprint', 'corp', 'launch', 'unlimited', 'hd'"
2017-02-16,"'open', 'unlimited', 'wireless', 'data'"
2017-02-16,"'find', 'cheapest', 'wireless'"
2017-02-17,"'mo', 'jump', 'reuters', 'say', 'softbank', 'looking', 'sell'"
2017-02-17,"'mobile', 'sprint', 'share', 'rally', 'report', 'softbank', 'plan', 'merger', 'talk'"
2017-02-17,"'mobile', 'share'"
2017-02-18,"'exclusive', 'softbank', 'willing', 'cede', 'control', 'sprint', 'entice', 'mobile'"
2017-02-19,"'softbank', 'good', 'time', 'sell', 'sprint'"
2017-02-20,"'softbank', 'share', 'source', 'say', 'company', 'willing', 'cede', 'control'"
2017-02-20,"'update', 'softbank', 'share', 'source', 'say', 'co', 'willing', 'cede', 'control'"
2017-02-20,"'softbank', 'share', 'source', 'say', 'co', 'willing', 'cede', 'control'"
2017-02-21,"'verizon', 'stock', 'cheapest', 'fifteen', 'year', 'say', 'moffett'"
2017-02-23,"'brief', 'sprint', 'open', 'mobile', 'announce', 'joint', 'venture', 'puerto', 'rico', 'virgin'"
2017-02-26,"'softbank', 'finalizing', 'billion', 'investment', 'wework'"
2017-02-27,"'softbank', 'close', 'billion', 'investment'"
2017-02-27,"'wireless', 'carrier', 'stock', 'fall', 'amid', 'budding', 'price', 'war', 'unlimited'"
2017-02-27,"'cut', 'price', 'unlimited', 'data', 'compete', 'crowded', 'mobile'"
2017-02-27,"'softbank', 'son', 'spend', 'much', 'money', 'singularity'"
2017-02-28,"'intelsat', 'merge', 'satellite', 'startup'"
2017-03-02,"'moody', 'go', 'negative'"
2017-03-04,"'wireless', 'carrier', 'quietly', 'telling', 'video', 'watch'"
2017-03-06,"'radioshack', 'may', 'file', 'bankruptcy', 'second', 'time', 'two'"
2017-03-06,"'go', 'long', 'china', 'short', 'u', 'smart', 'stock'"
2017-03-07,"'verizon', 'data', 'plan', 'ding', 'mobile'"
2017-03-08,"'cfra', 'ups', 'sprint', 'buy', 'expects', 'aggressive', 'move', 'ahead', 'iphone'"
2017-03-08,"'may', 'give', 'crown', 'castle'"
2017-03-08,"'softbank', 'falling', 'report', 'arm', 'stake', 'transfer', 'vision', 'fund'"
2017-03-08,"'cfra', 'ups', 'mobile', 'buy', 'see', 'market', 'share', 'gain'"
2017-03-09,"'electronics', 'store', 'radioshack', 'file', 'bankruptcy'"
2017-03-09,"'update', 'electronics', 'store', 'radioshack', 'file', 'bankruptcy'"
2017-03-10,"'gary', 'cohn', 'say', 'february', 'job', 'report', 'factor', 'ceo', 'hiring', 'promise'"
2017-03-20,"'sprint', 'street', 'underestimate', 'spectrum', 'efficiency', 'say'"
2017-03-23,"'henderson', 'see', 'value', 'global'"
2017-03-31,"'dear', 'mobile'"
2017-03-31,"'push', 'unlimited', 'data', 'could', 'hurt', 'result', 'expected', 'analyst'"
2017-04-04,"'stellar', 'samsung', 'galaxy', 'kill', 'apple', 'stock', 'rally'"
2017-04-04,"'sprint', 'said', 'dropping', 'discount'"
2017-04-05,"'mobile', 'three', 'reason', 'softer'"
2017-04-06,"'sprint', 'lower', 'price', 'family', 'unlimited', 'data'"
2017-04-10,"'jay', 'pull', 'music'"
2017-04-14,"'wireless', 'price', 'war', 'cutting', 'phone'"
2017-04-18,"'verizon', 'earnings', 'profit', 'sale', 'expected'"
2017-04-19,"'sprint', 'corp', 'initiated', 'hold', 'price', 'target'"
2017-04-19,"'sprint', 'started', 'hold', 'stock', 'price', 'target', 'suntrust'"
2017-04-19,"'verizon', 'earnings', 'expect'"
2017-04-20,"'verizon', 'loses', 'wireless', 'customer', 'first'"
2017-04-21,"'one', 'number', 'show', 'trouble'"
2017-04-25,"'mobile', 'earns', 'victory'"
2017-04-26,"'comcast', 'earnings', 'expect', 'medium', 'company', 'launch', 'cell', 'phone'"
2017-05-01,"'mobile', 'deal', 'could', 'happen'"
2017-05-03,"'sprint', 'see', 'full', 'year', 'opg', 'income', 'bln'"
2017-05-03,"'sprint', 'got', 'magic', 'box', 'stock', 'drop', 'mixed'"
2017-05-03,"'sprint', 'stock', 'surge', 'premarket'"
2017-05-03,"'sprint', 'loss', 'per', 'share', 'cent', 'v', 'loss'"
2017-05-03,"'sprint', 'share', 'fall', 'earnings'"
2017-05-03,"'etf', 'flopper', 'telecom', 'take', 'hit', 'metal', 'test', 'investor'"
2017-05-03,"'sprint', 'revenue', 'billion', 'v'"
2017-05-03,"'sprint', 'total', 'net', 'addition'"
2017-05-03,"'sprint', 'share', 'afternoon'"
2017-05-03,"'sprint', 'share', 'gain', 'revenue', 'beat'"
2017-05-03,"'sprint', 'share', 'turn', 'negative', 'nearly', 'premarket'"
2017-05-03,"'sprint', 'postpaid', 'churn'"
2017-05-03,"'sprint', 'factset', 'loss', 'per', 'share', 'consensus', 'cent', 'revenue'"
2017-05-04,"'sprint', 'selloff', 'look', 'uncalled'"
2017-05-07,"'comcast', 'charter', 'said', 'near', 'wireless'"
2017-05-08,"'cable', 'pulling', 'mobile', 'stake'"
2017-05-10,"'softbank', 'nears', 'close', 'billion', 'tech'"
2017-05-12,"'sprint', 'mobile', 'preliminary', 'talk', 'merge'"
2017-05-12,"'three', 'apple', 'supplier'"
2017-05-12,"'sprint', 'mo', 'odds', 'get', 'approved', 'still', 'say'"
2017-05-19,"'mobile', 'could', 'return', 'cash', 'flow', 'say'"
2017-05-19,"'goldman', 'see', 'big', 'thing', 'ahead'"
2017-05-24,"'american', 'tower', 'loom'"
2017-05-29,"'nutanix', 'spike', 'bigger', 'customer', 'sign', 'hybrid'"
2017-05-30,"'sprint', 'move', 'medium', 'account'"
2017-05-30,"'verizon', 'go', 'tougher', 'say'"
2017-05-30,"'wireless', 'stock', 'stage', 'comeback'"
2017-05-30,"'jay', 'tidal', 'searching', 'fourth', 'ceo'"
2017-06-02,"'gabelli', 'say', 'sprint', 'fairly'"
2017-06-02,"'reit', 'buy', 'winner', 'loser'"
2017-06-08,"'iphone', 'mobile', 'could', 'big'"
2017-06-09,"'mobile', 'still', 'best', 'wireless', 'muddle', 'eat', 'say'"
2017-06-13,"'sprint', 'banana', 'move', 'go', 'mo', 'merger', 'say', 'moffett'"
2017-06-13,"'sprint', 'hear', 'u'"
2017-06-15,"'sprint', 'reached', 'panic', 'mode'"
2017-06-17,"'federal', 'reserve', 'living', 'real', 'world'"
2017-06-23,"'sprint', 'may', 'pummel', 'mobile'"
2017-06-26,"'sprint', 'explores', 'wireless', 'deal', 'comcast'"
2017-06-27,"'sprint', 'surge', 'cable', 'talk', 'mobile', 'drop', 'deal', 'talk'"
2017-06-27,"'sprint', 'stock', 'jump', 'premarket', 'wsj', 'report', 'talk', 'charter'"
2017-06-27,"'invest', 'real', 'estate', 'think', 'warren', 'buffett', 'style', 'shopping'"
2017-06-27,"'euro', 'leap', 'draghi', 'speaks', 'sending', 'european', 'stock', 'month', 'closing'"
2017-06-27,"'stock', 'slide', 'health', 'care', 'vote', 'delayed', 'tech', 'stock', 'big', 'loser'"
2017-06-27,"'sprint', 'comcast', 'charter', 'three', 'way', 'hedge', 'say'"
2017-06-28,"'mobile', 'may', 'better'"
2017-07-01,"'surge', 'dealmaking', 'ahead', 'cable'"
2017-07-03,"'analyst', 'verizon', 'disney', 'rumor', 'laughed', 'loud'"
2017-07-07,"'chart', 'valuable', 'brand', 'world', 'notice', 'anything'"
2017-07-07,"'softbank', 'nomura', 'see'"
2017-07-14,"'sprint', 'share', 'nearly'"
2017-07-14,"'sprint', 'executive', 'met', 'warren', 'buffett', 'investment', 'wireless'"
2017-07-14,"'sprint', 'share', 'nearly', 'following', 'report', 'exec', 'met', 'warren', 'buffet'"
2017-07-17,"'sprint', 'masa', 'son', 'want', 'buffett', 'malone'"
2017-07-17,"'could', 'next', 'iphone', 'spur', 'new', 'wave', 'wireless', 'deal'"
2017-07-20,"'mobile', 'dividend', 'horizon', 'talk', 'fade'"
2017-07-20,"'one', 'big', 'reason', 'mobile', 'sprint', 'deal', 'put'"
2017-07-25,"'offer', 'possible', 'preview', 'time', 'warner'"
2017-07-26,"'buy', 'one', 'stock', 'etf', 'make'"
2017-07-27,"'verizon', 'may', 'need', 'something'"
2017-07-27,"'comcast', 'earnings', 'buoyed', 'fast', 'furious'"
2017-07-29,"'sprint', 'seek', 'merger', 'charter', 'create', 'medium', 'cable'"
2017-07-30,"'charter', 'say', 'interested', 'buying'"
2017-07-30,"'charter', 'say', 'thanks', 'sprint'"
2017-07-31,"'tech', 'today', 'pandora', 'next', 'sprint', 'turn', 'fitbit', 'problem', 'fb'"
2017-08-01,"'sprint', 'total', 'net', 'addition'"
2017-08-01,"'sprint', 'nab', 'charter', 'communication', 'deal', 'chasing'"
2017-08-01,"'dow', 'book', 'st', 'record', 'nears', 'earnings', 'fuel', 'stock'"
2017-08-01,"'sprint', 'ceo', 'claure', 'conversation', 'several', 'party', 'soon', 'going', 'make', 'decision'"
2017-08-01,"'sprint', 'offered', 'free', 'service', 'barely', 'anyone', 'showed'"
2017-08-01,"'sprint', 'factset', 'consensus', 'loss', 'per', 'share', 'cent', 'revenue'"
2017-08-01,"'sprint', 'raise', 'low', 'end', 'fy', 'operating', 'income', 'outlook', 'bln'"
2017-08-01,"'sprint', 'say', 'merger', 'decision'"
2017-08-01,"'sprint', 'post', 'first', 'quarterly', 'profit'"
2017-08-01,"'sprint', 'share'"
2017-08-01,"'rule', 'masayoshi', 'son', 'sprint', 'deal', 'charter'"
2017-08-01,"'sprint', 'revenue', 'bln', 'v'"
2017-08-01,"'sprint', 'postpaid', 'phone', 'net', 'addition'"
2017-08-01,"'share', 'sprint', 'afternoon'"
2017-08-01,"'sprint', 'prepaid', 'net', 'addition'"
2017-08-01,"'sprint', 'expects', 'cut', 'cost', 'additional', 'bln', 'bln', 'fy'"
2017-08-01,"'sprint', 'share', 'gain', 'premarket', 'company', 'return', 'profit'"
2017-08-01,"'sprint', 'eps', 'cent', 'v', 'loss'"
2017-08-01,"'sprint', 'jump', 'surprise', 'net', 'income', 'street', 'transfixed', 'charter'"
2017-08-05,"'apple', 'planning', 'cellular', 'capable', 'watch', 'cut', 'reliance', 'iphone'"
2017-08-07,"'softbank', 'chief', 'say', 'want', 'stake', 'uber'"
2017-08-07,"'softbank', 'ceo', 'deal', 'sprint', 'consolidation'"
2017-08-07,"'share', 'sprint', 'premarket'"
2017-08-07,"'softbank', 'ceo', 'eager', 'piece', 'uber'"
2017-08-08,"'softbank', 'want', 'get', 'onboard', 'uber'"
2017-08-11,"'walt', 'disney', 'far', 'away'"
2017-08-16,"'charter', 'chatter', 'make'"
2017-08-19,"'static', 'ahead', 'motorola', 'solution'"
2017-08-22,"'verizon', 'unlimited', 'plan', 'signing', 'sub', 'milking', 'existing', 'one'"
2017-08-22,"'attached', 'wireless', 'carrier'"
2017-08-22,"'new', 'verizon', 'plan', 'better', 'investor'"
2017-08-24,"'new', 'normal', 'wireless', 'carrier', 'favor', 'current'"
2017-09-09,"'smart', 'strategy', 'cable', 'telecom'"
2017-09-09,"'new', 'apple', 'watch', 'may', 'threaten'"
2017-09-11,"'mobile', 'verizon'"
2017-09-11,"'drug', 'industry', 'leader', 'could', 'healthy', 'stock'"
2017-09-12,"'new', 'apple', 'iphone', 'key', 'feature', 'price'"
2017-09-14,"'new', 'apple', 'watch', 'cost', 'extra', 'month', 'cellular'"
2017-09-15,"'big', 'iphone', 'discount', 'thing', 'past'"
2017-09-18,"'apple', 'iphone', 'promotion', 'le', 'insane', 'past', 'say'"
2017-09-18,"'apple', 'petty', 'squabble', 'qualcomm', 'end', 'hurting', 'iphone'"
2017-09-19,"'sprint', 'share', 'following', 'report', 'merger', 'talk'"
2017-09-19,"'sprint', 'share', 'gain', 'renewed', 'speculation', 'merger', 'talk'"
2017-09-19,"'mo', 'sprint', 'timing', 'surprise', 'say'"
2017-09-19,"'sprint', 'stock', 'surge', 'cnbc', 'report', 'merger', 'talk', 'mobile'"
2017-09-19,"'sprint', 'surge', 'mo', 'pop', 'cnbc', 'say', 'making', 'progress', 'merger'"
2017-09-19,"'revolution', 'coming'"
2017-09-19,"'mobile', 'stock', 'rally', 'cnbc', 'report', 'merger', 'talk'"
2017-09-20,"'european', 'stock', 'mark', 'time', 'investor', 'focus'"
2017-09-22,"'mobile', 'u', 'share'"
2017-09-22,"'sprint', 'share', 'premarket', 'report', 'close', 'deal'"
2017-09-22,"'telecom', 'stack', 'ahead'"
2017-09-22,"'morning', 'mover', 'finish', 'line', 'fall', 'sprint', 'rise', 'steel'"
2017-09-22,"'sprint', 'mobile', 'u', 'share', 'jump', 'premarket', 'report', 'company', 'close', 'merger'"
2017-09-22,"'dow', 'eke', 'small', 'gain', 'post', 'second', 'weekly'"
2017-09-22,"'dow', 'trade', 'flat', 'stock', 'market', 'wrestle', 'north', 'korea', 'hydrogen', 'bomb'"
2017-09-25,"'sprint', 'stock', 'rocked', 'bloomberg', 'report', 'softbank', 'expecting', 'much', 'buyout'"
2017-09-25,'charting'
2017-09-27,"'iphone', 'review', 'good', 'nothing', 'get', 'excited'"
2017-10-03,"'city', 'pay', 'good', 'rent'"
2017-10-03,"'demand', 'promos', 'iphones', 'jump', 'come'"
2017-10-05,"'wait', 'iphone', 'good', 'news'"
2017-10-10,"'sprint', 'share'"
2017-10-10,"'verizon', 'return', 'growth', 'soggy', 'iphone', 'say'"
2017-10-13,"'sprint', 'mobile', 'really', 'happening'"
2017-10-13,"'wireless', 'tower', 'reason', 'stay'"
2017-10-14,"'tech', 'investor', 'softbank', 'japan', 'fang'"
2017-10-17,"'softbank', 'plan', 'joint', 'venture', 'build', 'manage', 'thousand', 'cellular'"
2017-10-17,"'telecom', 'eye'"
2017-10-17,"'sprint', 'mobile', 'merger', 'rent', 'tux'"
2017-10-19,"'sprint', 'sadly', 'need', 'deal', 'mo', 'say'"
2017-10-20,"'apple', 'iphone', 'delay', 'ok', 'dud'"
2017-10-23,"'mobile', 'duck', 'call', 'avoid', 'sprint'"
2017-10-25,"'sprint', 'report', 'narrower', 'loss', 'wall', 'street'"
2017-10-25,"'sprint', 'revenue', 'bln', 'v', 'bln', 'factset', 'consensus'"
2017-10-25,"'sprint', 'loss', 'cent', 'factset', 'consensus', 'loss'"
2017-10-25,"'sprint', 'added', 'wireless', 'user'"
2017-10-25,"'sprint', 'mobile', 'merger', 'talk', 'still', 'going'"
2017-10-25,"'apple', 'iphone', 'question', 'mark', 'slumping', 'wireless'"
2017-10-25,"'corrected', 'sprint', 'loss', 'cent', 'v', 'loss'"
2017-10-25,"'sprint', 'rising', 'sub', 'add', 'duck', 'analyst', 'meeting', 'amidst', 'mo'"
2017-10-27,"'iphone', 'supply', 'tight', 'still', 'get', 'phone', 'nov'"
2017-10-30,"'sprint', 'good', 'sign', 'masa', 'san', 'reservation', 'say'"
2017-10-30,"'stock', 'finish', 'lower', 'doubt', 'pace', 'tax', 'cut', 'weigh'"
2017-10-30,"'win', 'sprint', 'mobile', 'deal', 'fall'"
2017-10-30,"'sprint', 'clear', 'talk', 'mo', 'say', 'cnbc'"
2017-10-30,"'sprint', 'stock', 'halted', 'afternoon', 'trade', 'declining'"
2017-10-30,"'sprint', 'halted', 'drop', 'softbank', 'end', 'mo', 'deal', 'talk', 'say', 'nikkei', 'asian'"
2017-10-30,"'sprint', 'mobile', 'share', 'plummet', 'report', 'merger', 'talk'"
2017-10-30,"'unknown', 'calling', 'telecom', 'set', 'continue'"
2017-10-31,"'sprint', 'mo', 'hit', 'rough', 'time', 'say', 'cnbc'"
2017-10-31,"'softbank', 'drop', 'merger', 'sprint', 'mobile'"
2017-11-02,"'mobile', 'sprint', 'hoping', 'salvage', 'merger'"
2017-11-02,"'softbank', 'chasing', 'potential', 'merger', 'charter'"
2017-11-03,"'sprint', 'share', 'premarket'"
2017-11-04,'charting'
2017-11-04,"'sprint', 'mobile', 'call', 'merger', 'talk', 'failing', 'agree'"
2017-11-04,"'mobile', 'sprint', 'merger', 'talk', 'come'"
2017-11-04,"'sprint', 'mobile', 'end', 'merger', 'talk', 'unable', 'find', 'mutually', 'agreeable', 'term'"
2017-11-06,"'morning', 'mover', 'deal', 'done'"
2017-11-06,"'merger', 'melancholy', 'telecom', 'teeter', 'sprint', 'mobile', 'talk'"
2017-11-06,"'softbank', 'profit', 'derivative'"
2017-11-06,"'softbank', 'defends', 'ending', 'sprint', 'mobile'"
2017-11-06,"'sprint', 'cut', 'underweight', 'sector', 'weight', 'mobile', 'deal', 'talk', 'end'"
2017-11-06,"'sprint', 'share', 'premarket'"
2017-11-06,"'mobile', 'talk', 'flop', 'silver', 'lining', 'sprint'"
2017-11-06,"'sprint', 'stock', 'price', 'target', 'cut'"
2017-11-06,"'panic', 'could', 'set', 'saudi', 'purge', 'nabs', 'warren', 'buffett', 'middle', 'east'"
2017-11-06,"'dish', 'network', 'mobile', 'next', 'target'"
2017-11-06,"'sprint', 'share', 'downgraded', 'underweight', 'keybanc', 'share', 'fall', 'nearly'"
2017-11-06,"'sprint', 'ink', 'wireless', 'partnership', 'altice', 'mobile', 'merger', 'talk', 'end', 'share', 'fall', 'nearly'"
2017-11-06,"'end', 'sprint', 'mobile', 'merger', 'talk', 'impacting', 'wireless'"
2017-11-06,"'germany', 'dax', 'end', 'small', 'loss', 'retreating'"
2017-11-06,"'sprint', 'downgraded', 'underweight', 'keybanc'"
2017-11-06,"'stock', 'close', 'time', 'high', 'benchmark', 'set', 'milestone'"
2017-11-10,"'tax', 'bill', 'fear', 'may', 'one', 'big', 'contributing', 'factor', 'junk', 'bond'"
2017-11-11,"'bond', 'know'"
2017-11-11,"'week', 'market', 'disappointed'"
2017-11-11,"'targeting', 'telecom', 'payout'"
2017-11-11,'bitcoin'
2017-11-17,"'intel', 'move', 'wireless', 'technology', 'potential', 'partnership'"
2017-11-25,"'verizon', 'calling', 'stock', 'look'"
2017-11-27,"'mobile', 'benefit', 'collapse', 'sprint', 'deal', 'say', 'moffett'"
2017-11-28,"'sprint', 'reason', 'softbank', 'would', 'want', 'asks'"
2017-11-29,"'supreme', 'court', 'weigh', 'warrantless', 'cellphone', 'internet', 'data'"
2017-11-29,"'sprint', 'exec', 'sell', 'million', 'stock', 'softbank'"
2017-11-30,"'verizon', 'clunky', 'squishy', 'talk', 'fails', 'impress'"
2017-12-12,"'verizon', 'stream', 'streaming', 'deal', 'like', 'say'"
2017-12-15,"'even', 'loss', 'tesla', 'take', 'big', 'hit', 'lower', 'tax'"
2017-12-16,"'hungry', 'income', 'best', 'worst', 'yield', 'play'"
2017-12-22,"'alibaba', 'tencent', 'invest', 'snap', 'spotify', 'et', 'al'"
