2016-01-01,"'business', 'refocus', 'investment'"
2016-01-02,"'barron', 'top', 'income', 'investment'"
2016-01-05,"'new', 'york', 'city', 'swap', 'payphones', 'free', 'high', 'speed', 'wi', 'fi', 'hot'"
2016-01-06,"'dividend', 'stock', 'safe', 'income', 'interest', 'rate', 'rise'"
2016-01-12,"'cautious', 'cisco'"
2016-01-14,"'wireless', 'subscriber', 'keep'"
2016-01-16,"'yahoo', 'last', 'roundup', 'could', 'lasso'"
2016-01-18,"'woeful', 'earnings', 'threaten', 'intensify', 'stock', 'market'"
2016-01-19,"'expect', 'verizon'"
2016-01-20,"'aol', 'plan', 'take', 'equity', 'stake'"
2016-01-21,"'yahoo', 'solicited', 'rejected', 'bid', 'core', 'biz', 'say'"
2016-01-21,"'need', 'know', 'using', 'public'"
2016-01-21,"'stock', 'end', 'higher', 'fueled', 'rally'"
2016-01-21,"'verizon', 'rising', 'beat', 'street', 'cheer', 'nice', 'margin', 'despite', 'fewer'"
2016-01-21,"'verizon', 'report', 'slightly', 'better', 'expected'"
2016-01-21,"'verizon', 'profit', 'beat', 'growth'"
2016-01-21,"'verizon', 'add', 'net', 'fios', 'internet', 'customer'"
2016-01-21,"'verizon', 'add', 'net', 'fios', 'video', 'customer'"
2016-01-21,"'verizon', 'revenue', 'bln', 'v', 'bln', 'factset', 'revenue', 'consensus'"
2016-01-21,"'verizon', 'adj', 'eps', 'cent', 'factset', 'consensus'"
2016-01-21,"'verizon', 'eps', 'v', 'loss', 'per', 'share'"
2016-01-21,"'three', 'stock', 'pick', 'boosted', 'digital'"
2016-01-25,'expect'
2016-01-25,"'yahoo', 'rise', 'verizon', 'speculation', 'pivotal', 'ups'"
2016-01-25,"'goldman', 'stock', 'buy', 'fear'"
2016-01-25,"'one', 'way', 'beat', 'market'"
2016-01-28,"'strongest', 'stock'"
2016-01-28,"'spending', 'benefit', 'four'"
2016-01-29,"'adaptive', 'medias', 'get', 'bid', 'adsupply', 'start', 'ad', 'tech', 'wave'"
2016-01-29,"'survives', 'latest', 'retest', 'major'"
2016-01-29,"'fascinating', 'fact', 'troubled', 'stock'"
2016-01-30,"'yahoo', 'breakup', 'plan', 'may', 'get', 'closer'"
2016-02-01,"'time', 'warner', 'cable', 'charter', 'deal', 'still'"
2016-02-01,"'bernie', 'sander', 'put', 'ge', 'verizon', 'boeing', 'corporate', 'tax', 'hit'"
2016-02-02,"'yahoo', 'cfo', 'goldman', 'number', 'company', 'said', 'want', 'look', 'u'"
2016-02-02,"'yahoo', 'plan', 'say', 'exploring', 'strategic'"
2016-02-03,"'verizon', 'microsoft', 'logical', 'yahoo'"
2016-02-04,"'dividend', 'stock', 'probably', 'give', 'raise'"
2016-02-10,"'frontier', 'communication', 'estimate', 'come'"
2016-02-15,"'trip', 'rabbit', 'hole', 'phone'"
2016-02-17,"'dish', 'le', 'downside', 'given', 'spectrum', 'discount', 'say'"
2016-02-18,"'aol', 'armstrong', 'tell', 'ubs', 'verizon', 'video', 'ad', 'future', 'yhoo'"
2016-02-19,"'apple', 'trump', 'call', 'boycott', 'co', 'give', 'cellphone', 'info'"
2016-02-19,"'yahoo', 'form', 'strategic', 'committee', 'make', 'outbound', 'call', 'say'"
2016-02-19,"'yahoo', 'form', 'committee', 'explore'"
2016-02-19,"'yahoo', 'could', 'unlock'"
2016-02-22,"'verizon', 'buy', 'fiber', 'optic', 'network', 'carl', 'icahn', 'xo'"
2016-02-22,"'yahoo', 'would', 'net', 'neutrality', 'cool', 'verizon', 'bid', 'asks', 'monness'"
2016-02-22,"'verizon', 'pay', 'billion', 'xo', 'communication', 'fiber', 'optic', 'network'"
2016-02-22,"'professional', 'sport', 'team', 'lure', 'fan', 'free', 'phone'"
2016-02-22,"'verizon', 'agrees', 'buy', 'xo', 'communication', 'fiber', 'optic', 'business', 'deal', 'valued'"
2016-02-23,"'verizon', 'buy', 'boost', 'fiber'"
2016-02-24,"'three', 'pick', 'play'"
2016-02-24,"'yahoo', 'likely', 'suitor', 'junk', 'telling'"
2016-02-26,"'american', 'tower', 'revenue', 'buoyed'"
2016-02-27,"'amazon', 'snapchat', 'others', 'blamed', 'pornifying'"
2016-02-27,"'utility', 'stock', 'look', 'like'"
2016-02-27,"'verizon', 'face', 'new', 'threat', 'esim'"
2016-02-29,"'goldman', 'sachs', 'cloud', 'aws', 'set', 'sale', 'record', 'price', 'cut'"
2016-03-01,"'pirate', 'high', 'sea', 'hacking', 'ship', 'computer'"
2016-03-03,"'hearst', 'verizon', 'join', 'force', 'reach', 'mobile', 'obsessed'"
2016-03-04,"'cord', 'cutting', 'hurting', 'medium', 'company'"
2016-03-07,"'fcc', 'fine', 'verizon', 'million', 'supercookies'"
2016-03-09,"'citi', 'tell', 'investor', 'sell', 'frontier', 'dividend', 'cut'"
2016-03-11,"'income', 'investor', 'leaving', 'money', 'table', 'use', 'easy', 'option'"
2016-03-11,"'yahoo', 'headed', 'proxy', 'battle', 'sale'"
2016-03-14,"'ge', 'announces', 'board', 'change', 'ceo', 'pay'"
2016-03-15,"'emerging', 'market', 'today', 'brazil', 'defiance', 'cuba', 'sizzle', 'russia'"
2016-03-17,"'turn', 'positive', 'top', 'sector', 'also', 'highest'"
2016-03-18,"'beaten', 'internet', 'company', 'takeover'"
2016-03-23,"'four', 'pick', 'gain', 'fcc', 'wireless'"
2016-03-24,"'netflix', 'admits', 'throttling', 'verizon', 'wireless'"
2016-03-24,"'yahoo', 'starboard', 'push', 'remove', 'board', 'calling', 'performance', 'atrocious'"
2016-03-24,"'trade', 'speculator', 'prudent'"
2016-03-25,"'sprint', 'could', 'buy', 'weakened', 'mobile'"
2016-03-26,"'yahoo', 'soap', 'opera', 'heat', 'final', 'act'"
2016-03-28,"'verizon', 'overcharged', 'landline', 'customer', 'say', 'consumer'"
2016-03-28,"'chart', 'dow', 'stock', 'buy'"
2016-03-29,"'yahoo', 'set', 'april', 'deadline', 'bid', 'say', 'wsj', 'rosenblatt', 'expects', 'deep', 'discount'"
2016-03-29,"'yahoo', 'investor', 'soon', 'see'"
2016-03-30,"'mobile', 'making', 'even', 'easier', 'millennials', 'ignore'"
2016-03-30,"'yahoo', 'suntrust', 'host', 'call', 'proxy', 'advisory', 'group', 'starboard'"
2016-03-30,"'verizon', 'communication', 'stock', 'price', 'target', 'raised', 'rbc'"
2016-04-05,"'watch', 'nfl', 'game', 'free', 'without'"
2016-04-05,"'twitter', 'give', 'gain', 'perfect', 'option', 'nfl', 'deal', 'say', 'monness'"
2016-04-05,"'twitter', 'rising', 'sign', 'deal', 'nfl', 'stream', 'thursday', 'night'"
2016-04-05,"'twitter', 'secures', 'nfl', 'thursday', 'night', 'streaming', 'right'"
2016-04-06,"'yahoo', 'financial', 'maze', 'may', 'give', 'activist', 'investor', 'upper'"
2016-04-06,"'verizon', 'buy', 'millennials', 'video', 'company', 'well', 'see', 'lot'"
2016-04-06,"'verizon', 'bolstering', 'mobile', 'video', 'investment', 'millennial', 'focused'"
2016-04-06,"'broken', 'ipo', 'come', 'back'"
2016-04-07,"'stock', 'market', 'two', 'surprising', 'new'"
2016-04-07,"'yahoo', 'briefly', 'surge', 'bloomberg', 'report', 'verizon', 'would', 'buy', 'core'"
2016-04-07,"'yahoo', 'share', 'spike', 'report', 'verizon', 'plan', 'bid', 'internet'"
2016-04-07,"'verizon', 'stock', 'extends', 'slide', 'year', 'high'"
2016-04-07,"'verizon', 'chasing', 'yahoo', 'eccentricity', 'give', 'bernstein'"
2016-04-07,"'verizon', 'communication', 'downgraded', 'market', 'perform', 'outperform'"
2016-04-07,"'verizon', 'communication', 'downgraded', 'hold', 'buy'"
2016-04-07,"'verizon', 'tip', 'hand', 'joint'"
2016-04-08,"'yahoo', 'suntrust', 'see', 'core', 'value', 'staff'"
2016-04-08,"'yahoo', 'extends', 'deadline', 'bid', 'april', 'th', 'say'"
2016-04-08,"'math', 'yahoo', 'stock', 'trading', 'big'"
2016-04-10,"'yahoo', 'may', 'get', 'buyout', 'bid', 'daily'"
2016-04-11,"'union', 'verizon', 'worker', 'set', 'strike'"
2016-04-11,"'stock', 'cough', 'oil', 'fueled', 'gain', 'end'"
2016-04-11,"'verizon', 'yahoo', 'merit', 'think', 'say'"
2016-04-11,"'stop', 'trying', 'disrupt', 'play', 'nice', 'steve', 'case', 'tell'"
2016-04-11,"'daily', 'mail', 'confirms', 'exploring', 'bid'"
2016-04-11,"'daily', 'mail', 'exploring', 'buyout', 'bid'"
2016-04-12,"'analyst', 'nearly', 'throwing', 'towel'"
2016-04-13,"'nearly', 'verizon', 'worker', 'go'"
2016-04-13,"'nearly', 'verizon', 'worker', 'go'"
2016-04-13,"'yahoo', 'worth', 'team', 'microsoft', 'others', 'bought', 'patent', 'opines'"
2016-04-14,"'yahoo', 'modifies', 'employee', 'severance', 'language', 'ahead', 'possible'"
2016-04-14,"'yahoo', 'turn', 'post', 'reuters', 'profile', 'verizon', 'softbank'"
2016-04-14,"'force', 'lifting', 'toward'"
2016-04-16,"'deluge', 'weak', 'earnings', 'derail', 'stock'"
2016-04-16,'said'
2016-04-16,'said'
2016-04-17,"'verizon', 'appears', 'lead', 'pack', 'yahoo'"
2016-04-18,"'verizon', 'hearst', 'purchase', 'online', 'publisher', 'complex'"
2016-04-18,"'dow', 'industrials', 'close', 'first', 'time', 'nine'"
2016-04-18,"'yahoo', 'verizon', 'hand', 'improves', 'google', 'others', 'retreat', 'say'"
2016-04-19,"'yahoo', 'potential', 'sale', 'take', 'center', 'stage'"
2016-04-20,"'yahoo', 'looming', 'sale', 'keep', 'stock'"
2016-04-20,"'expect', 'verizon'"
2016-04-20,"'yahoo', 'arbitrage', 'target'"
2016-04-20,"'dow', 'stock', 'hit', 'record', 'intraday', 'high'"
2016-04-20,"'let', 'oil', 'crush', 'stock'"
2016-04-20,"'wireless', 'tower', 'hurt', 'muted', 'carrier'"
2016-04-21,"'dow', 'slip', 'three', 'day'"
2016-04-21,"'verizon', 'slip', 'eps', 'line', 'citi', 'see', 'continued', 'pressure', 'wireless'"
2016-04-21,"'jobless', 'claim', 'fall', 'year'"
2016-04-21,"'stock', 'market', 'already', 'hit', 'time', 'high'"
2016-04-21,"'verizon', 'profit', 'rise', 'revenue', 'fall'"
2016-04-21,"'verizon', 'share', 'dip', 'soft', 'revenue'"
2016-04-21,"'verizon', 'share', 'dip', 'following', 'earnings'"
2016-04-21,"'verizon', 'added', 'net', 'new', 'fios', 'video', 'customer'"
2016-04-21,"'verizon', 'revenue', 'bln', 'factset', 'consensus'"
2016-04-21,"'verizon', 'revenue', 'bln', 'v'"
2016-04-21,"'verizon', 'eps', 'v', 'factset', 'eps', 'consensus'"
2016-04-21,"'verizon', 'eps', 'v', 'factset', 'eps', 'consensus'"
2016-04-21,"'apple', 'verizon', 'hurt', 'fewer'"
2016-04-22,"'best', 'dividend', 'stock', 'among', 'strongest', 'sector'"
2016-04-25,"'twitter', 'need', 'show', 'investor', 'tipping'"
2016-04-26,"'mobile', 'post', 'profit', 'strong', 'subscriber'"
2016-04-26,"'verizon', 'stock', 'seen', 'trading'"
2016-04-27,"'apple', 'twitter', 'lead', 'tech', 'sector'"
2016-04-27,"'comcast', 'soothes', 'cord', 'cutting', 'fear', 'new'"
2016-04-28,"'cable', 'company', 'adding', 'subscriber'"
2016-04-29,"'hide', 'cheap', 'safety', 'stock', 'market', 'rally'"
2016-04-30,"'looking', 'income', 'dividend', 'stock', 'provide'"
2016-04-30,"'snapchat', 'keep'"
2016-05-02,"'gender', 'diversity', 'pay', 'investor', 'company', 'study'"
2016-05-02,"'low', 'expectation', 'acting', 'crutch', 'earnings', 'season'"
2016-05-03,"'sprint', 'jump', 'ceo', 'claure', 'defends', 'spending', 'street', 'skeptical', 'network', 'build'"
2016-05-03,"'sprint', 'loss', 'widens'"
2016-05-04,"'dump', 'yahoo', 'year'"
2016-05-06,"'netflix', 'let', 'subscriber', 'control', 'use', 'mobile'"
2016-05-10,"'disney', 'result', 'boosted', 'star', 'war', 'zootopia'"
2016-05-10,"'espn', 'verizon', 'reach', 'settlement', 'distribution'"
2016-05-10,"'favorite', 'dividend', 'stock', 'conservative', 'money'"
2016-05-11,"'apple', 'iphone', 'upgrade', 'slowing', 'stock', 'range', 'bound', 'say'"
2016-05-11,"'verizon', 'strike', 'towering'"
2016-05-12,"'big', 'apple', 'quirk', 'likely', 'explain', 'sour', 'jobless', 'claim'"
2016-05-16,"'buffett', 'yahoo', 'oracle', 'omaha', 'making', 'internet', 'bid', 'medium', 'play'"
2016-05-17,"'vodafone', 'profit', 'climb', 'revenue', 'dip'"
2016-05-18,"'recent', 'spike', 'jobless', 'claim', 'likely'"
2016-05-19,"'yahoo', 'bid', 'expected', 'come', 'well'"
2016-05-19,"'telkom', 'indonesia', 'rise', 'next'"
2016-05-20,"'yahoo', 'slip', 'wsj', 'report', 'bid', 'may'"
2016-05-23,"'stock', 'end', 'lower', 'rate', 'hike', 'fear', 'weigh'"
2016-05-23,"'stock', 'end', 'lower', 'rate', 'hike', 'fear', 'weigh'"
2016-05-24,"'verizon', 'ceo', 'strike', 'may', 'hit'"
2016-05-25,"'alibaba', 'sec', 'accounting'"
2016-05-25,"'yahoo', 'made', 'bid', 'say'"
2016-05-27,"'verizon', 'worker', 'could', 'back', 'job', 'next'"
2016-05-28,"'regeneron', 'sponsor', 'high', 'school', 'science'"
2016-05-28,"'stock', 'big', 'safe', 'dividend'"
2016-05-29,"'may', 'job', 'report', 'reflect', 'speedier'"
2016-06-01,"'yahoo', 'whatever', 'core', 'garner', 'baba', 'matter', 'say'"
2016-06-02,"'reclaims', 'rebound', 'oil', 'help', 'stock', 'end'"
2016-06-02,"'euro', 'weakens', 'ecb', 'inflation', 'projection', 'hint'"
2016-06-02,"'ciena', 'ceo', 'smith', 'cloud', 'another', 'dot'"
2016-06-02,"'adp', 'report', 'private', 'sector', 'job', 'added'"
2016-06-03,"'stock', 'end', 'lower', 'ugly', 'job'"
2016-06-03,"'short', 'term', 'treasury', 'yield', 'log', 'largest', 'weekly', 'drop'"
2016-06-03,"'twitter', 'talk', 'yahoo', 'possible'"
2016-06-04,"'chance', 'fade', 'june', 'rate', 'hike', 'stronger'"
2016-06-06,"'verizon', 'said', 'bid', 'billion', 'yahoo', 'core'"
2016-06-06,"'forget', 'fed', 'recommends', 'goldman', 'watch', 'dollar', 'trade', 'v'"
2016-06-06,"'weak', 'job', 'number', 'brings', 'question'"
2016-06-07,"'yahoo', 'wsj', 'report', 'verizon', 'bid', 'accord', 'core', 'value', 'say'"
2016-06-07,"'facebook', 'already', 'peaked'"
2016-06-08,"'correct', 'verizon', 'share', 'decline', 'early'"
2016-06-09,"'yahoo', 'receives', 'multiple', 'plus', 'bid', 'core', 'say', 'cnbc', 'verizon', 'laggard'"
2016-06-09,"'five', 'area', 'adding', 'job', 'faster', 'anywhere'"
2016-06-09,"'verizon', 'may', 'see', 'growth'"
2016-06-10,"'intel', 'iphone', 'deal', 'make', 'stock', 'buy'"
2016-06-10,"'arris', 'relax', 'say', 'jefferies', 'set', 'top', 'box', 'move', 'cloud', 'take'"
2016-06-14,"'verizon', 'et', 'al', 'could', 'see', 'pricing', 'regulation', 'net', 'neutrality', 'ruling', 'say', 'moffett'"
2016-06-14,"'five', 'potential', 'takeover', 'following', 'microsoft', 'linkedin'"
2016-06-27,"'jp', 'morgan', 'dividend', 'payer', 'best', 'post', 'brexit', 'stock'"
2016-06-27,"'stock', 'brighten', 'post', 'brexit'"
2016-06-27,"'dow', 'stock', 'suffering', 'premarket'"
2016-06-28,"'brexit', 'nowhere', 'hide'"
2016-06-29,"'dow', 'take', 'back', 'half', 'lost', 'post'"
2016-06-30,"'dividend', 'pick', 'income', 'interest', 'rate', 'fall', 'post'"
2016-07-02,"'tech', 'rising', 'yelp', 'shopify', 'next'"
2016-07-05,"'apple', 'citi', 'cut', 'estimate', 'see', 'something', 'look', 'forward'"
2016-07-05,"'verizon', 'share', 'gain', 'early', 'trade', 'lead', 'dow'"
2016-07-06,"'verizon', 'raise', 'cost', 'monthly', 'wireless'"
2016-07-06,"'juniper', 'poised', 'lose', 'telecom', 'router', 'share', 'arista', 'cisco', 'say'"
2016-07-07,"'stock', 'end', 'mostly', 'lower', 'ahead', 'job', 'report', 'oil', 'loss'"
2016-07-07,"'stock', 'end', 'mostly', 'lower', 'amid', 'sharp', 'drop', 'dividend', 'paying'"
2016-07-07,"'citi', 'cut', 'hold', 'higher', 'treasury', 'rate'"
2016-07-08,"'charting', 'approach'"
2016-07-09,"'investor', 'get', 'another', 'bite', 'hostess'"
2016-07-11,"'correct', 'verizon', 'share', 'slip', 'lead', 'dow', 'decliners', 'early'"
2016-07-12,"'dow', 'close', 'record'"
2016-07-13,"'level', 'three', 'communication'"
2016-07-14,"'century', 'old', 'company', 'pay', 'dividend'"
2016-07-15,"'mobile', 'carrier', 'buying', 'pac'"
2016-07-16,"'coping', 'rushing'"
2016-07-18,"'yahoo', 'post', 'loss', 'highlighting', 'hurdle'"
2016-07-18,"'yahoo', 'looming', 'sale', 'take', 'center', 'stage'"
2016-07-19,"'low', 'expectation', 'apple', 'could', 'rally', 'upbeat', 'data', 'well'"
2016-07-19,"'marissa', 'mayer', 'may', 'set', 'bow', 'change', 'anything'"
2016-07-20,"'goldman', 'think', 'investor', 'seek', 'sanctuary'"
2016-07-20,"'verizon', 'communication', 'downgraded', 'perform', 'outperform'"
2016-07-20,"'verizon', 'communication', 'downgraded', 'perform', 'outperform'"
2016-07-20,"'opco', 'cut', 'verizon', 'hold', 'valuation', 'near', 'term'"
2016-07-22,"'yahoo', 'rise', 'verizon', 'rumored', 'buyer', 'core'"
2016-07-22,"'verizon', 'nears', 'deal', 'yahoo', 'internet'"
2016-07-22,"'telecom', 'upside', 'secure'"
2016-07-23,"'camping', 'world', 'take', 'act'"
2016-07-24,"'yahoo', 'chooses', 'verizon', 'core', 'sale', 'say', 'code', 'mayer', 'expected'"
2016-07-25,"'verizon', 'yahoo', 'clueless', 'repeat', 'terremark', 'disaster', 'say', 'global'"
2016-07-25,"'yahoo', 'ignominious', 'end', 'bull', 'trumpet', 'remaining', 'value', 'alibaba', 'etc'"
2016-07-25,"'cry', 'yahoo', 'stock', 'lapped', 'tech', 'sector', 'leader', 'dot', 'com'"
2016-07-25,"'stock', 'close', 'lower', 'earnings', 'ramp', 'ahead', 'fed'"
2016-07-25,"'verizon', 'digital', 'medium', 'advertising', 'right', 'strategy', 'ask', 'ubs'"
2016-07-25,"'yahoo', 'verizon', 'deal', 'mean', 'verizon', 'know'"
2016-07-25,"'time', 'sell', 'small', 'cap', 'telecom'"
2016-07-25,"'sprint', 'reboot', 'gain', 'ground', 'latest'"
2016-07-25,"'expect', 'verizon'"
2016-07-25,"'yahoo', 'verizon', 'slip', 'core', 'deal', 'street', 'quiz', 'mayer', 'remainco'"
2016-07-25,"'verizon', 'early', 'action', 'yahoo', 'slip'"
2016-07-25,"'insane', 'number', 'catalyst', 'poised', 'roil', 'vulnerable', 'market'"
2016-07-25,"'insane', 'number', 'catalyst', 'poised', 'roil', 'vulnerable', 'market'"
2016-07-25,"'yahoo', 'stock', 'resume', 'trade', 'premarket', 'verizon'"
2016-07-25,"'yahoo', 'sell', 'core', 'verizon', 'asian', 'asset'"
2016-07-25,"'verizon', 'agrees', 'billion', 'deal', 'buy'"
2016-07-25,"'verizon', 'acquire', 'yahoo', 'billion'"
2016-07-25,"'yahoo', 'stock', 'halted', 'news', 'premarket', 'prior'"
2016-07-25,"'verizon', 'stock', 'tack', 'premarket', 'deal', 'buy', 'yahoo'"
2016-07-25,"'yahoo', 'intends', 'return', 'net', 'cash'"
2016-07-25,"'yahoo', 'host', 'investor', 'call'"
2016-07-25,"'yahoo', 'stock', 'tick', 'premarket', 'deal', 'sell', 'business'"
2016-07-25,"'verizon', 'say', 'deal', 'expected', 'close'"
2016-07-25,"'verizon', 'deal', 'include', 'yahoo', 'cash', 'stake', 'alibaba', 'stake', 'yahoo'"
2016-07-25,"'verizon', 'confirms', 'acquire', 'yahoo', 'operating', 'business', 'billion', 'cash'"
2016-07-25,"'verizon', 'say', 'yahoo', 'integrated'"
2016-07-25,"'yahoo', 'stock', 'undervalued', 'wake', 'verizon'"
2016-07-26,"'dow', 'tripped', 'mcdonald', 'nasdaq', 'hit'"
2016-07-26,"'apple', 'grim', 'phone', 'activation', 'rate', 'bode', 'ill', 'fyq', 'say'"
2016-07-26,"'second', 'chance', 'buy', 'oil'"
2016-07-26,"'verizon', 'slip', 'activation', 'decline', 'pre', 'iphone', 'behavior'"
2016-07-26,"'guy', 'helped', 'sprint', 'stock', 'biggest', 'one', 'day'"
2016-07-26,"'share', 'verizon', 'dip', 'reporting'"
2016-07-26,"'verizon', 'earnings', 'dented', 'worker'"
2016-07-26,"'verizon', 'earnings', 'negatively', 'impacted', 'union', 'strike'"
2016-07-26,"'yahoo', 'leaf', 'behind', 'billion', 'company'"
2016-07-26,"'verizon', 'revenue', 'bln', 'v', 'bln', 'factset', 'consensus'"
2016-07-26,"'verizon', 'adj', 'eps', 'cent', 'factset', 'eps', 'consensus'"
2016-07-26,"'verizon', 'eps', 'cent', 'v'"
2016-07-27,"'cord', 'cutting', 'trend', 'proving', 'difficult', 'pin', 'second'"
2016-07-27,"'verizon', 'communication', 'downgraded', 'neutral', 'buy', 'hilliard'"
2016-07-27,"'chart', 'show', 'beginning', 'end', 'wall', 'street', 'big'"
2016-07-28,"'yahoo', 'tumblr', 'look', 'monetize', 'place', 'ad'"
2016-07-28,"'verizon', 'look', 'fairly', 'valued', 'post', 'yahoo'"
2016-07-29,"'marissa', 'mayer', 'earned', 'million', 'yahoo', 'pushed'"
2016-07-30,"'plenty', 'value', 'left', 'yahoo', 'willing'"
2016-08-01,"'two', 'veteran', 'stock', 'picker', 'win', 'going', 'others', 'see', 'fear', 'disinterest'"
2016-08-01,"'two', 'veteran', 'stock', 'picker', 'win', 'going', 'others', 'see', 'fear', 'disinterest'"
2016-08-01,"'verizon', 'fleetmatics', 'healthy', 'multiple', 'say', 'rbc'"
2016-08-01,"'earnings', 'signal', 'bear', 'market', 'sell', 'house', 'sell', 'car', 'sell', 'kid'"
2016-08-01,"'verizon', 'plan', 'acquire', 'fleetmatics', 'billion'"
2016-08-01,"'verizon', 'expects', 'fleetmatics', 'buyout', 'close'"
2016-08-01,"'verizon', 'per', 'share', 'bid', 'fleetmatics', 'represents', 'premium', 'friday', 'closing'"
2016-08-01,"'verizon', 'buy', 'fleetmatics', 'deal', 'valued'"
2016-08-01,"'verizon', 'pay', 'cash', 'fleetmatics'"
2016-08-01,"'bye', 'bye', 'discount', 'telecom', 'appear', 'set', 'jack', 'smartphone'"
2016-08-02,"'verizon', 'go', 'video', 'app', 'tough', 'time', 'attracting'"
2016-08-02,"'frontier', 'mixed', 'quarter', 'still', 'best', 'dividend', 'telco'"
2016-08-02,"'verizon', 'forging', 'future', 'digital'"
2016-08-02,"'uber', 'take', 'page', 'yahoo', 'cutting', 'loss'"
2016-08-03,"'verizon', 'betting', 'future', 'enterprise', 'internet'"
2016-08-03,"'frontier', 'dividend', 'yield', 'look'"
2016-08-05,"'verizon', 'share', 'early', 'trade', 'lead', 'dow', 'decliners', 'early'"
2016-08-11,"'yahoo', 'alibaba', 'uncertain', 'tax', 'contraption', 'alibaba'"
2016-08-12,"'people', 'cutting', 'cable', 'cord'"
2016-08-13,"'safe', 'european', 'stock', 'yield'"
2016-08-14,"'tpg', 'buying', 'rcn', 'grande', 'communication'"
2016-08-15,"'ciena', 'ceo', 'smith', 'serving', 'cloud', 'component', 'craze', 'getting', 'cycle'"
2016-08-16,"'stock', 'close', 'lower', 'amid', 'hawkish', 'fed'"
2016-08-16,"'money', 'manager', 'say', 'time', 'move', 'away', 'year', 'hot', 'stock'"
2016-08-17,"'arianna', 'huffington', 'leaving', 'huffington'"
2016-08-19,"'sector', 'hedge', 'fund', 'investor', 'scooping'"
2016-08-19,"'sprint', 'mobile', 'food', 'fight', 'street', 'asks', 'new', 'pricing'"
2016-08-19,"'mobile', 'look', 'shrewd', 'price'"
2016-08-22,"'save', 'money', 'wi', 'fi'"
2016-08-26,"'dow', 'close', 'lower', 'september', 'rate', 'hike', 'prospect', 'rattle'"
2016-08-27,"'best', 'dividend'"
2016-08-27,"'sell', 'disney', 'buy', 'viacom'"
2016-09-02,"'samsung', 'recall', 'galaxy', 'note', 'fire'"
2016-09-02,"'verizon', 'cfo', 'retires', 'replacement', 'elli', 'brings', 'perspective', 'say'"
2016-09-03,"'barron', 'survey', 'strategist', 'say', 'beware'"
2016-09-09,"'yahoo', 'file', 'page', 'deal', 'proxy', 'verizon'"
2016-09-09,"'dow', 'log', 'nearly', 'point', 'drop', 'rate', 'hike', 'fear', 'grip', 'wall'"
2016-09-10,"'allure', 'risk', 'consumer', 'staple'"
2016-09-10,"'vodafone', 'charm', 'upside'"
2016-09-12,"'finisar', 'stock', 'could', 'reach'"
2016-09-13,"'nyc', 'say', 'verizon', 'broke', 'fios', 'service'"
2016-09-13,"'apple', 'rising', 'pre', 'order', 'guessing', 'get', 'weird', 'mobile', 'ceo'"
2016-09-14,"'samsung', 'loss', 'apple', 'gain', 'time', 'buy', 'taiwan', 'stock'"
2016-09-14,"'apple', 'look', 'volume', 'stock', 'hit', 'nine', 'month'"
2016-09-14,"'five', 'dividend', 'stock', 'soothe', 'interest', 'rate'"
2016-09-14,"'underdog', 'stock', 'everything', 'going', 'one', 'paying'"
2016-09-14,"'new', 'york', 'city', 'verizon', 'failed', 'meet', 'fios'"
2016-09-15,"'apple', 'returning', 'growth', 'return', 'subsidy', 'say'"
2016-09-16,"'cheap', 'big', 'cap', 'stock', 'strong', 'cash'"
2016-09-16,"'apple', 'news', 'illustrates', 'difference', 'trading'"
2016-09-16,"'apple', 'news', 'illustrates', 'difference', 'trading'"
2016-09-17,"'visa', 'consolidates'"
2016-09-19,"'dad', 'gave', 'remnant', 'post', 'bubble', 'trading', 'account'"
2016-09-19,"'stock', 'trump'"
2016-09-19,"'share', 'verizon', 'slip', 'top', 'dow', 'laggard', 'early'"
2016-09-20,"'twitter', 'sure', 'could', 'wait', 'around', 'year', 'buyout', 'say', 'rbc'"
2016-09-20,"'mobile', 'brag', 'growth', 'yet', 'stock'"
2016-09-20,"'comcast', 'aiming', 'launch', 'wireless', 'service', 'mid'"
2016-09-20,"'apple', 'price', 'target', 'lifted', 'per', 'share'"
2016-09-21,"'deutsche', 'bank', 'break', 'clinton', 'v', 'trump', 'stock', 'trading'"
2016-09-22,"'iphone', 'headwind'"
2016-09-22,"'investment', 'pull', 'fed', 'keep', 'rate'"
2016-09-22,"'yahoo', 'admit', 'data', 'breach', 'affecting', 'hundred', 'million', 'user'"
2016-09-23,"'apple', 'iphone', 'promotion', 'could', 'diminish', 'customer', 'value', 'et', 'al'"
2016-09-23,"'yahoo', 'massive', 'breach', 'cuda', 'fortinet', 'et', 'al', 'get', 'lift', 'say'"
2016-09-23,"'share', 'verizon', 'rise', 'lead', 'dow', 'gainer', 'early'"
2016-09-26,"'wall', 'street', 'newest', 'alchemy', 'bundling', 'people', 'cellphone', 'bill'"
2016-09-26,"'wall', 'street', 'newest', 'alchemy', 'bundling', 'people', 'cellphone', 'bill'"
2016-09-26,"'buying', 'twitter', 'would', 'dumb', 'idea', 'salesforce'"
2016-09-26,"'verizon', 'say', 'rumored', 'twitter', 'bid', 'true', 'comment', 'potential', 'future'"
2016-09-27,"'disney', 'logical', 'choice', 'buyer'"
2016-09-28,"'twitter', 'option', 'strategy', 'play', 'buyout', 'chatter', 'per'"
2016-09-29,"'robocalls', 'worse', 'ever', 'much'"
2016-09-30,"'apple', 'long', 'wait', 'time', 'iphone', 'encouraging', 'say', 'citi'"
2016-09-30,"'twitter', 'huddle', 'green', 'bay', 'packer', 'weighing'"
2016-10-01,"'telecom', 'stock', 'offer', 'tempting'"
2016-10-03,"'oclaro', 'ride', 'optical', 'spending', 'cycle', 'say'"
2016-10-03,"'thinking', 'buying', 'iphone', 'try', 'alcatel', 'idol', 'huawei'"
2016-10-05,"'stock', 'end', 'day', 'loss', 'finish', 'higher', 'energy', 'financial', 'sector'"
2016-10-05,"'verizon', 'share', 'top', 'dow', 'laggard', 'early'"
2016-10-05,"'real', 'reason', 'google', 'fancy', 'new', 'product'"
2016-10-05,"'google', 'leaf', 'apple', 'behind', 'two', 'important'"
2016-10-05,"'google', 'launch', 'iphone', 'rival', 'pixel', 'plus', 'virtual', 'reality', 'goggles', 'home'"
2016-10-06,"'twitter', 'plunge', 'downside', 'possible', 'say', 'monness'"
2016-10-07,"'job', 'report', 'flash', 'crash', 'whatever', 'fed', 'hike', 'rate'"
2016-10-07,"'verizon', 'want', 'billion', 'discount', 'yahoo', 'deal', 'report', 'hacking'"
2016-10-08,"'shopper', 'know', 'sale', 'associate', 'fix'"
2016-10-08,"'shopper', 'know', 'sale', 'associate', 'fix'"
2016-10-08,"'activist', 'elliott', 'associate', 'focus', 'mentor'"
2016-10-08,"'top', 'fund', 'make', 'value', 'case'"
2016-10-09,"'undervalued', 'dividend', 'stock'"
2016-10-10,"'cond', 'nast', 'hire', 'jim', 'norton'"
2016-10-10,"'samsung', 'put', 'galaxy', 'note', 'production'"
2016-10-11,"'atlantic', 'trust', 'hold'"
2016-10-11,"'twitter', 'new', 'yahoo', 'expect', 'long', 'bumpy'"
2016-10-12,"'today', 'top', 'stock', 'pick', 'dividend', 'dynamo'"
2016-10-13,"'verizon', 'see', 'yahoo', 'data', 'breach', 'material', 'change', 'takeover'"
2016-10-14,"'well', 'fargo', 'stock', 'value', 'value', 'trap'"
2016-10-14,"'stock', 'yield', 'rising', 'earnings'"
2016-10-16,"'growth', 'nhl', 'hockey', 'nationwide', 'boost', 'apartment'"
2016-10-17,"'market', 'minute', 'fed', 'may', 'trump', 'earnings'"
2016-10-17,"'twitter', 'cnbc', 'cramer', 'even', 'check', 'mention'"
2016-10-17,"'verizon', 'share', 'slip', 'lead', 'dow', 'decliners', 'early'"
2016-10-17,"'bull', 'market', 'legacy'"
2016-10-17,'welcome'
2016-10-17,"'next', 'index', 'millennial'"
2016-10-18,"'calling', 'verizon', 'time', 'hang'"
2016-10-18,"'yahoo', 'beat', 'forecast', 'core', 'revenue', 'drop'"
2016-10-18,"'yahoo', 'rally', 'quarterly', 'earnings', 'beat', 'wall', 'street'"
2016-10-18,"'yahoo', 'rising', 'rev', 'miss', 'eps', 'beat', 'display'"
2016-10-18,"'like', 'strategy', 'better', 'verizon'"
2016-10-18,"'yahoo', 'needham', 'cut', 'hold', 'prospect', 'verizon', 'walk'"
2016-10-18,"'yahoo', 'earnings', 'expect'"
2016-10-19,"'verizon', 'earnings'"
2016-10-19,"'mutual', 'fund', 'return', 'show', 'peril', 'investing', 'solely', 'performance'"
2016-10-20,"'stock', 'close', 'lower', 'telecom', 'oil'"
2016-10-20,"'verizon', 'reviewing', 'term', 'yahoo', 'deal', 'sale'"
2016-10-20,"'verizon', 'slip', 'rev', 'miss', 'cfo', 'non', 'commital', 'yahoo'"
2016-10-20,"'stock', 'open', 'lower', 'earnings'"
2016-10-20,"'stock', 'open', 'lower', 'corporate', 'earnings'"
2016-10-20,"'verizon', 'sale', 'fall', 'view', 'profit'"
2016-10-20,"'dow', 'future', 'early', 'gain', 'american'"
2016-10-20,"'verizon', 'share', 'slump', 'despite', 'earnings'"
2016-10-20,"'verizon', 'wireless', 'postpaid', 'churn', 'factset', 'consensus'"
2016-10-20,"'verizon', 'factset', 'wireless', 'postpaid', 'net', 'add', 'consensus'"
2016-10-20,"'verizon', 'wireless', 'retail', 'postpaid', 'net', 'add'"
2016-10-20,"'verizon', 'see', 'adj', 'eps', 'flat', 'factset', 'consensus', 'v', 'year'"
2016-10-20,"'verizon', 'revenue', 'bln', 'v', 'bln', 'factset', 'consensus'"
2016-10-20,"'verizon', 'stock', 'slump', 'premarket'"
2016-10-20,"'verizon', 'adj', 'eps', 'factset', 'consensus'"
2016-10-20,"'verizon', 'communication', 'eps', 'cent', 'v', 'cent', 'year'"
2016-10-21,"'dow', 'limp', 'close', 'stock', 'end', 'string', 'weekly'"
2016-10-21,"'stock', 'end', 'lower', 'weak', 'batch'"
2016-10-21,"'verizon', 'street', 'rattled', 'new', 'sign'"
2016-10-22,'said'
2016-10-24,"'index', 'fund', 'inferior', 'active', 'fund', 'two', 'crucial'"
2016-10-24,"'mobile', 'jump', 'could', 'bought'"
2016-10-26,"'senior', 'citizen', 'portfolio', 'nearly', 'doubling', 'return', 'millennials'"
2016-10-26,"'key', 'nasdaq', 'gauge', 'topping', 'apple'"
2016-10-27,"'stock', 'market', 'end', 'lower', 'mixed', 'earnings', 'defensive', 'sector'"
2016-10-29,"'year', 'market', 'going'"
2016-10-30,"'next', 'medium'"
2016-10-31,"'centurylink', 'sink', 'proposed', 'level'"
2016-10-31,"'centurylink', 'buy', 'level'"
2016-10-31,"'new', 'world', 'medium', 'stock', 'win'"
2016-10-31,"'even', 'without', 'time', 'warner', 'beat', 'verizon', 'dividend'"
2016-10-31,"'centurylink', 'buy', 'level', 'communication', 'billion', 'cash', 'stock'"
2016-11-02,"'end', 'lower', 'th', 'day', 'longest', 'losing', 'streak'"
2016-11-02,"'frontier', 'struggling', 'verizon'"
2016-11-02,"'telecom', 'space', 'content'"
2016-11-04,"'stock', 'offering', 'investor', 'trump', 'like', 'tax'"
2016-11-05,"'put', 'robocalls', 'awhile'"
2016-11-05,"'millennial', 'firm', 'favor', 'clinton', 'trump'"
2016-11-09,"'tech', 'stock', 'beaten'"
2016-11-09,"'dow', 'stock', 'tumble', 'tech', 'lead', 'loser', 'healthcare'"
2016-11-10,"'buy', 'skip', 'black'"
2016-11-11,"'lobbyist', 'fill', 'trump', 'transition', 'team', 'obama', 'environmental', 'legacy'"
2016-11-12,"'stadium', 'capital', 'revisits', 'ascena'"
2016-11-12,"'trump', 'win', 'creates', 'winner'"
2016-11-15,"'dow', 'close', 'record', 'high', 'fourth', 'straight'"
2016-11-16,"'apple', 'pay', 'mobile', 'wallet', 'never', 'really', 'took', 'despite', 'buzz', 'back'"
2016-11-21,"'trump', 'toothless', 'fang', 'challenge', 'creates', 'opportunity', 'high', 'flying', 'internet'"
2016-11-21,"'dish', 'wpp', 'buy', 'invidi'"
2016-11-22,"'dow', 'close', 'stock', 'log', 'second', 'straight', 'record'"
2016-11-22,"'dividend', 'pick', 'buy', 'hold', 'despite', 'rising'"
2016-11-23,"'bull', 'trend', 'broadens', 'charting', 'break', 'atop', 'dow'"
2016-11-29,"'verizon', 'might', 'need', 'big', 'acquisition', 'match'"
2016-11-29,"'directv', 'needle'"
2016-12-01,"'verizon', 'yahoo', 'deal', 'seen', 'going'"
2016-12-02,"'fcc', 'raise', 'fresh', 'concern', 'zero', 'rating'"
2016-12-02,"'ciena', 'expect', 'upside'"
2016-12-03,"'hartford', 'schroders', 'steady'"
2016-12-03,"'game', 'changing', 'directv', 'make', 'money'"
2016-12-05,"'aol', 'tim', 'armstrong', 'cautiously', 'optimistic', 'yahoo', 'verizon'"
2016-12-05,"'find', 'yield'"
2016-12-05,"'mobile', 'signal', 'continued', 'customer', 'addition', 'say'"
2016-12-06,"'tech', 'today', 'better', 'apple', 'trend', 'netflix', 'rising', 'data', 'center'"
2016-12-06,"'equinix', 'acquire', 'portfolio', 'data', 'center', 'site', 'verizon', 'billion'"
2016-12-07,"'softbank', 'merge', 'sprint', 'mobile', 'even', 'trump', 'allows'"
2016-12-07,"'senator', 'voice', 'time', 'warner', 'concern', 'trump', 'time', 'person', 'year', 'forbes', 'name', 'hollywood', 'overpaid'"
2016-12-07,"'verizon', 'deal', 'give', 'equinix', 'growth'"
2016-12-10,"'vodafone', 'could'"
2016-12-10,"'new', 'reality', 'cyber', 'security', 'accept', 'hacker', 'get'"
2016-12-10,"'get', 'ready', 'dow'"
2016-12-10,"'attractive', 'stock', 'london', 'sohn'"
2016-12-12,"'finisar', 'stock', 'rally', 'finished'"
2016-12-13,"'bull', 'trend', 'confirmed', 'charting', 'approach', 'dow', 'ahead'"
2016-12-13,"'bull', 'trend', 'confirmed', 'charting', 'approach', 'dow', 'ahead'"
2016-12-13,"'bull', 'trend', 'confirmed', 'charting', 'approach', 'dow', 'ahead'"
2016-12-13,"'fund', 'make', 'case', 'active', 'management', 'stock', 'get'"
2016-12-14,"'yahoo', 'theft', 'user', 'info', 'verizon', 'keeping', 'option'"
2016-12-14,"'yahoo', 'billion', 'user', 'affected', 'newly', 'discovered'"
2016-12-15,"'biggest', 'loser', 'yahoo', 'tumble'"
2016-12-15,"'verizon', 'yahoo', 'deal', 'seen', 'delayed', 'latest'"
2016-12-15,"'verizon', 'drop', 'yahoo'"
2016-12-15,"'yet', 'another', 'gigantic', 'yahoo', 'hack', 'net', 'verizon', 'equally', 'gigantic'"
2016-12-16,"'story', 'second', 'yahoo'"
2016-12-16,"'tech', 'today', 'bear', 'warm', 'jabil', 'apple', 'reprieve', 'said'"
2016-12-16,"'company', 'score', 'big', 'trump', 'chop'"
2016-12-17,"'spammer', 'celebrate', 'holiday', 'inundating', 'consumer'"
2016-12-17,'charting'
2016-12-17,"'time', 'sell', 'retail'"
2016-12-17,"'outlook', 'bull', 'market'"
2016-12-20,"'ciena', 'race', 'speed', 'growth', 'say'"
2016-12-20,"'netflix', 'v', 'comcast', 'coming', 'trump'"
2016-12-28,"'sprint', 'one', 'offer', 'free', 'iphone', 'note'"
2016-12-28,"'overlooked', 'stock', 'pick', 'top', 'fund'"
2016-12-29,"'biggest', 'tech', 'mistake'"
2016-12-30,"'tech', 'today', 'nvidia', 'amd', 'slip', 'waiting', 'ce', 'twitter', 'may'"
2017-01-03,"'stock', 'kick', 'positive', 'note', 'close', 'high', 'oil'"
2017-01-05,"'verizon', 'exec', 'voice', 'doubt', 'yahoo'"
2017-01-06,"'verizon', 'dueling', 'comment', 'yahoo', 'deal', 'may', 'confuse'"
2017-01-06,"'dow', 'miss', 'milestone'"
2017-01-06,"'megyn', 'kelly', 'exit', 'fox', 'nbc', 'trump', 'still', 'opposes', 'time', 'warner', 'medium', 'say', 'online', 'medium', 'ad', 'driven', 'model'"
2017-01-09,"'yahoo', 'leftover', 'called', 'altaba', 'mayer'"
2017-01-09,"'heresy', 'actively', 'managed', 'fund'"
2017-01-10,"'verizon', 'may', 'soon', 'paying'"
2017-01-10,"'altaba', 'explained', 'yahoo', 'still', 'yahoo', 'marissa', 'mayer', 'still', 'ceo'"
2017-01-15,"'outperforming', 'portfolio', 'manager', 'recommends', 'shift', 'non', 'dividend'"
2017-01-15,"'way', 'speed', 'wi', 'fi'"
2017-01-16,"'cheap', 'stock', 'expected', 'post', 'fastest', 'earnings', 'growth', 'v'"
2017-01-16,"'dividend', 'stock', 'yield', 'company', 'set', 'sale', 'earnings'"
2017-01-17,"'verizon', 'could', 'interested', 'making', 'big', 'acquisition', 'cable'"
2017-01-17,"'boring', 'stock', 'get', 'exciting', 'trump', 'rally'"
2017-01-20,"'billion', 'meitu', 'app', 'prof', 'warren', 'buffett', 'would', 'amazing', 'anime'"
2017-01-20,"'ford', 'see', 'remeasurement', 'loss'"
2017-01-23,"'verizon', 'share', 'downgraded', 'well', 'fargo', 'company', 'face'"
2017-01-23,"'verizon', 'downgraded', 'market', 'perform', 'outperform', 'well'"
2017-01-23,"'yahoo', 'earnings', 'preview', 'nothing', 'really'"
2017-01-23,"'yahoo', 'push', 'back', 'closing', 'date', 'verizon'"
2017-01-23,"'verizon', 'stock', 'valuation', 'range', 'cut', 'well'"
2017-01-24,"'verizon', 'wireline', 'revenue', 'bln', 'factset', 'consensus'"
2017-01-24,"'verizon', 'revenue', 'bln', 'factset', 'consensus'"
2017-01-24,"'nasdaq', 'notch', 'new', 'record', 'dow', 'move', 'closer'"
2017-01-24,"'verizon', 'adj', 'eps', 'cent', 'factset', 'consensus'"
2017-01-24,"'stock', 'open', 'marginally'"
2017-01-24,"'verizon', 'earnings', 'wireless', 'cable', 'provider', 'looking', 'deal', 'help', 'medium'"
2017-01-24,"'verizon', 'retail', 'postpaid', 'net', 'add'"
2017-01-24,"'verizon', 'stock', 'drop', 'premarket'"
2017-01-24,"'verizon', 'share', 'drop', 'company', 'miss', 'profit'"
2017-01-24,"'trump', 'bull', 'look', 'rip', 'hole', 'oil'"
2017-01-24,"'verizon', 'retail', 'postpaid', 'churn', 'v', 'year'"
2017-01-24,"'stock', 'dow', 'component', 'reporting', 'result'"
2017-01-24,"'verizon', 'share', 'afternoon', 'trade', 'earnings'"
2017-01-24,"'verizon', 'revenue', 'dip', 'decline', 'new'"
2017-01-24,"'verizon', 'lead', 'dow', 'decliners'"
2017-01-24,"'verizon', 'eps', 'v', 'year'"
2017-01-24,"'verizon', 'see', 'revenue', 'fairly', 'consistent', 'factset', 'consensus', 'bln', 'implies'"
2017-01-25,"'verizon', 'stock', 'price', 'target', 'cut', 'rbc'"
2017-01-25,"'verizon', 'downgraded', 'sector', 'perform', 'outperform', 'rbc'"
2017-01-25,"'comcast', 'earnings', 'expect', 'merger', 'rumor', 'circle', 'amid', 'regulatory'"
2017-01-25,"'verizon', 'weak', 'outlook', 'force', 'analyst', 'question', 'plan'"
2017-01-25,"'verizon', 'downgraded', 'market', 'perform', 'outperform', 'raymond'"
2017-01-25,"'verizon', 'downgraded', 'sector', 'perform', 'rbc', 'smartphone', 'competition', 'look', 'continue'"
2017-01-26,"'verizon', 'interested', 'charter', 'communication'"
2017-01-26,"'yes', 'dow', 'hype', 'broad', 'le', 'famous', 'gauge', 'also'"
2017-01-26,"'verizon', 'exploring', 'merger', 'charter', 'communication'"
2017-01-26,"'verizon', 'explores', 'combining', 'charter', 'sprint', 'go', 'business', 'jay', 'tidal', 'la', 'la', 'land', 'pace', 'oscar'"
2017-01-27,"'dow', 'notch', 'fresh', 'record', 'nasdaq'"
2017-01-31,"'sprint', 'narrow', 'loss', 'still', 'miss'"
2017-02-02,"'cheapest', 'fastest', 'growing', 'beloved', 'dow'"
2017-02-03,"'hunting', 'year', 'hottest'"
2017-02-06,"'stock', 'close', 'lower', 'amid', 'mixed'"
2017-02-06,"'stock', 'market', 'finish', 'weaker', 'investor', 'turn'"
2017-02-12,"'verizon', 'revives', 'unlimited', 'wireless', 'data'"
2017-02-13,"'verizon', 'stock', 'fall', 'giving', 'competition', 'introducing', 'unlimited', 'data'"
2017-02-13,"'stock', 'carve', 'new', 'record', 'third', 'session'"
2017-02-13,"'verizon', 'stock', 'drop', 'premarket', 'introducing', 'unlimited', 'data', 'plan'"
2017-02-14,"'mobile', 'profit', 'revenue', 'climb', 'top'"
2017-02-14,"'verizon', 'cave', 'competition', 'unlimited', 'wireless', 'data', 'stock'"
2017-02-15,"'warren', 'buffett', 'big', 'bet', 'apple', 'may', 'made', 'billion', 'six'"
2017-02-15,"'verizon', 'share'"
2017-02-15,"'share', 'yahoo', 'rise', 'report', 'hint', 'revised', 'verizon', 'merger'"
2017-02-15,"'verizon', 'yahoo', 'nearing', 'new', 'deal', 'cut', 'price', 'million', 'following'"
2017-02-16,"'open', 'unlimited', 'wireless', 'data'"
2017-02-21,"'verizon', 'pay', 'cash', 'liability', 'related', 'litigation', 'breach'"
2017-02-21,"'verizon', 'yahoo', 'split', 'future', 'cost', 'data', 'breach'"
2017-02-21,"'verizon', 'yahoo', 'announced', 'revised', 'merger', 'deal', 'tuesday'"
2017-02-21,"'low', 'risk', 'dividend', 'play', 'survive', 'stock', 'market'"
2017-02-21,"'verizon', 'yahoo', 'cut', 'merger', 'price', 'much', 'mln'"
2017-02-21,"'verizon', 'purchase', 'yahoo', 'valued'"
2017-02-21,"'verizon', 'yahoo', 'agree', 'revised', 'deal', 'cutting', 'million', 'acquisition'"
2017-02-21,"'dow', 'log', 'th', 'gain', 'row', 'energy', 'defensive', 'sector', 'power', 'record'"
2017-02-21,"'verizon', 'yahoo', 'amend', 'merger', 'deal', 'verizon', 'cut', 'price', 'paid'"
2017-02-22,"'revised', 'verizon', 'yahoo', 'deal', 'put', 'liability'"
2017-02-22,"'fcc', 'open', 'bandwidth', 'new', 'lte'"
2017-02-27,"'verizon', 'trying', 'win'"
2017-02-27,"'wireless', 'carrier', 'stock', 'fall', 'amid', 'budding', 'price', 'war', 'unlimited'"
2017-03-01,"'yahoo', 'blame', 'exec', 'data', 'breach', 'bonus'"
2017-03-01,"'dow', 'rally', 'powered', 'apple', 'rally', 'since', 'jan'"
2017-03-04,"'wireless', 'carrier', 'quietly', 'telling', 'video', 'watch'"
2017-03-06,"'amazon', 'keeping', 'world', 'biggest', 'advertising', 'ceo'"
2017-03-08,"'fcc', 'chief', 'defends', 'rolling', 'back', 'privacy', 'net', 'neutrality'"
2017-03-08,"'bull', 'market', 'year', 'anniversary', 'reminds', 'u', 'dow', 'reward'"
2017-03-13,"'yahoo', 'marissa', 'mayer', 'get', 'million', 'severance'"
2017-03-14,"'third', 'time', 'unlucky', 'sweat', 'fed', 'dollar'"
2017-03-14,"'stock', 'market', 'close', 'lower', 'oil', 'slide', 'dent', 'energy'"
2017-03-15,"'fed', 'charge', 'suspect', 'yahoo', 'data'"
2017-03-15,"'dog', 'dow', 'falling', 'behind'"
2017-03-15,"'hacker', 'tapped', 'yahoo', 'info', 'russian', 'journalist'"
2017-03-16,"'nagging', 'question', 'rent', 'buy', 'modem'"
2017-03-28,"'alphabet', 'amazon', 'stock', 'better'"
2017-03-30,"'google', 'youtube', 'ad', 'controversy', 'scare'"
2017-03-31,"'verizon', 'change', 'operating', 'structure', 'three'"
2017-03-31,"'verizon', 'plan', 'launch', 'live', 'online', 'tv', 'service', 'summer'"
2017-03-31,"'verizon', 'change', 'operating', 'structure', 'area', 'hire', 'ex', 'ericsson'"
2017-03-31,"'verizon', 'hire', 'former', 'ericsson', 'ceo', 'part', 'new'"
2017-03-31,"'push', 'unlimited', 'data', 'could', 'hurt', 'result', 'expected', 'analyst'"
2017-04-01,"'comcast', 'vow', 'sell', 'sensitive', 'web', 'information', 'following', 'house', 'privacy'"
2017-04-02,"'browser', 'history', 'sold', 'advertiser', 'without'"
2017-04-04,"'stellar', 'samsung', 'galaxy', 'kill', 'apple', 'stock', 'rally'"
2017-04-04,"'james', 'dolan', 'new', 'york', 'sport', 'broadcaster', 'msg', 'network', 'looking'"
2017-04-04,"'yahoo', 'name', 'game', 'continues', 'oath', 'verizon', 'company'"
2017-04-04,"'sprint', 'said', 'dropping', 'discount'"
2017-04-06,"'comcast', 'planning', 'launch', 'cell', 'phone', 'plan', 'challenge', 'verizon'"
2017-04-13,"'mobile', 'dish', 'comcast', 'bolster', 'airwave', 'holding', 'fcc'"
2017-04-14,"'wireless', 'price', 'war', 'cutting', 'phone'"
2017-04-18,"'yahoo', 'verizon', 'acquisition', 'expected', 'close'"
2017-04-18,"'yahoo', 'earnings', 'watch', 'surprise'"
2017-04-18,"'verizon', 'earnings', 'profit', 'sale', 'expected'"
2017-04-18,"'corning', 'stock', 'climb', 'verizon', 'purchase'"
2017-04-18,"'corning', 'share', 'see', 'bump', 'bln', 'purchase', 'agreement'"
2017-04-19,"'verizon', 'communication', 'started', 'hold', 'stock', 'price', 'target', 'suntrust'"
2017-04-19,"'dow', 'industrials', 'finish', 'point', 'lower', 'energy', 'ibm'"
2017-04-19,"'verizon', 'communication', 'initiated', 'hold', 'price', 'target'"
2017-04-20,"'stock', 'open', 'higher', 'dow', 'try', 'end', 'day'"
2017-04-20,"'verizon', 'affirms', 'revenue', 'adj', 'eps'"
2017-04-20,"'verizon', 'wireless', 'revenue', 'bln', 'factset', 'consensus'"
2017-04-20,"'verizon', 'loses', 'core', 'wireless', 'customer', 'st'"
2017-04-20,"'verizon', 'stock', 'drop', 'premarket'"
2017-04-20,"'stock', 'rise', 'solid', 'earnings', 'tax', 'optimism', 'nasdaq', 'close'"
2017-04-20,"'verizon', 'eps', 'cent', 'v', 'year'"
2017-04-20,"'verizon', 'revenue', 'bln', 'v', 'bln', 'factset', 'consensus'"
2017-04-20,"'verizon', 'share', 'fall', 'telecom', 'company', 'earnings', 'fall'"
2017-04-20,"'verizon', 'net', 'retail', 'postpaid', 'connection', 'decline'"
2017-04-20,"'verizon', 'loses', 'wireless', 'customer', 'first'"
2017-04-20,"'verizon', 'adj', 'eps', 'cent', 'factset', 'consensus'"
2017-04-20,"'amazon', 'become', 'first', 'trillion'"
2017-04-20,"'verizon', 'wireline', 'revenue', 'bln', 'factset', 'consensus'"
2017-04-21,"'stock', 'market', 'close', 'lower', 'trim', 'loss', 'trump', 'pledge', 'tax', 'cut', 'plan', 'next'"
2017-04-21,"'verizon', 'stock', 'price', 'target', 'cut'"
2017-04-24,"'mobile', 'added', 'million', 'customer', 'verizon'"
2017-04-25,"'yahoo', 'marissa', 'mayer', 'make', 'million', 'verizon'"
2017-04-25,"'straight', 'path', 'stock', 'soar', 'record', 'high', 'receiving', 'higher', 'buyout'"
2017-04-25,"'verizon', 'launch', 'billion', 'dollar', 'bidding', 'war'"
2017-04-25,"'verizon', 'bid', 'bln', 'buy', 'straight', 'path', 'top', 'bln', 'bid'"
2017-04-26,"'dow', 'end', 'whimper', 'trump', 'massive', 'tax'"
2017-04-27,"'comcast', 'earnings', 'beat', 'gear'"
2017-04-28,"'three', 'infrastructure', 'stock', 'buy', 'regardless', 'trump', 'spending'"
2017-05-01,"'must', 'watch', 'earnings', 'report'"
2017-05-03,"'verizon', 'pay', 'million', 'live', 'stream', 'nfl', 'game'"
2017-05-07,"'best', 'worst', 'stock'"
2017-05-07,"'comcast', 'charter', 'said', 'near', 'wireless'"
2017-05-11,"'straight', 'path', 'stock', 'plunge', 'verizon', 'merger'"
2017-05-11,"'straight', 'path', 'stock', 'tumble', 'premarket', 'verizon', 'buyout'"
2017-05-11,"'verizon', 'pay', 'mln', 'termination', 'fee'"
2017-05-11,"'verizon', 'say', 'deal', 'approval', 'board'"
2017-05-11,"'make', 'new', 'bid', 'offer', 'straight'"
2017-05-11,"'verizon', 'agrees', 'acquire', 'straight', 'path', 'communication', 'share'"
2017-05-11,"'verizon', 'stock', 'slip', 'premarket', 'deal', 'buy', 'straight'"
2017-05-11,"'stock', 'market', 'close', 'lower', 'retail', 'sector', 'slump', 'snap', 'stock'"
2017-05-11,"'northern', 'exposure', 'trade', 'one', 'like', 'case'"
2017-05-11,"'verizon', 'stock', 'turn', 'higher', 'premarket', 'much'"
2017-05-11,"'verizon', 'outbids', 'race', 'buy', 'straight', 'path', 'source'"
2017-05-15,"'could', 'stop', 'amazon', 'stock', 'rally'"
2017-05-16,"'low', 'volatility', 'stock', 'bubble'"
2017-05-17,"'dow', 'stock', 'day', 'moving'"
2017-05-25,"'yahoo', 'removed', 'penney', 'demoted', 'smallcap'"
2017-05-25,"'best', 'buy', 'shine', 'troubled', 'sector', 'sale'"
2017-05-30,"'sprint', 'move', 'medium', 'account'"
2017-06-01,"'cable', 'giant', 'charter', 'rejected', 'billion', 'buyout', 'bid', 'verizon', 'source'"
2017-06-06,"'beyond', 'tech', 'sector', 'driving', 'stock'"
2017-06-06,"'pandora', 'could', 'receive', 'million', 'verizon', 'investment', 'siriusxm', 'deal', 'fall'"
2017-06-07,"'retail', 'giant', 'like', 'amazon', 'trying', 'attract', 'people', 'use', 'food'"
2017-06-07,"'layoff', 'expected', 'yahoo', 'aol'"
2017-06-07,"'verizon', 'expected', 'cut', 'yahoo', 'aol', 'job'"
2017-06-08,"'need', 'antidote', 'triple', 'threat', 'unloved', 'stock', 'poised'"
2017-06-08,"'verizon', 'cut', 'job', 'yahoo', 'aol', 'merger'"
2017-06-08,"'alibaba', 'record', 'stock', 'surge', 'sends', 'yahoo', 'share', 'year'"
2017-06-08,"'nasdaq', 'close', 'record', 'stock', 'edge', 'following', 'comey'"
2017-06-13,"'verizon', 'oath', 'sub', 'portfolio', 'include', 'huffpost', 'aol', 'tumblr', 'yahoo'"
2017-06-13,"'yahoo', 'change', 'ticker', 'aaba', 'yhoo', 'june'"
2017-06-13,"'verizon', 'name', 'former', 'aol', 'ceo', 'tim', 'armstrong', 'ceo'"
2017-06-13,"'verizon', 'creates', 'new', 'oath', 'subsidiary', 'closing', 'deal', 'buy', 'yahoo', 'operating'"
2017-06-13,"'yahoo', 'completes', 'sale', 'operating', 'business'"
2017-06-13,"'verizon', 'communication', 'tap', 'former', 'aol', 'head', 'ceo'"
2017-06-13,"'yahoo', 'change', 'name', 'altaba', 'inc', 'june'"
2017-06-13,"'yahoo', 'new', 'ceo', 'thomas', 'mcinerney', 'closing', 'verizon'"
2017-06-19,"'draftkings', 'fanduel', 'merger', 'challenged', 'ftc', 'california'"
2017-06-19,"'yahoo', 'officially', 'change', 'name', 'altaba', 'completing', 'sale', 'operating', 'business'"
2017-06-19,"'altaba', 'formerly', 'yahoo', 'begin', 'trade', 'monday', 'new', 'sticker', 'symbol', 'aaba'"
2017-06-19,"'major', 'value', 'fund', 'mirror', 'major', 'growth', 'one', 'may'"
2017-06-19,"'buy', 'tech', 'etf', 'cash', 'amazon', 'bad'"
2017-06-19,"'big', 'lesson', 'amazon', 'whole', 'food', 'disruptive', 'competition', 'come'"
2017-06-19,"'altaba', 'stock', 'surge', 'former', 'yahoo', 'trade', 'new', 'name', 'ticker'"
2017-06-19,"'yahoo', 'share', 'start', 'trading', 'altaba'"
2017-06-20,"'stock', 'market', 'close', 'lower', 'oil', 'slip', 'bear', 'market'"
2017-06-21,"'uber', 'want', 'facebook', 'sheryl', 'sandberg', 'take', 'wheel', 'ceo', 'travis', 'kalanick', 'bail'"
2017-06-26,"'sprint', 'explores', 'wireless', 'deal', 'comcast'"
2017-07-03,"'stock', 'market', 'start', 'second', 'half', 'july', 'mostly'"
2017-07-03,"'disney', 'share', 'almost', 'report', 'verizon', 'eyeing'"
2017-07-03,"'dow', 'kick', 'july', 'gain', 'tech'"
2017-07-12,"'netflix', 'amazon', 'twitter', 'others', 'band', 'together', 'protest', 'possible', 'net', 'neutrality', 'rule'"
2017-07-12,"'verizon', 'ceo', 'say', 'company', 'eyeing', 'deal', 'buy'"
2017-07-14,"'momentum', 'investor', 'buy', 'stock', 'even', 'though', 'gold', 'bond', 'warning'"
2017-07-15,"'watch', 'game', 'throne', 'hbo', 'watched', 'tv'"
2017-07-20,"'put', 'money', 'dollar'"
2017-07-26,"'verizon', 'earnings', 'hear', 'verizon', 'search', 'success', 'outside'"
2017-07-26,"'share', 'verizon', 'premarket'"
2017-07-26,"'share', 'verizon', 'communication'"
2017-07-27,"'verizon', 'earnings', 'lifted', 'unlimited', 'data'"
2017-07-27,"'verizon', 'share'"
2017-07-27,"'dow', 'end', 'record', 'tech', 'slump', 'weighs'"
2017-07-27,"'bitcoin', 'real', 'market', 'darn', 'hot', 'warns', 'howard'"
2017-07-27,"'nasdaq', 'composite', 'pivot', 'sharply', 'lower', 'afternoon'"
2017-07-27,"'verizon', 'adjusted', 'eps', 'cent', 'versus', 'cent', 'year'"
2017-07-27,"'verizon', 'see', 'consolidated', 'revenue', 'consistent'"
2017-07-27,"'verizon', 'operating', 'revenue', 'billion', 'versus'"
2017-07-27,"'popular', 'biotech', 'etf', 'pace', 'steepest', 'daily', 'drop'"
2017-07-27,"'verizon', 'match', 'profit', 'expectation', 'beat'"
2017-07-27,"'telecom', 'sector', 'track', 'biggest', 'one', 'day', 'gain', 'since'"
2017-07-27,"'verizon', 'see', 'consolidated', 'adjusted', 'eps', 'trend', 'similar', 'revenue'"
2017-07-27,"'comcast', 'profit', 'revenue', 'beat', 'analyst'"
2017-07-27,"'comcast', 'earnings', 'buoyed', 'fast', 'furious'"
2017-07-27,"'verizon', 'share', 'premarket'"
2017-07-28,"'charting', 'bull', 'trend', 'whipsaw', 'nasdaq', 'key', 'reversal', 'fuel', 'sector', 'rotation'"
2017-07-28,"'verizon', 'stock', 'price', 'target', 'raised'"
2017-07-29,"'highly', 'taxed', 'company', 'need', 'congress', 'finally', 'act', 'tax'"
2017-08-01,"'rule', 'masayoshi', 'son', 'sprint', 'deal', 'charter'"
2017-08-01,"'sprint', 'say', 'merger', 'decision'"
2017-08-01,"'sprint', 'post', 'first', 'quarterly', 'profit'"
2017-08-02,"'dow', 'end', 'milestone', 'help'"
2017-08-03,"'amazon', 'villain', 'retail', 'sector'"
2017-08-05,"'apple', 'planning', 'cellular', 'capable', 'watch', 'cut', 'reliance', 'iphone'"
2017-08-05,"'likely', 'explanation', 'behind', 'decade', 'soaring', 'executive'"
2017-08-07,"'softbank', 'chief', 'say', 'want', 'stake', 'uber'"
2017-08-07,"'softbank', 'ceo', 'eager', 'piece', 'uber'"
2017-08-11,"'move', 'airbnb', 'rent', 'home', 'lot'"
2017-08-14,"'david', 'einhorn', 'greenlight', 'capital', 'bulk', 'tech'"
2017-08-15,"'bull', 'trend', 'intact', 'absorbs', 'mid', 'august'"
2017-08-16,"'verizon', 'building', 'first', 'responder', 'network', 'compete'"
2017-08-17,"'smiliest', 'company'"
2017-08-17,"'ex', 'yahoo', 'entity', 'altaba', 'stock', 'soar', 'toward', 'year'"
2017-08-18,"'underloved', 'stock', 'hidden'"
2017-08-22,"'verizon', 'start', 'throttling', 'video'"
2017-08-30,"'stock', 'end', 'higher', 'nasdaq', 'boosted', 'biotech'"
2017-08-31,"'billion', 'fund', 'quadruple', 'return', 'powered'"
2017-09-08,"'verizon', 'stock', 'set', 'suffer', 'longest', 'losing', 'streak', 'year', 'btig', 'say', 'look', 'attractive'"
2017-09-08,"'verizon', 'danger', 'longest', 'losing', 'streak'"
2017-09-08,"'verizon', 'stock', 'fall', 'track', 'th', 'straight'"
2017-09-08,"'mobile', 'offer', 'free', 'netflix', 'subscription', 'stand', 'competitive', 'wireless'"
2017-09-11,"'drug', 'industry', 'leader', 'could', 'healthy', 'stock'"
2017-09-12,"'new', 'apple', 'iphone', 'key', 'feature', 'price'"
2017-09-12,"'perrigo', 'surge', 'starboard', 'value', 'jeff', 'smith', 'talk'"
2017-09-14,"'new', 'apple', 'watch', 'cost', 'extra', 'month', 'cellular'"
2017-09-18,"'apple', 'petty', 'squabble', 'qualcomm', 'end', 'hurting', 'iphone'"
2017-09-25,"'pay', 'take', 'second', 'look', 'year', 'worst', 'performing', 'dividend', 'aristocrat'"
2017-09-27,"'old', 'technology', 'worth', 'bringing', 'back'"
2017-09-29,"'microsoft', 'get', 'right', 'new', 'surface', 'pro', 'essentially', 'smartphone', 'tablet'"
2017-10-02,"'actual', 'tax', 'rate', 'biggest', 'company'"
2017-10-03,"'reason', 'tech', 'etf', 'underperformed', 'tech'"
2017-10-03,"'time', 'america', 'institution', 'stand', 'equifax'"
2017-10-03,"'yahoo', 'billion', 'yahoo', 'account', 'affected', 'hack', 'billion', 'previously'"
2017-10-03,"'every', 'yahoo', 'account', 'affected', 'hack', 'verizon'"
2017-10-04,"'gain', 'broad', 'year', 'nearly', 'investor', 'something'"
2017-10-04,"'stock', 'market', 'end', 'record', 'level', 'extending', 'win'"
2017-10-04,"'super', 'dove', 'could', 'end', 'leading', 'trumpian'"
2017-10-06,"'breakout', 'cheap', 'forgotten', 'stock', 'powering', 'dow', 'jones', 'industrial'"
2017-10-14,"'actual', 'tax', 'rate', 'biggest', 'company', 'america'"
2017-10-17,"'buying', 'stock', 'wireless'"
2017-10-18,"'verizon', 'earnings', 'expected', 'focus', 'cord'"
2017-10-19,"'verizon', 'continues', 'win', 'wireless'"
2017-10-19,"'verizon', 'wireless', 'revenue', 'bln', 'factset', 'consensus'"
2017-10-19,"'verizon', 'wireline', 'revenue', 'bln', 'factset', 'consensus'"
2017-10-19,"'dow', 'stock', 'trading', 'lower'"
2017-10-19,"'dow', 'shake', 'ghost', 'crash', 'finish'"
2017-10-19,"'verizon', 'stock', 'climb', 'premarket'"
2017-10-19,"'verizon', 'affirms', 'revenue', 'outlook', 'fairly', 'consistent'"
2017-10-19,"'verizon', 'share', 'premarket', 'earnings', 'beat'"
2017-10-19,"'verizon', 'eps', 'cent', 'v', 'cent', 'year'"
2017-10-19,"'verizon', 'revenue', 'bln', 'v', 'bln', 'year', 'ago', 'factset', 'consensus'"
2017-10-19,"'verizon', 'share', 'gain', 'premarket', 'company', 'report', 'earnings'"
2017-10-19,"'verizon', 'adj', 'eps', 'cent', 'factset', 'consensus'"
2017-10-19,"'verizon', 'wireless', 'retail', 'postpaid', 'connection', 'increased'"
2017-10-19,"'dow', 'cling', 'broader', 'benchmark', 'running'"
2017-10-19,"'verizon', 'revenue', 'beat', 'wireless', 'sub'"
2017-10-24,"'stock', 'popped', 'since', 'trump'"
2017-10-25,"'tech', 'earnings', 'iphone', 'new', 'gadget', 'matter', 'holiday'"
2017-10-25,"'ge', 'dropped', 'dividend', 'portfolio', 'latest', 'blow'"
2017-10-26,"'apple', 'nike', 'show', 'stock', 'performance', 'linked', 'ceo', 'invest'"
2017-10-26,"'comcast', 'tv', 'subscriber', 'loss'"
2017-10-26,"'ge', 'stock', 'breached', 'unwritten', 'rule', 'dow'"
2017-10-27,"'demand', 'apple', 'iphone', 'leaf', 'fan', 'frustrated', 'delivery', 'get', 'pushed'"
2017-10-30,"'stock', 'finish', 'lower', 'doubt', 'pace', 'tax', 'cut', 'weigh'"
2017-10-31,"'softbank', 'drop', 'merger', 'sprint', 'mobile'"
2017-11-01,"'good', 'news', 'facebook', 'time', 'take'"
2017-11-01,"'big', 'old', 'company', 'drive', 'dow'"
2017-11-02,"'big', 'company', 'like', 'verizon', 'control', 'sky', 'drone', 'startup', 'say', 'faa', 'starting', 'let'"
2017-11-02,"'softbank', 'chasing', 'potential', 'merger', 'charter'"
2017-11-06,"'softbank', 'defends', 'ending', 'sprint', 'mobile'"
2017-11-06,"'verizon', 'share'"
2017-11-06,"'sprint', 'share', 'downgraded', 'underweight', 'keybanc', 'share', 'fall', 'nearly'"
2017-11-06,"'sprint', 'ink', 'wireless', 'partnership', 'altice', 'mobile', 'merger', 'talk', 'end', 'share', 'fall', 'nearly'"
2017-11-06,"'end', 'sprint', 'mobile', 'merger', 'talk', 'impacting', 'wireless'"
2017-11-06,"'stock', 'could', 'win', 'big', 'gop', 'tax'"
2017-11-07,"'senate', 'panel', 'approved', 'subpoena', 'force', 'ex', 'yahoo', 'ceo', 'marissa', 'mayer', 'testify'"
2017-11-08,"'marissa', 'mayer', 'testimony', 'know', 'yahoo', 'hack'"
2017-11-09,"'revolution', 'investing', 'earnings'"
2017-11-12,"'marissa', 'mayer', 'one', 'alarming', 'takeaway', 'yahoo', 'massive', 'data'"
2017-11-15,"'wrap', 'telecom', 'medium', 'stock', 'one', 'sector'"
2017-11-16,"'comcast', 'verizon', 'approached', 'st', 'century', 'fox', 'deal'"
2017-11-16,"'verizon', 'communication', 'also', 'exploring', 'deal', 'fox'"
2017-11-17,"'intel', 'move', 'wireless', 'technology', 'potential', 'partnership'"
2017-11-17,"'european', 'stock', 'end', 'lower', 'log', 'weekly'"
2017-11-17,"'ftse', 'end', 'slightly', 'lower', 'british', 'pound'"
2017-11-17,"'get', 'ready', 'fed', 'trigger', 'next', 'gold', 'rally', 'say', 'jim'"
2017-11-17,"'comcast', 'seek', 'buy', 'significant', 'part', 'fox', 'verizon', 'sony', 'interested'"
2017-11-17,"'dow', 'log', 'weekly', 'loss', 'investor', 'weigh', 'earnings', 'tax'"
2017-11-20,"'stock', 'end', 'slightly', 'higher', 'buoyed', 'industrials'"
2017-11-21,"'avoid', 'next', 'ge', 'find', 'industrial', 'winner'"
2017-11-21,"'fcc', 'lay', 'plan', 'reverse', 'net', 'neutrality', 'rule', 'obama'"
2017-11-22,"'field', 'football', 'rob', 'gronkowski', 'welcome', 'entrepreneur', 'gronk', 'tank'"
2017-11-24,"'netflix', 'comcast', 'others', 'saying', 'fcc', 'plan', 'end', 'net'"
2017-11-27,"'david', 'karp', 'founder', 'ceo', 'tumblr', 'step', 'blogging'"
2017-11-28,"'hacker', 'hire', 'pleads', 'guilty', 'yahoo', 'breach', 'tied', 'russian', 'government'"
2017-11-29,"'supreme', 'court', 'weigh', 'warrantless', 'cellphone', 'internet', 'data'"
2017-11-30,"'google', 'finance', 'portfolio'"
2017-11-30,"'verizon', 'take', 'cable', 'plan', 'sell', 'wireless', 'based', 'home'"
2017-12-01,"'tax', 'next', 'big', 'trump', 'fueled', 'investment'"
2017-12-06,"'bitcoin', 'pass', 'gained'"
2017-12-06,"'better', 'way', 'screen', 'dividend', 'stock', 'get'"
2017-12-07,"'nasdaq', 'nail', 'trendline', 'support', 'russell', 'hold', 'breakout'"
2017-12-08,"'cody', 'willard', 'expecting', 'weakness', 'stock'"
2017-12-11,"'verizon', 'ceo', 'step', 'general', 'electric'"
2017-12-11,"'verizon', 'stock', 'rise', 'announcement', 'new', 'nfl'"
2017-12-12,"'verizon', 'upgraded', 'buy', 'neutral'"
2017-12-12,"'verizon', 'stock', 'jump', 'toward', 'month', 'high', 'instinet'"
2017-12-12,"'verizon', 'stock', 'price', 'target', 'raised'"
2017-12-14,"'end', 'net', 'neutrality', 'end'"
2017-12-14,"'fcc', 'vote', 'roll', 'back', 'obama', 'era', 'net', 'neutrality'"
2017-12-15,"'three', 'stock', 'winner', 'three', 'loser', 'net', 'neutrality'"
2017-12-15,"'bitcoin', 'cryptocurrencies', 'new', 'asset', 'class', 'guard'"
2017-12-18,"'bargain', 'shopping', 'stock', 'start'"
2017-12-19,"'three', 'important', 'takeaway', 'investor', 'disney', 'fox'"
2017-12-19,"'stock', 'least', 'doubled', 'since', 'trump'"
2017-12-20,"'cody', 'willard', 'bitcoin', 'stock', 'coming', 'bitcoin'"
2017-12-21,"'facebook', 'fire', 'way', 'battle', 'age', 'discrimination', 'applying'"
