2016-01-05,"'stock', 'analyst', 'bullish'"
2016-01-09,'beat'
2016-01-10,"'drugmakers', 'jack', 'price', 'despite', 'government'"
2016-01-12,"'stock', 'winner', 'many', 'different'"
2016-01-21,"'five', 'pharma', 'pick', 'another', 'volatile'"
2016-01-26,"'inversion', 'like', 'johnson', 'control', 'tyco', 'hit', 'corporate', 'tax', 'collection', 'cbo'"
2016-01-26,"'quality', 'income', 'stock', 'sporting', 'yield'"
2016-01-29,"'fascinating', 'fact', 'troubled', 'stock'"
2016-02-02,"'company', 'getting', 'love', 'wall'"
2016-02-02,"'pfizer', 'beat', 'estimate', 'guidance'"
2016-02-02,"'pfizer', 'beat', 'estimate', 'guidance'"
2016-02-06,"'celgene', 'gilead', 'two', 'drugmakers'"
2016-02-11,"'teva', 'pharma', 'revenue', 'hurt', 'weak', 'generic'"
2016-02-16,"'omega', 'advisor', 'dump'"
2016-02-16,"'loeb', 'third', 'point', 'reported', 'nearly', 'doubling', 'stake', 'allergan', 'plc'"
2016-02-16,"'oversold', 'drug', 'stock', 'big', 'gain'"
2016-02-20,"'home', 'depot', 'target', 'wrap', 'dismal', 'earnings'"
2016-02-22,"'stock', 'end', 'higher', 'oil', 'rise', 'honeywell', 'united', 'technology'"
2016-02-22,"'stock', 'close', 'higher', 'oil'"
2016-02-22,"'allergan', 'jump', 'upbeat'"
2016-02-22,"'morning', 'mover', 'allergan', 'dean', 'food', 'lead', 'stock'"
2016-02-22,"'allergan', 'stock', 'gain', 'premarket'"
2016-02-22,"'allergan', 'loss', 'narrow', 'botox', 'revenue'"
2016-02-22,"'allergan', 'beat', 'profit', 'expectation', 'give', 'downbeat', 'sale'"
2016-02-22,"'allergan', 'see', 'revenue', 'bln', 'factset', 'consensus'"
2016-02-22,"'looking', 'bottom', 'oil', 'price', 'stock', 'market', 'keep'"
2016-02-22,"'allergan', 'revenue', 'bln', 'v', 'bln', 'factset', 'consensus'"
2016-02-22,"'allergan', 'per', 'share', 'loss', 'v', 'loss', 'year'"
2016-02-22,"'allergan', 'adj', 'eps', 'factset', 'consensus'"
2016-02-23,"'allergan', 'quarter', 'impressive', 'canaccord', 'lower'"
2016-02-24,"'hedge', 'fund', 'exposure', 'bad', 'news', 'stock'"
2016-02-29,"'valeant', 'pharmaceutical', 'international', 'bad'"
2016-02-29,"'allergan', 'generic', 'application', 'latest', 'lob', 'valeant', 'drug', 'pricing'"
2016-03-05,"'hurt', 'valeant', 'mylan', 'stock', 'could', 'rise'"
2016-03-09,"'valeant', 'pharmaceutical', 'much', 'pershing', 'square'"
2016-03-09,"'celgene', 'grow', 'without'"
2016-03-12,"'move', 'fang', 'value', 'investing'"
2016-03-15,"'foundation', 'laid', 'deutsche', 'rse', 'lse'"
2016-03-16,"'guilt', 'association', 'valeant', 'earnings', 'matter', 'even', 'teva'"
2016-03-18,"'valeant', 'happens', 'platform', 'company'"
2016-03-21,"'mutual', 'hedge', 'fund', 'favorite', 'stock', 'common', 'including', 'getting'"
2016-03-21,"'ihs', 'markit', 'deal', 'rank', 'among', 'biggest'"
2016-03-22,"'easily', 'mimic', 'hedge', 'fund', 'performance', 'without'"
2016-04-02,"'hot', 'new'"
2016-04-04,"'allergan', 'sink', 'inversion', 'rule', 'pose', 'question', 'pfizer'"
2016-04-04,"'allergan', 'share', 'plummet', 'new', 'wrinkle', 'pfizer'"
2016-04-04,"'allergan', 'share', 'drop', 'new', 'inversion', 'rule', 'may', 'snag', 'pfizer'"
2016-04-05,"'pfizer', 'scuttle', 'billion', 'allergan'"
2016-04-05,"'wall', 'street', 'close', 'lower', 'nd', 'day', 'earnings', 'overseas', 'worry'"
2016-04-05,"'treasury', 'new', 'inversion', 'rule', 'could', 'hit', 'pfizer', 'allergan', 'deal'"
2016-04-05,"'never', 'mind', 'allergan', 'mess', 'pfizer', 'still', 'worth'"
2016-04-05,"'share', 'allergan', 'tumble', 'early', 'trade', 'anti', 'inversion'"
2016-04-05,"'headache', 'etf', 'beating'"
2016-04-05,"'morning', 'mover', 'valeant', 'soar', 'investigation', 'completion', 'disney'"
2016-04-05,"'allergan', 'stock', 'plunge', 'premarket', 'concern', 'pfizer'"
2016-04-05,"'deal', 'deal', 'allergan', 'pfizer'"
2016-04-06,"'focus', 'sell', 'signal', 'break'"
2016-04-06,"'back', 'future', 'dow', 'gain', 'point', 'biotech'"
2016-04-06,"'stock', 'rally', 'oil', 'soar', 'fed'"
2016-04-06,"'baxalta', 'stock', 'jump', 'shire', 'say', 'merger', 'close'"
2016-04-06,'allergan'
2016-04-06,"'ftse', 'log', 'gain', 'upbeat', 'china', 'data', 'oil'"
2016-04-06,"'easiest', 'way', 'understand', 'pfizer', 'deal', 'tax', 'inversion', 'explained', 'using'"
2016-04-06,"'top', 'inversion', 'value', 'pfizer', 'deal'"
2016-04-06,"'medtronic', 'say', 'new', 'inversion', 'rule', 'hurt'"
2016-04-06,"'morning', 'mover', 'monsanto', 'drop', 'earnings', 'mattel', 'slide'"
2016-04-06,"'chart', 'predicts', 'bull', 'market', 'hit'"
2016-04-06,"'pfizer', 'walk', 'away', 'billion', 'allergan'"
2016-04-07,"'european', 'stock', 'end', 'lower', 'growth', 'concern'"
2016-04-07,"'ftse', 'rally', 'loses', 'steam', 'oil', 'price'"
2016-04-08,"'valeant', 'sell', 'bausch', 'lomb', 'allergan', 'bidder'"
2016-04-08,"'trevena', 'stock', 'could', 'double'"
2016-04-08,"'four', 'buy', 'specialty', 'pharma'"
2016-04-09,'charting'
2016-04-09,'said'
2016-04-09,'said'
2016-04-09,"'yen', 'rise', 'could', 'affect', 'stock'"
2016-04-12,"'stock', 'hurt', 'treasury', 'new', 'tax'"
2016-04-14,"'politics', 'killing', 'health', 'care'"
2016-04-16,"'pfizer', 'allergan', 'merger', 'get'"
2016-04-20,"'focus', 'bull', 'maintain'"
2016-04-25,"'mylan', 'allergan', 'share', 'fall', 'perrigo', 'profit'"
2016-04-25,"'tesla', 'elon', 'musk', 'executive', 'compensation', 'electric'"
2016-04-28,"'dan', 'loeb', 'fear', 'st', 'inning', 'washout', 'hedge', 'fund'"
2016-05-02,"'energy', 'stock', 'rebound', 'helping', 'generate', 'gain'"
2016-05-03,"'pfizer', 'top', 'estimate', 'raise'"
2016-05-05,"'tiger', 'global', 'sticking', 'amazon', 'rough'"
2016-05-06,"'endo', 'plunge', 'stock', 'could'"
2016-05-08,"'turning', 'record', 'year', 'failed'"
2016-05-09,"'two', 'specialty', 'pharma', 'stock', 'deserve', 'get'"
2016-05-09,"'teva', 'revenue', 'fall', 'drug', 'lose'"
2016-05-10,"'dow', 'post', 'best', 'gain', 'month', 'oil'"
2016-05-10,"'dow', 'rally', 'point', 'oil'"
2016-05-10,"'allergan', 'plan', 'share', 'repurchase', 'stock', 'buy'"
2016-05-10,"'allergan', 'share', 'soar', 'lead', 'advancer', 'beating', 'earnings'"
2016-05-10,"'put', 'trust', 'oil', 'strength'"
2016-05-10,"'mixed', 'open', 'index', 'oil'"
2016-05-10,"'markit', 'profit', 'fall'"
2016-05-10,"'allergan', 'beat', 'earnings', 'expectation', 'miss'"
2016-05-10,"'allergan', 'ok', 'share', 'buyback', 'sale', 'fall'"
2016-05-10,"'allergan', 'stock', 'climb', 'premarket'"
2016-05-10,"'allergan', 'affirms', 'outlook', 'continuing'"
2016-05-10,"'allergan', 'revenue', 'bln', 'v', 'bln', 'factset', 'consensus'"
2016-05-10,"'allergan', 'eps', 'cent', 'v', 'per', 'share', 'loss'"
2016-05-10,"'allergan', 'adj', 'eps', 'factset', 'consensus'"
2016-05-10,"'allergan', 'plan', 'share', 'buyback', 'program'"
2016-05-10,"'allergan', 'stock', 'surge', 'premarket', 'stock', 'buyback'"
2016-05-10,"'allergan', 'set', 'new', 'bln', 'stock', 'repurchase'"
2016-05-10,"'allergan', 'buy', 'back', 'bln', 'bln', 'stock', 'next'"
2016-05-10,"'allergan', 'set', 'new', 'bln', 'stock', 'repurchase'"
2016-05-10,"'three', 'big', 'pharma', 'stock', 'headed'"
2016-05-12,"'bank', 'lose', 'million', 'fee', 'broken', 'deal', 'set'"
2016-05-13,"'loeb', 'third', 'point', 'add', 'half', 'million', 'share', 'google', 'parent'"
2016-05-13,"'allergan', 'goldman', 'sachs', 'see', 'stock', 'climbing'"
2016-05-13,"'allergan', 'added', 'america', 'conviction', 'buy', 'list', 'goldman'"
2016-05-16,"'pfizer', 'anacor', 'purchase', 'good', 'news', 'dermira'"
2016-05-16,"'allergan', 'announces', 'positive', 'result', 'trial', 'tear', 'neurostimulator'"
2016-05-16,"'allergan', 'announces', 'positive', 'result', 'trial', 'tear', 'neurostimulator'"
2016-05-16,"'jim', 'cramer', 'beat'"
2016-05-18,"'jim', 'cramer', 'beat'"
2016-05-19,"'generic', 'stock', 'deserve'"
2016-05-20,"'specialty', 'pharma', 'stock', 'cheap', 'worth'"
2016-05-20,"'four', 'reason', 'investor', 'buy', 'biotechnology', 'stock'"
2016-05-23,"'cf', 'oci', 'ditch', 'merger', 'citing', 'new', 'tax'"
2016-05-27,"'allergan', 'standing'"
2016-05-31,"'reason', 'worry', 'high', 'corporate', 'debt'"
2016-05-31,"'carl', 'icahn', 'take', 'large', 'stake'"
2016-05-31,"'allergan', 'stock', 'surge', 'carl', 'icahn', 'discloses', 'large'"
2016-05-31,"'allergan', 'share', 'early'"
2016-05-31,"'carl', 'icahn', 'discloses', 'acquired', 'large', 'position'"
2016-05-31,"'carl', 'icahn', 'say', 'supportive', 'allergan', 'ceo', 'brent'"
2016-05-31,"'allergan', 'stock', 'surge', 'premarket', 'carl', 'icahn', 'discloses', 'large', 'stake'"
2016-06-01,"'follow', 'carl', 'icahn'"
2016-06-04,"'wall', 'street', 'latest'"
2016-06-05,"'troubled', 'valeant', 'return', 'normalcy'"
2016-06-07,"'valeant', 'pharmaceutical', 'everything', 'kitchen'"
2016-06-11,"'midyear', 'roundtable', 'investment'"
2016-06-13,"'teva', 'allergan', 'deal', 'track', 'divestiture'"
2016-06-15,"'insider', 'trading', 'charge', 'link', 'hedge', 'fund', 'manager', 'fda'"
2016-06-15,"'allergan', 'teva', 'set', 'see'"
2016-06-18,"'celgene', 'one', 'drug'"
2016-06-20,"'anthem', 'cigna', 'regulator', 'kill', 'another', 'big', 'merger'"
2016-06-21,"'impax', 'pay', 'million', 'generic', 'drug', 'product', 'teva'"
2016-06-21,"'impax', 'lab', 'buy', 'generic', 'product', 'teva', 'allergan'"
2016-06-21,"'goldman', 'sachs', 'expects', 'steep', 'dropoff', 'demand'"
2016-06-23,"'valeant', 'pharmaceutical', 'downgrade'"
2016-06-28,"'morning', 'mover', 'dow', 'chemical', 'gain', 'layoff', 'allergan'"
2016-06-30,"'acquire', 'medivation'"
2016-07-01,"'allergan', 'double', 'chin', 'treatment', 'get', 'positive', 'opinion'"
2016-07-01,"'allergan', 'belkyra', 'first', 'prescription', 'double', 'chin', 'treatment', 'licensed'"
2016-07-01,"'allergan', 'double', 'chin', 'treatment', 'receives', 'positive', 'opinion', 'swedish'"
2016-07-02,'biotech'
2016-07-06,"'top', 'pharma', 'theme', 'second'"
2016-07-13,"'business', 'step', 'fight', 'v', 'obama', 'white', 'house', 'rule', 'target', 'tax'"
2016-07-13,"'teva', 'raise', 'earnings', 'revenue'"
2016-07-19,"'incredible', 'demand', 'teva', 'bond', 'deal', 'push', 'yield'"
2016-07-21,"'amgen', 'allergan', 'report', 'positive', 'biosimilar'"
2016-07-21,"'valeant', 'endo', 'imagining', 'world', 'drug', 'pricing'"
2016-07-25,"'specialty', 'pharma', 'earnings', 'better', 'good'"
2016-07-25,"'allergan', 'started', 'outperform', 'stock', 'price', 'target', 'credit'"
2016-08-01,"'coiled', 'spring', 'strengthens', 'near', 'term', 'bullish'"
2016-08-02,"'big', 'biotech', 'buyout', 'banter', 'buoy'"
2016-08-02,"'get', 'high', 'biogen', 'soar', 'takeover', 'speculation', 'celgene', 'biomarin'"
2016-08-02,"'merck', 'allergan', 'expressed', 'interest', 'biogen'"
2016-08-02,"'biogen', 'briefly', 'halted', 'gain', 'takeover'"
2016-08-02,"'biogen', 'stock', 'resume', 'trade', 'soar', 'wsj', 'report', 'buyout', 'interest', 'merck'"
2016-08-02,"'biogen', 'draw', 'buyout', 'interest', 'merck', 'allergan'"
2016-08-02,"'breakup', 'pfizer', 'future', 'still', 'waiting'"
2016-08-02,"'dead', 'yet', 'shire', 'mallinckrodt', 'beat', 'estimate', 'kicking', 'specialty', 'rx', 'earnings'"
2016-08-02,"'pfizer', 'profit', 'beat', 'sale', 'new'"
2016-08-03,"'biogen', 'allergan', 'merck'"
2016-08-03,"'biogen', 'merck'"
2016-08-03,"'teva', 'buy', 'allergan', 'anda', 'inc', 'distribution', 'business'"
2016-08-03,"'teva', 'buy', 'allergan', 'anda', 'inc', 'distribution', 'business'"
2016-08-03,"'allergan', 'sell', 'anda', 'inc', 'distribution', 'business', 'teva'"
2016-08-03,"'potential', 'biogen', 'buyout', 'may', 'roil'"
2016-08-04,"'business', 'group', 'sue', 'tax', 'inversion'"
2016-08-04,"'breakup', 'bust', 'pfizer', 'stand', 'alone'"
2016-08-04,"'teva', 'profit', 'dragged'"
2016-08-05,"'elliott', 'sue', 'abbvie', 'failed', 'shire'"
2016-08-06,'said'
2016-08-06,"'meet', 'airbnbs', 'ubers'"
2016-08-08,"'stock', 'retreat', 'time', 'high', 'end', 'slightly'"
2016-08-08,"'allergan', 'buy', 'dip'"
2016-08-08,"'allergan', 'beat', 'profit', 'view', 'sale', 'fall'"
2016-08-08,"'allergan', 'beat', 'profit', 'expectation', 'sale'"
2016-08-08,"'allergan', 'see', 'adj', 'eps', 'factset', 'consensus'"
2016-08-08,"'allergan', 'see', 'revenue', 'bln'"
2016-08-08,"'allergan', 'factset', 'revenue', 'consensus'"
2016-08-08,"'allergan', 'revenue', 'bln', 'v'"
2016-08-08,"'allergan', 'factset', 'revenue', 'consensus'"
2016-08-08,"'allergan', 'per', 'share', 'loss', 'v', 'loss', 'cent', 'year'"
2016-08-08,"'allergan', 'adj', 'eps', 'factset', 'consensus'"
2016-08-08,"'allergan', 'selloff', 'make', 'great', 'buying'"
2016-08-11,"'nasdaq', 'dow', 'log', 'record', 'day', 'st', 'time', 'since'"
2016-08-11,"'allergan', 'agrees', 'buy', 'private', 'biotech', 'forsight', 'vision'"
2016-08-11,"'allergan', 'agrees', 'buy', 'biotech', 'forsight', 'vision'"
2016-08-15,"'john', 'paulson', 'add', 'facebook', 'office', 'depot', 'shed', 'mobile'"
2016-08-15,"'rosenstein', 'jana', 'partner', 'walgreens', 'stake', 'get', 'slashed', 'trim', 'conagra', 'add'"
2016-08-15,"'dan', 'loeb', 'make', 'bullish', 'bet', 'facebook', 'allergan', 'monsanto', 'sell'"
2016-08-15,"'appaloosa', 'tepper', 'boost', 'allergan', 'stake', 'exit', 'delta'"
2016-08-16,"'icahn', 'add', 'allergan', 'position', 'trim', 'paypal'"
2016-08-16,"'wrap', 'big', 'bet', 'allergan', 'buffett', 'buy', 'apple', 'soros', 'sell'"
2016-08-16,"'icahn', 'bet', 'big', 'allergan', 'trim', 'paypal'"
2016-08-16,"'lilly', 'allergan', 'large', 'cap', 'pharma'"
2016-08-17,"'top', 'hedge', 'fund', 'shed', 'apple', 'share'"
2016-08-17,"'four', 'pick', 'specialty', 'pharma'"
2016-08-19,"'hedge', 'fund', 'favorite', 'stock', 'pick', 'outperform', 'say'"
2016-08-25,"'specialty', 'pharma', 'never', 'mind', 'pricing', 'controversy', 'fundamental', 'win'"
2016-09-02,"'two', 'stock', 'risk', 'clinton', 'new', 'drug'"
2016-09-06,"'allergan', 'offer', 'rare', 'pharmaceutical', 'company', 'promise', 'limit', 'drug', 'price'"
2016-09-06,"'allergan', 'acquires', 'asset', 'retrosense', 'million', 'upfront'"
2016-09-08,"'emerging', 'market', 'beauty', 'stock', 'skin'"
2016-09-13,"'billionaire', 'activist'"
2016-09-14,"'allergan', 'home', 'run'"
2016-09-14,"'vitae', 'pharmaceutical', 'stock', 'double', 'premarket', 'allergan', 'buyout'"
2016-09-14,"'allergan', 'acquire', 'vitae', 'pharma', 'cash', 'deal', 'valued'"
2016-09-14,"'allergan', 'acquire', 'vitae', 'pharma', 'deal', 'valued'"
2016-09-14,"'allergan', 'expects', 'deal', 'close', 'year'"
2016-09-17,'charting'
2016-09-17,"'bayer', 'takeover', 'monsanto', 'bust'"
2016-09-20,"'allergan', 'pay', 'mln', 'buy', 'privately', 'held', 'akarna'"
2016-09-20,"'allergan', 'buying', 'privately', 'held', 'akarna', 'therapeutic'"
2016-09-20,"'allergan', 'buying', 'privately', 'held', 'akarna', 'therapeutic'"
2016-09-20,"'allergan', 'thinking'"
2016-09-20,"'gilead', 'science', 'allergan', 'tobira', 'purchase', 'wonderful', 'wonderful'"
2016-09-20,"'allergan', 'buy', 'tobira', 'therapeutic', 'deal', 'valued'"
2016-09-20,"'buy', 'fed', 'hawkishness', 'already', 'baked'"
2016-09-20,"'tobira', 'therapeutic', 'stock', 'rocket', 'premarket', 'time', 'monday', 'closing', 'price'"
2016-09-20,"'tobira', 'therapeutic', 'stock', 'soar', 'buyout', 'deal'"
2016-09-20,"'allergan', 'buy', 'tobira', 'deal', 'valued'"
2016-09-20,"'allergan', 'expects', 'deal', 'close', 'year'"
2016-09-20,"'tobira', 'share', 'halted', 'premarket', 'news'"
2016-09-20,"'allergan', 'pay', 'per', 'tobira', 'share', 'upfront', 'per', 'share'"
2016-09-20,"'allergan', 'acquire', 'tobira', 'therapeutic', 'deal', 'valued'"
2016-09-21,"'biotech', 'nash', 'hot', 'right'"
2016-09-21,"'gilead', 'science', 'allergan', 'next', 'target'"
2016-09-21,"'allergan', 'paying', 'stunning', 'premium', 'buy', 'clinical', 'stage'"
2016-09-22,"'gilead', 'science', 'hidden', 'asset'"
2016-09-24,'charting'
2016-09-26,"'pfizer', 'split', 'neither'"
2016-09-26,"'pfizer', 'say', 'split', 'two', 'separate'"
2016-09-26,"'pfizer', 'decides', 'splitting', 'two'"
2016-09-30,"'depomed', 'fends', 'allergan', 'attempt', 'generic'"
2016-09-30,"'depomed', 'win', 'injunction', 'blocking', 'generic', 'version'"
2016-09-30,"'biotech', 'stock', 'plenty', 'catalyst', 'around'"
2016-10-01,"'health', 'care', 'stock', 'le', 'defensive'"
2016-10-03,"'thing', 'know', 'janus', 'capital', 'planned', 'merger'"
2016-10-03,"'hedge', 'fund', 'faves', 'win', 'bofa', 'ml'"
2016-10-03,"'astrazeneca', 'sign', 'bln', 'deal'"
2016-10-14,"'valeant', 'announces', 'price', 'increase', 'neurology', 'gastrointestinal', 'disorder', 'urology'"
2016-10-15,"'triangle', 'chart', 'pattern', 'warning', 'big', 'selloff', 'analyst'"
2016-10-15,"'baxalta', 'could', 'boost', 'shire', 'share'"
2016-10-20,"'gilead', 'science', 'far', 'compelling'"
2016-10-22,"'allergan', 'upside'"
2016-10-24,"'valeant', 'pharmaceutical', 'stay', 'far', 'away', 'jpmorgan'"
2016-10-26,"'biogen', 'profit', 'beat', 'estimate', 'sale', 'm'"
2016-10-29,"'top', 'stockpickers'"
2016-10-29,"'elliott', 'management', 'favor'"
2016-11-02,"'log', 'longest', 'losing', 'streak'"
2016-11-02,"'allergan', 'fall', 'investor', 'give', 'new', 'dividend', 'cold'"
2016-11-02,"'allergan', 'cut', 'forecast', 'say', 'pay'"
2016-11-02,"'morning', 'mover', 'allergan', 'fall', 'earnings', 'clorox'"
2016-11-02,"'allergan', 'cut', 'forecast', 'pay'"
2016-11-02,"'allergan', 'stock', 'gain', 'billion', 'asr', 'new', 'dividend', 'offset', 'profit', 'sale'"
2016-11-02,"'allergan', 'stock', 'gain', 'premarket', 'result', 'stock', 'buyback'"
2016-11-02,"'allergan', 'see', 'revenue', 'bln', 'bln', 'factset', 'consensus'"
2016-11-02,"'allergan', 'revenue', 'bln', 'v', 'bln', 'factset', 'consensus'"
2016-11-02,"'allergan', 'eps', 'v', 'year'"
2016-11-02,"'allergan', 'adj', 'eps', 'factset', 'consensus'"
2016-11-02,"'allergan', 'initiate', 'quarterly', 'dividend', 'cent', 'share', 'march'"
2016-11-02,"'allergan', 'buy', 'back', 'bln', 'worth', 'share', 'november', 'part'"
2016-11-02,"'allergan', 'asr', 'follows', 'completion', 'previously', 'announced', 'bln', 'share', 'buyback'"
2016-11-02,"'allergan', 'announces', 'bln', 'accelerated', 'stock', 'repurchase'"
2016-11-03,"'generic', 'drug', 'stock', 'sink', 'report', 'charge', 'coming', 'year'"
2016-11-03,"'allergan', 'stock', 'shed', 'track', 'lowest', 'close', 'since', 'feb'"
2016-11-03,"'new', 'goldman', 'etf', 'mirror', 'big', 'hedge', 'fund'"
2016-11-04,"'credit', 'suisse', 'allergan', 'selloff', 'inappropriate', 'teva', 'overreaction'"
2016-11-04,"'doj', 'investigation', 'wipe', 'generic', 'drug', 'maker', 'buy', 'dip'"
2016-11-10,"'dan', 'loeb', 'third', 'point', 'take', 'stake', 'apple', 'alibaba', 'boost', 'share'"
2016-11-11,"'dan', 'loeb', 'third', 'point', 'aapl', 'baba'"
2016-11-14,"'carl', 'icahn', 'slash', 'allergan', 'stake', 'exit', 'chesapeake'"
2016-11-14,"'correct', 'tepper', 'appaloosa', 'trim', 'allergan', 'stake', 'slightly', 'mln', 'share', 'sec'"
2016-11-15,"'teva', 'get', 'bump', 'allergan', 'deal', 'sale'"
2016-11-15,"'share', 'allergan', 'fall', 'early', 'trade', 'lead'"
2016-11-15,"'teva', 'get', 'bump', 'allergan', 'deal', 'sale'"
2016-11-17,"'oops', 'hedge', 'fund', 'fled', 'health', 'care', 'trump'"
2016-11-17,"'top', 'hedge', 'fund', 'buy', 'apple', 'baba', 'shed'"
2016-11-18,"'valeant', 'short', 'back'"
2016-11-26,"'trump', 'rally', 'could', 'thunder'"
2016-11-28,"'biogen', 'promising', 'risky', 'limelight', 'eli', 'lilly', 'alzheimer', 'drug'"
2016-11-30,"'uh', 'oh', 'valeant', 'hiring', 'bad', 'news'"
2016-12-02,"'gundlach', 'warns', 'trump', 'trade', 'losing', 'steam', 'stock'"
2016-12-02,"'allergan', 'settle', 'patent', 'litigation', 'zydus', 'pharma', 'cadila', 'regarding', 'ulcerative', 'colitis'"
2016-12-02,"'allergan', 'announces', 'settlement', 'patent', 'litigation', 'zydus', 'pharma'"
2016-12-02,"'allergan', 'share', 'climb', 'premarket'"
2016-12-02,"'allergan', 'announces', 'settlement', 'patent', 'litigation', 'zydus', 'pharma'"
2016-12-07,"'president', 'elect', 'trump', 'promise', 'bring', 'drug', 'price', 'sends', 'biotech', 'pharma', 'etf'"
2016-12-07,"'expect', 'allergan', 'rebound'"
2016-12-07,"'novo', 'nordisk', 'limit', 'price', 'increase'"
2016-12-11,"'lonza', 'nearing', 'bln', 'deal', 'kkr'"
2016-12-13,"'johnson', 'johnson', 'drop', 'actelion'"
2016-12-13,"'valeant', 'pharmaceutical', 'round', 'round', 'round'"
2016-12-14,"'analyst', 'see', 'large', 'cap', 'stock', 'rising', 'least'"
2016-12-15,"'allegan', 'announces', 'mln', 'civil', 'settlement', 'government', 'subsidiary', 'sale', 'marketing'"
2016-12-15,"'allergan', 'sub', 'settlement', 'involves', 'forest', 'product', 'sold'"
2016-12-15,"'allergan', 'stock', 'rose', 'forest', 'sub', 'settle', 'federal'"
2016-12-15,"'allergan', 'forest', 'subsidiary', 'pay', 'mln', 'settle', 'federal', 'probe', 'sale'"
2016-12-20,"'allergan', 'share', 'slump', 'bln', 'cash', 'deal', 'acelity', 'regenerative', 'medicine'"
2016-12-20,"'allergan', 'stock', 'drop', 'deal', 'buy', 'acelity', 'unit', 'bln'"
2016-12-20,"'small', 'cap', 'fund', 'produce', 'big', 'profit', 'even', 'holding'"
2016-12-21,"'allergan', 'lifecell', 'deal', 'christmas', 'miracle'"
2016-12-25,"'january', 'cruelest', 'month'"
2017-01-03,"'big', 'pharma', 'stop', 'raising', 'price'"
2017-01-05,"'allergan', 'issue', 'guidance', 'expects', 'double', 'digit', 'eps'"
2017-01-05,"'trump', 'related', 'uncertainty', 'bringing', 'health', 'care', 'stock'"
2017-01-05,"'allergan', 'expects', 'mid', 'single', 'digit', 'revenue'"
2017-01-05,"'allergan', 'aspirational', 'financial'"
2017-01-06,"'shorted', 'stock', 'health', 'care'"
2017-01-06,"'teva', 'offer', 'subdued', 'earnings', 'outlook', 'stock'"
2017-01-09,"'brief', 'allergan', 'enters', 'licensing', 'agreement', 'assembly'"
2017-01-09,"'brief', 'allergan', 'enters', 'parkinson', 'disease', 'option', 'arrangement', 'lysosomal'"
2017-01-10,"'valeant', 'sell', 'skin', 'care', 'brand'"
2017-01-11,"'super', 'bowl', 'health', 'care', 'question', 'trump', 'drug', 'price'"
2017-01-11,"'brief', 'allergan', 'ceo', 'say', 'company', 'want', 'create', 'job'"
2017-01-11,"'stock', 'trump', 'ed', 'pharma'"
2017-01-12,"'mylan', 'ceo', 'heather', 'bresch', 'say', 'cap', 'drug', 'price', 'increase'"
2017-01-14,"'stock', 'grow', 'weary', 'trump'"
2017-01-14,'fear'
2017-01-17,"'brief', 'richter', 'allergan', 'announce', 'positive', 'uterine', 'fibroid', 'medicine'"
2017-01-17,"'update', 'allergan', 'pay', 'mln', 'failing', 'disclose', 'merger'"
2017-01-17,"'allergan', 'pay', 'mln', 'failing', 'disclose', 'merger'"
2017-01-17,"'allergan', 'pay', 'million', 'failing', 'disclose', 'merger'"
2017-01-18,"'sec', 'fine', 'allergan', 'million', 'slow', 'disclosure', 'merger'"
2017-01-19,"'allergan', 'focus', 'alzheimer', 'symptom', 'treatment'"
2017-01-19,"'brief', 'allergan', 'announces', 'fda', 'approval', 'rhofade'"
2017-01-19,"'allergan', 'say', 'fda', 'approved', 'cream', 'facial'"
2017-01-19,"'brief', 'richter', 'allergan', 'sign', 'distribution', 'supply', 'agreement'"
2017-01-19,"'allergan', 'say', 'cream', 'facial', 'redness', 'approved'"
2017-01-23,"'allergan', 'teva', 'unit', 'face', 'ftc', 'claim', 'generic', 'drug'"
2017-01-23,"'year', 'biotech', 'buyout', 'five', 'prime'"
2017-01-23,"'update', 'reach', 'settlement', 'endo', 'pay', 'delay'"
2017-01-23,"'ftc', 'reach', 'pay', 'delay', 'settlement'"
2017-01-26,"'house', 'lawmaker', 'seek', 'document', 'fda', 'criminal', 'office'"
2017-01-28,"'smart', 'way', 'play', 'dow'"
2017-01-31,"'court', 'ruling', 'm', 'drug', 'latest', 'blow'"
2017-01-31,"'finding', 'value', 'apple', 'nike', 'allergan', 'wal'"
2017-01-31,"'update', 'court', 'ruling', 'm', 'drug', 'latest', 'blow'"
2017-02-03,"'hunting', 'year', 'hottest'"
2017-02-03,"'brief', 'allergan', 'declares', 'first', 'quarterly', 'cash', 'dividend', 'per', 'ordinary'"
2017-02-03,"'brief', 'allergan', 'board', 'member', 'michael', 'gallagher'"
2017-02-03,"'motley', 'rice', 'kessler', 'named', 'lead', 'counsel', 'allergan'"
2017-02-07,"'biotech', 'executive', 'say', 'president', 'trump', 'misguided', 'travel', 'ban', 'harm'"
2017-02-07,"'corrected', 'update', 'teva', 'pharm', 'ceo', 'vigodman', 'step', 'amid', 'crisis'"
2017-02-07,"'update', 'teva', 'ceo', 'exit', 'ongoing', 'crisis', 'confidence'"
2017-02-07,"'drug', 'stock', 'dip', 'spicer', 'affirms', 'trump', 'stance', 'cutting'"
2017-02-08,"'allergan', 'share'"
2017-02-08,"'allergan', 'revenue', 'bln', 'v', 'bln', 'factset', 'consensus'"
2017-02-08,"'allergan', 'say', 'tax', 'reform', 'unlikely', 'see', 'strong'"
2017-02-08,"'morning', 'mover', 'allergan', 'gain', 'panera', 'climb', 'gilead'"
2017-02-08,"'brief', 'allergan', 'say', 'see', 'tax', 'reform'"
2017-02-08,"'allergan', 'see', 'revenue', 'bln', 'bln', 'factset', 'consensus'"
2017-02-08,"'allergan', 'earnings', 'lifted', 'new', 'established'"
2017-02-08,"'update', 'allergan', 'say', 'tax', 'reform', 'unlikely', 'see', 'strong'"
2017-02-08,"'allergan', 'adj', 'eps', 'factset', 'consensus'"
2017-02-08,"'next', 'allergan', 'acquisition', 'dividend'"
2017-02-08,"'allergan', 'revenue', 'pct', 'botox', 'offset', 'drop', 'older', 'drug'"
2017-02-08,"'one', 'big', 'sign', 'commodity', 'verge', 'epic', 'comeback'"
2017-02-08,"'allergan', 'stock', 'rally', 'adjusted', 'profit', 'sale', 'beat'"
2017-02-08,"'allergan', 'per', 'share', 'loss', 'cent', 'v', 'loss', 'year'"
2017-02-08,"'stock', 'fall', 'oil', 'drop', 'weighs', 'energy'"
2017-02-08,"'nasdaq', 'ekes', 'gain', 'new', 'record', 'dow', 'hobbled'"
2017-02-08,"'driven', 'botox', 'allergan', 'expected'"
2017-02-08,"'allergan', 'see', 'revenue', 'bln', 'factset', 'consensus'"
2017-02-10,"'downside', 'ahead', 'teva', 'pharmaceutical'"
2017-02-10,"'brief', 'third', 'point', 'llc', 'take', 'share', 'stake', 'jpmorgan', 'bank', 'america', 'sec'"
2017-02-10,"'dan', 'loeb', 'took', 'new', 'stake', 'morgan', 'dumped'"
2017-02-11,"'invest', 'ackman'"
2017-02-13,"'corrected', 'update', 'allergan', 'buy', 'zeltiq', 'aesthetic'"
2017-02-13,"'brief', 'allergan', 'agrees', 'acquire', 'zeltiq'"
2017-02-13,"'another', 'deal', 'allergan', 'expensive'"
2017-02-13,"'allergan', 'pay', 'per', 'zeltiq'"
2017-02-13,"'update', 'allergan', 'buy', 'fat', 'fighter', 'zeltiq', 'aesthetic'"
2017-02-13,"'allergan', 'agreement', 'acquire', 'zeltiq'"
2017-02-13,"'daniel', 'loeb', 'third', 'point', 'capital', 'dump', 'allergan', 'add', 'big'"
2017-02-13,"'allergan', 'add', 'ice', 'slice'"
2017-02-13,"'allergan', 'bet', 'body', 'contouring', 'billion', 'zeltiq'"
2017-02-13,"'morning', 'mover', 'verizon', 'fall', 'teva', 'jump', 'hain', 'celestial'"
2017-02-13,"'allergan', 'expects', 'immediately', 'boost', 'earnings', 'close', 'second'"
2017-02-13,"'bloomberg', 'market', 'allergan', 'buying', 'zeltiq'"
2017-02-13,"'allergan', 'acquire', 'body', 'contouring', 'company', 'zeltiq', 'aesthetic'"
2017-02-13,"'allergan', 'buy', 'fat', 'fighter', 'zeltiq', 'aesthetic'"
2017-02-13,"'allergan', 'agrees', 'buy', 'zeltiq'"
2017-02-14,"'appaloosa', 'management', 'snap', 'allergan', 'share', 'th'"
2017-02-14,"'brief', 'allergan', 'say', 'goldman', 'sachs', 'group', 'reported', 'pct', 'passive', 'stake', 'co', 'dec', 'sec'"
2017-02-14,"'elliott', 'management', 'pick', 'new', 'stake', 'alcoa', 'dell'"
2017-02-14,"'tepper', 'appaloosa', 'another', 'apple', 'stake', 'bite'"
2017-02-14,"'botox', 'maker', 'allergan', 'betting', 'zapping', 'fat', 'worth'"
2017-02-15,"'trump', 'trade', 'border', 'wall', 'texas', 'win', 'state'"
2017-02-23,"'pernix', 'therapeutic', 'surge', 'patent', 'case', 'win', 'generic', 'actavis'"
2017-02-23,"'allergan', 'ceo', 'push', 'trump', 'lead', 'drug', 'price', 'restraint'"
2017-02-24,"'allergan', 'biosimilar', 'pullback'"
2017-02-27,"'brief', 'allergan', 'say', 'lisa', 'defrancesco', 'vp', 'investor', 'relation', 'leave'"
2017-02-28,"'tepper', 'buffett', 'join', 'bullish', 'chorus', 'betting', 'unrelenting', 'stock', 'market'"
2017-03-01,"'brief', 'orexo', 'file', 'patent', 'infringement', 'lawsuit'"
2017-03-07,"'brief', 'supernus', 'announces', 'settlement', 'actavis', 'trokendi', 'xr', 'patent'"
2017-03-08,"'david', 'tepper', 'clear', 'reason', 'stock', 'market', 'trump', 'rally', 'room'"
2017-03-08,"'appaloosa', 'tepper', 'like', 'snap', 'say', 'market'"
2017-03-13,"'brief', 'cisco', 'appoints', 'brenton', 'saunders', 'ceo', 'allergan', 'plc', 'board'"
2017-03-14,"'update', 'allergan', 'sign', 'deal', 'editas', 'gene', 'editing', 'based', 'eye'"
2017-03-14,"'editas', 'medicine', 'surge', 'million', 'allergan', 'research', 'development'"
2017-03-14,"'brief', 'allergan', 'editas', 'medicine', 'enter', 'strategic', 'research', 'development'"
2017-03-14,"'allergan', 'sign', 'deal', 'editas', 'gene', 'editing', 'based', 'eye'"
2017-03-16,"'valeant', 'yes', 'ackman', 'loser', 'much', 'short', 'seller', 'make'"
2017-03-20,"'brief', 'juv', 'xe', 'derm', 'vollure', 'xc', 'approved', 'fda', 'correction', 'facial', 'wrinkle'"
2017-03-22,"'brief', 'allergan', 'report', 'availability', 'restasis'"
2017-03-24,"'brief', 'allergan', 'plc', 'say', 'ceo', 'brenton', 'saunders', 'total', 'compensation', 'mln', 'sec'"
2017-03-24,"'one', 'time', 'whiz', 'kid', 'shuttering', 'hedge'"
2017-03-27,"'allergan', 'paratek', 'pharma', 'report', 'positive', 'result', 'late', 'stage', 'trial', 'acne'"
2017-03-27,"'allergan', 'paratek', 'pharma', 'report', 'positive', 'result', 'trial', 'acne'"
2017-03-27,"'brief', 'allergan', 'paratek', 'announce', 'positive', 'result', 'two', 'phase'"
2017-03-27,"'impax', 'lab', 'name', 'industry', 'veteran', 'paul', 'bisaro', 'ceo', 'share'"
2017-03-27,"'brief', 'allergan', 'paratek', 'announce', 'positive', 'result', 'two', 'phase', 'trial'"
2017-03-28,"'trumpcare', 'collapse', 'creates', 'certainty', 'health', 'care'"
2017-03-29,"'hedge', 'fund', 'buyer', 'getting'"
2017-03-30,"'bill', 'ackman', 'apologizes', 'billion', 'valeant', 'mistake', 'finally'"
2017-04-05,"'brief', 'allergan', 'report', 'topline', 'phase', 'ii', 'data', 'supporting', 'advancement', 'botox', 'treatment', 'major', 'depressive'"
2017-04-06,"'brief', 'allergan', 'zeltiq', 'announce', 'expiration', 'hart', 'scott', 'rodino', 'waiting'"
2017-04-06,"'allergan', 'botox', 'depression', 'trial', 'data', 'wishful'"
2017-04-08,"'allergan', 'still', 'hopeful', 'using', 'botox', 'treat'"
2017-04-08,"'skeptic', 'eye', 'potential', 'trouble'"
2017-04-08,"'time', 'game', 'theory', 'look', 'jazz', 'pharma', 'latest'"
2017-04-11,"'swiss', 'billionaire', 'wy', 'get', 'nearly', 'pct', 'molecular'"
2017-04-18,"'brief', 'novartis', 'expands', 'trial', 'nash', 'via', 'collaboration'"
2017-04-18,"'allergan', 'argentum', 'settle', 'patent', 'dispute', 'eye', 'drug'"
2017-04-18,"'brief', 'argentum', 'pharmaceutical', 'allergan', 'settle', 'patent', 'dispute'"
2017-04-18,"'brief', 'allergan', 'say', 'entered', 'clinical', 'trial', 'agreement', 'novartis', 'conduct', 'phase'"
2017-04-20,"'biotech', 'stock', 'healthy', 'bet', 'sickly', 'broader'"
2017-04-25,"'gilead', 'science', 'nash', 'bridge'"
2017-04-27,"'update', 'india', 'watchdog', 'order', 'antitrust', 'probe', 'roche', 'cancer'"
2017-04-28,"'brief', 'allergan', 'completes', 'zeltiq'"
2017-05-05,"'brief', 'allergan', 'shareholder', 'reject', 'proposal', 'co', 'adopt', 'policy', 'require', 'chair', 'board', 'independent', 'member'"
2017-05-06,"'capitalize', 'low'"
2017-05-09,"'update', 'allergan', 'top', 'earnings', 'estimate', 'strength', 'botox', 'eye', 'care'"
2017-05-09,"'allergan', 'quarterly', 'revenue', 'rise'"
2017-05-09,"'allergan', 'see', 'full', 'year', 'loss', 'per', 'share'"
2017-05-09,"'update', 'allergan', 'post', 'loss', 'writes', 'teva'"
2017-05-09,"'allergan', 'post', 'loss', 'writes', 'teva'"
2017-05-09,"'brief', 'allergan', 'report', 'qtrly', 'loss', 'per', 'share', 'continuing', 'operation'"
2017-05-09,"'swiss', 'stock', 'factor', 'watch', 'may'"
2017-05-09,"'allergan', 'see', 'full', 'year', 'adj', 'eps'"
2017-05-09,"'dow', 'close', 'lower', 'nasdaq', 'notch', 'record'"
2017-05-09,"'allergan', 'factset', 'eps', 'consensus', 'revenue'"
2017-05-09,"'allergan', 'see', 'full', 'year', 'revenue', 'bln'"
2017-05-09,"'allergan', 'revenue', 'bln', 'v'"
2017-05-09,"'allergan', 'adj', 'eps', 'v'"
2017-05-09,"'allergan', 'loss', 'per', 'share', 'v', 'loss'"
2017-05-09,"'allergan', 'share', 'climb', 'premarket'"
2017-05-09,"'brief', 'molecular', 'partner', 'partner', 'allergan', 'completes', 'patient', 'recruitment', 'abicipar', 'pegol', 'namd', 'phase'"
2017-05-10,"'brief', 'allergan', 'announces', 'tender', 'offer', 'certain'"
2017-05-10,"'allergan', 'stock', 'inject', 'profit'"
2017-05-10,"'brief', 'allergan', 'announces', 'proposed', 'public', 'offering', 'senior', 'note', 'refinance', 'existing'"
2017-05-10,"'allergan', 'stock', 'price', 'target', 'raised', 'rbc'"
2017-05-11,"'teva', 'first', 'quarter', 'profit', 'top', 'estimate', 'revenue', 'actavis'"
2017-05-11,"'update', 'teva', 'profit', 'top', 'estimate', 'revenue', 'actavis'"
2017-05-11,"'brief', 'teva', 'interim', 'ceo', 'see', 'headcount'"
2017-05-11,"'teva', 'pharm', 'profit', 'top', 'estimate', 'revenue'"
2017-05-12,"'alert', 'starboard', 'dump', 'macy', 'appaloosa', 'baupost', 'lighten'"
2017-05-12,"'brief', 'appaloosa', 'lp', 'take', 'share', 'stake', 'cbs', 'cut'"
2017-05-15,"'brief', 'paulson', 'co', 'inc', 'take', 'share', 'stake', 'dish', 'network'"
2017-05-15,"'brief', 'carl', 'icahn', 'dissolve', 'shared', 'share', 'stake'"
2017-05-15,"'icahn', 'add', 'new', 'stake', 'conduent', 'exit', 'allergan'"
2017-05-16,"'alert', 'paulson', 'co', 'trim', 'health', 'care', 'add', 'utility'"
2017-05-16,"'several', 'top', 'fund', 'manager', 'trim', 'allergan', 'stake', 'first'"
2017-05-16,"'brief', 'allergan', 'say', 'viberzi', 'approved'"
2017-05-16,"'several', 'top', 'fund', 'manager', 'trim', 'allergan', 'stake', 'st'"
2017-05-17,"'valeant', 'actavis', 'agree', 'stay', 'litigation', 'relating', 'valeant', 'top', 'selling', 'drug'"
2017-05-19,"'valeant', 'pharmaceutical', 'intrigued', 'really'"
2017-05-23,"'brief', 'allergan', 'price', 'public', 'offering', 'senior', 'note', 'refinance', 'existing'"
2017-05-26,"'brief', 'allergan', 'announces', 'closing', 'public'"
2017-06-01,"'ohio', 'sue', 'drug', 'company', 'opioid'"
2017-06-01,"'trump', 'driven', 'stock', 'could', 'worst', 'bet'"
2017-06-07,"'update', 'mylan', 'defends', 'chairman', 'i', 'ahead', 'june', 'investor'"
2017-06-07,"'allergan', 'buy', 'medical', 'device', 'company', 'keller', 'medical', 'inc', 'developed', 'funnel', 'used', 'breast'"
2017-06-07,"'brief', 'amgen', 'allergan', 'announce', 'fda', 'advisory', 'committee', 'meeting', 'review', 'abp'"
2017-06-07,"'allergan', 'buy', 'medical', 'device', 'company', 'breast', 'surgery', 'funnel', 'maker', 'keller', 'medical', 'inc'"
2017-06-07,"'mylan', 'defends', 'chairman', 'i', 'ahead', 'june', 'investor'"
2017-06-07,"'brief', 'allergan', 'acquire', 'keller', 'medical', 'adding', 'keller', 'funnel', 'co', 'leading', 'plastic', 'surgery'"
2017-06-08,"'valeant', 'pharmaceutical', 'bigger'"
2017-06-09,"'new', 'migraine', 'drug', 'promise', 'price'"
2017-06-19,"'john', 'paulson', 'revive', 'valeant'"
2017-06-26,"'valeant', 'pharma', 'debt', 'swap'"
2017-06-27,"'valeant', 'frying', 'pan'"
2017-06-27,"'brief', 'allergan', 'announces', 'launch', 'artificial', 'tear', 'refresh', 'optive', 'mega'"
2017-06-28,"'sarepta', 'appoints', 'former', 'allergan', 'executive', 'douglas', 'ingram'"
2017-06-29,"'sarepta', 'new', 'ceo', 'go', 'long', 'way'"
2017-07-01,"'judge', 'upholds', 'patent', 'allergan', 'schizophrenia', 'drug'"
2017-07-05,"'brief', 'vivus', 'announces', 'settlement', 'actavis', 'qsymia', 'patent'"
2017-07-06,"'fund', 'manager', 'profited', 'tech', 'say', 'time', 'focus', 'health', 'care'"
2017-07-07,"'brief', 'uk', 'supreme', 'court', 'rule', 'lilly', 'favor', 'alimta', 'vitamin', 'regimen'"
2017-07-07,"'eli', 'lilly', 'say', 'uk', 'supreme', 'court', 'ruled', 'favor', 'alimta', 'vitamin', 'regiment'"
2017-07-07,"'update', 'uk', 'supreme', 'court', 'rule', 'favor', 'lilly', 'alimta'"
2017-07-07,"'uk', 'supreme', 'court', 'rule', 'favor', 'lilly', 'alimta'"
2017-07-10,"'brief', 'allergan', 'report', 'new', 'data', 'study', 'viberzi', 'treat', 'irritable', 'bowel', 'syndrome', 'diarrhea'"
2017-07-12,"'brief', 'uk', 'supreme', 'court', 'confirms', 'ruling', 'lilly', 'patent'"
2017-07-13,"'brief', 'amgen', 'allergan', 'discus', 'data', 'supporting', 'biologics', 'license', 'application', 'abp'"
2017-07-15,"'great', 'time', 'invest', 'health', 'care'"
2017-07-15,"'scared', 'tech', 'stock', 'health', 'care', 'share', 'cheaper'"
2017-07-17,"'valeant', 'unloads', 'yet', 'another'"
2017-07-17,"'biotechnology', 'pipeline'"
2017-07-17,"'health', 'care', 'fund', 'manager', 'gain', 'year', 'see', 'good', 'time', 'ahead', 'fda', 'becomes', 'accommodating'"
2017-07-19,"'brief', 'allergan', 'submits', 'investigational', 'nda', 'rtgel', 'xa', 'combination'"
2017-07-19,"'brief', 'allergan', 'appoints', 'joseph', 'boccuzi'"
2017-07-24,"'benchmark', 'digest', 'july', 'breakout', 'maintains', 'first'"
2017-07-25,"'dividend', 'paying', 'stock', 'beat'"
2017-07-27,"'brief', 'senator', 'claire', 'mccaskill', 'opioid', 'investigation', 'expands', 'include', 'distributor', 'additional', 'manufacturer'"
2017-07-31,"'brief', 'amgen', 'allergan', 'submit', 'biosimilar', 'biologics', 'license', 'application', 'abp'"
2017-07-31,"'health', 'care', 'fund', 'manager', 'say', 'spike', 'drug', 'device', 'produce', 'big'"
2017-08-01,"'pfizer', 'waiting', 'cue', 'tax', 'reform'"
2017-08-02,"'brief', 'allergan', 'cash', 'dividend'"
2017-08-03,"'allergan', 'revenue', 'bln', 'v', 'bln', 'factset', 'consensus'"
2017-08-03,"'dow', 'bag', 'th', 'straight', 'record', 'energy', 'slump', 'weighs', 'broader', 'stock'"
2017-08-03,"'allergan', 'report', 'profit', 'revenue'"
2017-08-03,"'allergan', 'loss', 'per', 'share', 'v', 'loss', 'per', 'share'"
2017-08-03,"'botox', 'maker', 'allergan', 'quarterly', 'profit', 'beat'"
2017-08-03,"'three', 'large', 'cap', 'pharma', 'pick', 'outperform'"
2017-08-03,"'botox', 'maker', 'allergan', 'quarterly', 'revenue', 'rise'"
2017-08-03,"'allergan', 'raise', 'full', 'year', 'guidance', 'see', 'revenue', 'bln', 'v', 'prior'"
2017-08-03,"'brief', 'allergan', 'plc', 'revenue'"
2017-08-03,"'allergan', 'adj', 'eps', 'factset', 'consensus'"
2017-08-03,"'allergan', 'see', 'full', 'year', 'adj', 'eps', 'v', 'prior'"
2017-08-03,"'update', 'botox', 'maker', 'allergan', 'quarterly', 'profit', 'beat'"
2017-08-05,"'wall', 'street', 'applauds', 'uptick', 'capital'"
2017-08-07,"'brief', 'fda', 'approves', 'medicine', 'snda', 'liletta', 'prevent', 'pregnancy', 'four'"
2017-08-09,"'brief', 'allergan', 'say', 'part', 'internal', 'optimization', 'restructuring', 'program', 'co', 'intends', 'eliminate', 'position', 'sec', 'filing'"
2017-08-11,"'half', 'woman', 'got', 'abortion', 'last', 'year', 'using'"
2017-08-15,"'merck', 'allergan', 'lilly', 'top', 'pharma'"
2017-08-16,"'israel', 'teva', 'seek', 'partner', 'new', 'drug', 'relieve'"
2017-08-25,'teva'
2017-08-28,"'brief', 'allergan', 'settle', 'restasisn', 'patent', 'litigation', 'famy'"
2017-08-31,"'adamas', 'pharma', 'say', 'new', 'parkinson', 'drug', 'expensive', 'long', 'acting', 'version'"
2017-09-05,"'mallinckrodt', 'got'"
2017-09-07,"'brief', 'lyndra', 'say', 'co', 'sign', 'partnership'"
2017-09-07,"'brief', 'lyndra', 'allergan', 'sign', 'partnership', 'develop', 'ultra', 'long', 'acting', 'oral'"
2017-09-08,"'three', 'pharma', 'stock', 'buy', 'end'"
2017-09-08,"'brief', 'allergan', 'saint', 'regis', 'mohawk', 'tribe', 'announce', 'agreement', 'regarding', 'restasis'"
2017-09-08,"'brief', 'allergan', 'usa', 'file', 'suit', 'imprimis', 'prescriber', 'choice', 'sincerus'"
2017-09-08,"'merck', 'top', 'jnj'"
2017-09-08,"'pfizer', 'ceo', 'cfo', 'sell', 'million'"
2017-09-08,"'allergan', 'made', 'unorthodox', 'agreement', 'american', 'indian', 'tribe', 'fend', 'competition', 'key'"
2017-09-08,"'update', 'allergan', 'pay', 'mohawk', 'tribe', 'protect', 'patent'"
2017-09-08,"'allergan', 'pay', 'mohawk', 'tribe', 'protect', 'patent'"
2017-09-08,"'allergan', 'mln', 'agreement', 'saint', 'regis', 'mohawk', 'tribe', 'play', 'protect', 'key', 'dry', 'eye'"
2017-09-11,"'brief', 'imprimis', 'pharmaceutical', 'dresponded', 'allergan', 'plc', 'press', 'release', 'regarding'"
2017-09-11,"'allergan', 'patent', 'deal', 'unusual', 'ugly'"
2017-09-12,"'tech', 'entity', 'tribal', 'patent', 'deal', 'similar', 'allergan'"
2017-09-12,"'mylan', 'say', 'allergan', 'misusing', 'tribal', 'sovereignty', 'patent'"
2017-09-14,"'challenge', 'allergan', 'tribal', 'patent', 'deal', 'uncharted', 'legal'"
2017-09-14,"'amgen', 'allergan', 'say', 'fda', 'approved', 'biosimilar', 'roche'"
2017-09-14,"'refile', 'challenge', 'allergan', 'tribal', 'patent', 'deal', 'uncharted', 'legal'"
2017-09-15,"'update', 'senator', 'slam', 'allergan', 'patent', 'deal', 'native', 'american'"
2017-09-15,"'senator', 'slam', 'allergan', 'patent', 'deal', 'native', 'american'"
2017-09-15,"'senator', 'slam', 'allergan', 'tribal', 'patent'"
2017-09-18,"'allergan', 'could'"
2017-09-19,"'evening', 'sector', 'snapshot', 'telecom', 'casino', 'gain', 'healthcare'"
2017-09-20,"'apple', 'like', 'patent', 'death', 'squad', 'allergan', 'pay', 'avoid'"
2017-09-20,"'allergan', 'far', 'big', 'pharma', 'go', 'protect', 'patent'"
2017-09-21,"'morning', 'sector', 'snapshot', 'gas', 'utility', 'climb', 'supermarket'"
2017-09-21,"'evening', 'sector', 'snapshot', 'oil', 'gas', 'airline', 'rise', 'pharma', 'pipeline'"
2017-09-21,"'teva', 'pharmaceutical', 'stock', 'could'"
2017-09-22,"'brief', 'allergan', 'receives', 'refusal', 'file', 'letter', 'fda', 'vraylar'"
2017-09-22,"'allergan', 'cenicriviroc', 'data', 'time', 'let'"
2017-09-22,"'update', 'native', 'american', 'tribe', 'move', 'dismiss', 'allergan', 'patent'"
2017-09-22,"'native', 'american', 'tribe', 'move', 'dismiss', 'allergan', 'patent'"
2017-09-22,"'brief', 'allergan', 'plc', 'say', 'new', 'data', 'phase', 'study', 'support', 'continued', 'development', 'cenicriviroc', 'ongoing', 'phase'"
2017-09-25,"'allergan', 'boost', 'share', 'billion'"
2017-09-25,"'allergan', 'set', 'bln', 'share', 'buyback', 'cfo'"
2017-09-25,"'allergan', 'cfo', 'retire', 'successor'"
2017-09-25,"'brief', 'allergan', 'board', 'authorizes', 'new', 'billion', 'share', 'repurchase'"
2017-09-25,"'allergan', 'cfo', 'tessa', 'hilado'"
2017-09-25,"'allergan', 'set', 'billion', 'buyback', 'cfo'"
2017-09-25,"'allergan', 'stock', 'price', 'target', 'raised', 'rbc'"
2017-09-25,"'allergan', 'affirms', 'commitment', 'pay', 'bln'"
2017-09-25,"'allergan', 'set', 'new', 'billion', 'program', 'buy', 'back', 'undervalued'"
2017-09-25,"'update', 'allergan', 'boost', 'share', 'bln'"
2017-09-25,'allergan'
2017-09-25,"'brief', 'allergan', 'plc', 'cfo'"
2017-09-25,"'allergan', 'set', 'new', 'bln', 'stock', 'buyback'"
2017-09-26,"'allergan', 'stock', 'price', 'target', 'cut', 'raymond'"
2017-09-26,"'evening', 'sector', 'snapshot', 'trucking', 'gain', 'pharmaceutical'"
2017-09-26,"'allergan', 'running', 'afoul', 'socially', 'responsible'"
2017-09-27,"'update', 'senator', 'want', 'probe', 'allergan', 'transfer', 'deal', 'tribe'"
2017-09-27,"'senator', 'want', 'probe', 'allergan', 'transfer', 'deal', 'tribe'"
2017-09-28,"'allergan', 'controversial', 'patent', 'agreement', 'american', 'indian', 'tribe', 'worrying'"
2017-09-30,"'tax', 'reform', 'winner'"
2017-09-30,"'dow', 'notch', 'strong'"
2017-09-30,"'time', 'biotech'"
2017-10-02,"'shire', 'sue', 'allergan', 'antitrust'"
2017-10-02,"'shire', 'sue', 'allergan', 'dry', 'eye'"
2017-10-02,"'morning', 'sector', 'snapshot', 'pharma', 'software', 'gain', 'oil', 'gas', 'retail'"
2017-10-02,"'court', 'strike', 'obama', 'era', 'rule', 'tax'"
2017-10-03,"'update', 'house', 'committee', 'launch', 'probe', 'allergan', 'patent'"
2017-10-03,"'allergan', 'patent', 'deal', 'may', 'hurt', 'competition', 'lawmaker'"
2017-10-03,"'big', 'question', 'big'"
2017-10-03,"'allergan', 'ceo', 'say', 'patent', 'review', 'flawed', 'response'"
2017-10-03,"'allergan', 'botox', 'get', 'fda', 'ok', 'treat', 'forehead'"
2017-10-03,"'allergan', 'botox', 'get', 'fda', 'approval', 'temporary', 'improvement', 'forehead'"
2017-10-03,"'house', 'committee', 'launch', 'probe', 'allergan', 'patent'"
2017-10-03,"'brief', 'house', 'committee', 'launch', 'probe', 'allergan', 'patent'"
2017-10-04,"'top', 'pharma', 'pick'"
2017-10-04,"'pharma', 'stock', 'buy'"
2017-10-05,"'update', 'senator', 'mccaskill', 'draft', 'bill', 'response', 'allergan', 'patent'"
2017-10-05,"'biotech', 'buy', 'ahead'"
2017-10-05,"'senator', 'mccaskill', 'draft', 'bill', 'response', 'allergan', 'patent'"
2017-10-09,"'valeant', 'biggest', 'drug', 'get', 'shot'"
2017-10-09,"'allergan', 'forest', 'pay', 'million', 'settle', 'gender', 'discrimination'"
2017-10-09,"'gerspacher', 'allergan', 'patent', 'deal', 'audio'"
2017-10-10,"'rep', 'peter', 'welch', 'allergan', 'bold', 'brazen', 'bizarre', 'patent', 'deal', 'american', 'indian'"
2017-10-10,"'update', 'pfizer', 'weighs', 'bln', 'sale', 'consumer', 'healthcare'"
2017-10-11,"'texas', 'judge', 'poised', 'decide', 'allergan', 'patent', 'deal', 'mohawk'"
2017-10-12,"'allergan', 'settle', 'one', 'four', 'company', 'contesting', 'restasis'"
2017-10-12,"'brief', 'allergan', 'announces', 'settlement', 'restasis', 'patent', 'litigation'"
2017-10-14,"'billion', 'dollar', 'dry', 'eye', 'drug', 'behind', 'allergan', 'controversial', 'patent'"
2017-10-16,"'allergan', 'loses', 'patent', 'battle', 'lost', 'war'"
2017-10-16,"'judge', 'texas', 'invalidates', 'allergan', 'patent'"
2017-10-16,"'drug', 'may', 'able', 'treat', 'woman', 'health', 'disorder', 'prostate'"
2017-10-16,"'allergan', 'stock', 'drop', 'judge', 'decides', 'company', 'key', 'dry', 'eye'"
2017-10-16,"'allergan', 'stock', 'drop', 'judge', 'knock', 'patent', 'key', 'dry', 'eye'"
2017-10-16,"'update', 'judge', 'texas', 'invalidates', 'allergan', 'patent'"
2017-10-16,"'brief', 'court', 'issue', 'adverse', 'decision', 'concerning', 'allergan'"
2017-10-16,"'wall', 'street', 'analyst', 'expect', 'gain', 'favorite', 'health', 'care'"
2017-10-17,"'allergan', 'stock', 'price', 'target', 'cut'"
2017-10-17,"'allergan', 'patent', 'invalidated', 'judge', 'audio'"
2017-10-17,"'brief', 'dmylan', 'invalidates', 'allergan', 'patent', 'restasis'"
2017-10-17,"'brief', 'syndax', 'pharma', 'enters', 'license', 'agreement', 'unit'"
2017-10-17,"'brief', 'syndax', 'pharmaceutical', 'say', 'dexpands', 'pipeline', 'exclusive', 'worldwide', 'license', 'allergan', 'portfolio', 'menin', 'mll', 'inhibitor'"
2017-10-17,"'vanguard', 'bos', 'warning', 'market', 'hellbent', 'dow'"
2017-10-18,"'allergan', 'stock', 'decline'"
2017-10-18,"'allergan', 'ruling', 'cast', 'doubt', 'tribal', 'patent'"
2017-10-18,"'bloomberg', 'law', 'brief', 'allergan', 'patent', 'invalidated', 'audio'"
2017-10-18,"'allergan', 'stock', 'track', 'lowest', 'close', 'since', 'february'"
2017-10-18,"'allergan', 'stock', 'tumbled', 'week', 'court', 'rule', 'co', 'patent', 'claim'"
2017-10-18,"'native', 'american', 'tribe', 'holding', 'patent', 'sue', 'amazon'"
2017-10-18,"'breakup', 'allergan', 'best', 'bet'"
2017-10-18,"'biggest', 'loser', 'allergan', 'patent'"
2017-10-18,"'dow', 'end', 'first', 'time', 'stock', 'benchmark', 'log', 'fresh'"
2017-10-18,"'allergan', 'patent', 'suit', 'loss', 'sends', 'stock'"
2017-10-18,"'brief', 'neos', 'therapeutic', 'announces', 'settlement', 'actavis', 'adzenys', 'xr', 'odt', 'patent'"
2017-10-18,"'update', 'native', 'american', 'tribe', 'holding', 'patent', 'sue', 'amazon'"
2017-10-19,"'allergan', 'fall'"
2017-10-19,"'morning', 'mover', 'gilead', 'gain', 'nike', 'drop', 'philip', 'morris'"
2017-10-19,"'allergan', 'downgraded', 'neutral', 'mizuho', 'restasis', 'patent'"
2017-10-19,"'labor', 'consumer', 'group', 'urge', 'probe', 'allergan', 'tribal', 'patent'"
2017-10-19,"'allergan', 'stock', 'decline'"
2017-10-19,"'imprimis', 'pharma', 'take', 'allergan', 'restasis', 'cheaper'"
2017-10-20,"'imprimis', 'pharma', 'take', 'allergan', 'restasis', 'cheaper'"
2017-10-20,"'allergan', 'stock', 'price', 'target', 'cut'"
2017-10-20,"'update', 'imprimis', 'pharma', 'take', 'allergan', 'restasis', 'cheaper'"
2017-10-25,"'gilead', 'science', 'nash', 'smashup', 'pharma'"
2017-10-26,"'seeing', 'benefit', 'sarepta', 'ceo', 'discus', 'success', 'rare', 'disease'"
2017-10-27,"'brief', 'allergan', 'announces', 'cash', 'dividend', 'increase', 'qtrly', 'cash', 'dividend'"
2017-10-28,"'bull', 'case', 'slumping'"
2017-10-30,"'fund', 'manager', 'analyst', 'make', 'case', 'loathed', 'pharma'"
2017-10-30,"'brief', 'allergan', 'receives', 'approval', 'ozurdex', 'china', 'treatment', 'retinal', 'vein'"
2017-10-31,"'allergan', 'earnings', 'drug', 'maker', 'look', 'way', 'back', 'major', 'patent'"
2017-10-31,"'earningswatch', 'apple', 'tesla', 'facebook', 'post', 'halloween'"
2017-11-01,"'allergan', 'narrow', 'revenue', 'guidance', 'raise', 'eps'"
2017-11-01,"'allergan', 'share', 'surge'"
2017-11-01,"'allergan', 'breakup', 'right'"
2017-11-01,"'dow', 'end', 'near', 'record', 'fed', 'view', 'economy', 'turn'"
2017-11-01,"'update', 'allergan', 'assuages', 'shareholder', 'fear', 'losing', 'restasis'"
2017-11-01,"'morning', 'mover', 'american', 'airline', 'fly', 'abercrombie', 'fitch', 'flop', 'armour'"
2017-11-01,"'allergan', 'begin', 'selling', 'percent', 'stake'"
2017-11-01,"'allergan', 'assuages', 'shareholder', 'fear', 'losing', 'restasis'"
2017-11-01,"'corrected', 'allergan', 'third', 'quarter', 'revenue', 'rise'"
2017-11-01,"'allergan', 'adj', 'eps', 'factset', 'consensus'"
2017-11-01,"'allergan', 'share', 'rise', 'profit'"
2017-11-01,"'allergan', 'eps', 'loss', 'v', 'loss'"
2017-11-01,"'one', 'old', 'fashioned', 'reason', 'tesla', 'stock', 'could', 'soon', 'implode'"
2017-11-01,"'allergan', 'sale', 'bln', 'v', 'bln', 'factset', 'consensus'"
2017-11-01,"'brief', 'allergan', 'give', 'guidance', 'based', 'restasis'"
2017-11-01,"'brief', 'allergan', 'say', 'begin', 'process', 'sale', 'teva', 'pharmaceutical'"
2017-11-02,"'brief', 'ironwood', 'pharmaceutical', 'non', 'gaap', 'loss', 'per', 'share'"
2017-11-02,"'allergan', 'share', 'decline'"
2017-11-02,"'brief', 'allergan', 'receives', 'civil', 'investigative', 'demand', 'state', 'north', 'carolina'"
2017-11-02,"'congress', 'hold', 'hearing', 'allergan', 'tribal', 'patent'"
2017-11-06,"'valeant', 'fixing', 'billion', 'dollar', 'mistake'"
2017-11-07,"'senator', 'press', 'allergan', 'detail', 'patent', 'deal'"
2017-11-07,"'ip', 'expert', 'testify', 'congress', 'allergan', 'tribal', 'patent'"
2017-11-07,"'valeant', 'saying', 'good', 'news'"
2017-11-08,"'valeant', 'still', 'buy'"
2017-11-09,"'getting', 'better', 'time', 'even'"
2017-11-10,"'novartis', 'post', 'eye', 'drug', 'data', 'amid', 'play', 'eylea'"
2017-11-10,"'brief', 'amgen', 'allergan', 'receive', 'positive', 'chmp', 'opinion', 'abp'"
2017-11-10,"'valeant', 'pharma', 'bear', 'still'"
2017-11-13,"'valeant', 'rally'"
2017-11-13,"'allergan', 'sell', 'quarter', 'teva', 'stake', 'first', 'quarter'"
2017-11-13,"'allergan', 'win', 'fda', 'approval', 'use', 'vraylar', 'maintenance', 'treatment'"
2017-11-13,"'allergan', 'sell', 'quarter', 'teva', 'stake'"
2017-11-13,"'brief', 'allergan', 'receives', 'fda', 'approval', 'use', 'vraylar', 'maintenance', 'treatment'"
2017-11-14,"'brief', 'paulson', 'co', 'dissolve', 'share', 'stake', 'facebook', 'cut', 'share', 'stake'"
2017-11-14,"'brief', 'omega', 'advisor', 'take', 'share', 'stake', 'aetna', 'dissolve', 'stake'"
2017-11-16,"'brief', 'dgic', 'private', 'report', 'pct', 'passive', 'stake', 'allergan'"
2017-11-16,"'allergan', 'may', 'pursue', 'lawsuit', 'drug', 'compounder'"
2017-11-23,"'teva', 'pharmaceutical', 'set', 'major', 'layoff', 'israel'"
2017-11-23,"'teva', 'pharmaceutical', 'set', 'major', 'layoff', 'israel'"
2017-11-25,"'tax', 'bill', 'target', 'company', 'done'"
2017-11-29,"'allergan', 'smile', 'could', 'better', 'botox'"
2017-11-29,"'morning', 'mover', 'change', 'chipotle', 'upgrade'"
2017-11-29,"'even', 'ge', 'buying', 'ge'"
2017-11-29,"'dow', 'finish', 'record', 'nasdaq', 'post', 'worst', 'day', 'month', 'tech'"
2017-11-30,"'patent', 'move', 'nut', 'regeneron', 'ceo', 'tell', 'allergan'"
2017-12-01,"'tech', 'firm', 'tell', 'patent', 'court', 'ignore', 'allergan', 'deal'"
2017-12-03,"'weekend', 'roundup', 'tesla', 'might', 'next', 'amazon', 'likely', 'bitcoin', 'crash', 'private', 'sector', 'fight', 'global'"
2017-12-04,"'made', 'u', 'look', 'bad', 'pharma', 'ceo', 'clash', 'allergan', 'patent'"
2017-12-05,"'revance', 'stock', 'surge', 'positive', 'result', 'wrinkle', 'injection', 'late', 'stage'"
2017-12-05,"'update', 'revance', 'stock', 'surge', 'allergan', 'drop', 'positive', 'result', 'wrinkle'"
2017-12-05,"'allergan', 'stock', 'drop', 'rival', 'product', 'positive', 'trial'"
2017-12-06,"'fine', 'line', 'allergan', 'botox'"
2017-12-07,"'fitch', 'affirms', 'allergan', 'bbb', 'rating', 'outlook'"
2017-12-08,"'update', 'teva', 'considering', 'cutting', 'job'"
2017-12-09,"'bill', 'ackman', 'likely', 'face', 'trial', 'allergan', 'insider', 'trading'"
2017-12-12,"'brief', 'repros', 'therapeutic', 'announces', 'acquisition'"
2017-12-12,"'brief', 'allergan', 'receives', 'fda', 'clearance', 'coolsculpting', 'treatment', 'improve', 'appearance', 'lax', 'tissue', 'double'"
2017-12-14,"'teva', 'pharm', 'lay', 'quarter', 'workforce', 'suspends'"
2017-12-14,"'fear', 'israeli', 'job', 'cut', 'teva', 'spark', 'call', 'general'"
2017-12-14,"'update', 'teva', 'pharm', 'lay', 'quarter', 'workforce', 'suspends'"
2017-12-14,"'valeant', 'go'"
2017-12-17,"'update', 'strike', 'teva', 'pharm', 'job', 'cut', 'briefly', 'shuts'"
2017-12-17,"'strike', 'briefly', 'shuts', 'israel', 'teva', 'pharm', 'job'"
2017-12-18,"'brief', 'allergan', 'richter', 'announce', 'positive', 'topline', 'result', 'phase', 'study', 'cariprazine', 'treatment', 'bipolar'"
2017-12-18,"'allergan', 'richter', 'bipolar', 'depression', 'drug', 'succeeds', 'key'"
2017-12-18,"'allergan', 'richter', 'depression', 'drug', 'succeeds', 'key'"
2017-12-18,"'big', 'pharma', 'better', 'day', 'ahead', 'especially'"
2017-12-18,"'brief', 'allergan', 'promotes', 'wayne', 'swanton', 'executive', 'vice', 'president', 'global'"
2017-12-18,"'update', 'allergan', 'richter', 'bipolar', 'depression', 'drug', 'succeeds', 'key'"
2017-12-19,"'merck', 'allergan', 'could', 'winner'"
2017-12-20,"'brief', 'fda', 'accepts', 'new', 'drug', 'application', 'seysara', 'sarecycline'"
2017-12-20,"'allergan', 'marketing', 'application', 'acne', 'drug', 'accepted'"
2017-12-21,"'analyst', 'expect', 'large', 'cap', 'stock', 'rise', 'least'"
2017-12-22,"'trouble', 'behind', 'trouble', 'ahead', 'valeant', 'allergan', 'could', 'experience', 'vu'"
2017-12-22,"'brief', 'allergan', 'acknowledges', 'appeal', 'court', 'decision'"
2017-12-29,"'valeant', 'say', 'party', 'allergan', 'litigation', 'agreed', 'resolve', 'claim'"
2017-12-29,"'pershing', 'square', 'valeant', 'arrive', 'settlement', 'split', 'allergan'"
2017-12-29,"'valeant', 'say', 'party', 'allergan', 'litigation', 'agreed', 'resolve', 'claim'"
2017-12-29,"'brief', 'pershing', 'square', 'announces', 'agreement', 'settle', 'lawsuit', 'related'"
