2016-01-02,"'cruise', 'big', 'three', 'could', 'steam'"
2016-01-02,"'top', 'advisor', 'see', 'strong', 'market'"
2016-01-03,"'star', 'war', 'set', 'pas', 'avatar', 'box'"
2016-01-04,"'prediction', 'game', 'changer', 'could', 'happen'"
2016-01-05,"'intel', 'krzanich', 'talk', 'revolution', 'drone'"
2016-01-05,"'dish', 'year', 'sling', 'tv', 'introducing', 'hopper', 'dvr'"
2016-01-05,"'star', 'war', 'hype', 'fade', 'disney', 'cable', 'sport', 'empire', 'could'"
2016-01-05,"'disney', 'good', 'good', 'enough'"
2016-01-05,"'disney', 'stock', 'downgraded', 'star', 'war', 'pass', 'cord', 'cutting', 'fear'"
2016-01-05,"'disney', 'downgraded', 'neutral', 'outperform'"
2016-01-06,"'disney', 'may', 'fly', 'drone', 'time', 'disneyland', 'firework'"
2016-01-06,"'update', 'new', 'star', 'war', 'film', 'set', 'time', 'american', 'box', 'office'"
2016-01-06,"'new', 'star', 'war', 'film', 'shatters', 'american', 'box', 'office'"
2016-01-07,"'new', 'star', 'war', 'film', 'shatters', 'north', 'american', 'box', 'office'"
2016-01-08,"'key', 'theme', 'medium', 'company'"
2016-01-09,"'star', 'war', 'continues', 'galactic', 'performance', 'fan', 'await', 'next'"
2016-01-09,"'star', 'war', 'open', 'record', 'pace', 'china', 'disney'"
2016-01-09,"'new', 'star', 'war', 'film', 'set', 'record', 'china', 'disney'"
2016-01-10,"'netflix', 'look', 'capitalize', 'golden', 'globe', 'nomination'"
2016-01-10,"'star', 'war', 'open', 'record', 'pace', 'china', 'disney'"
2016-01-10,"'force', 'awakens', 'gross', 'million', 'china', 'third', 'biggest', 'movie'"
2016-01-11,"'rey', 'second', 'wave', 'star', 'war', 'toy'"
2016-01-11,"'nike', 'ceo', 'parker', 'join', 'walt', 'disney'"
2016-01-11,"'nike', 'ceo', 'mark', 'parker', 'join', 'walt', 'disney'"
2016-01-11,"'fox', 'big', 'golden', 'globe', 'netflix', 'came'"
2016-01-11,"'imax', 'say', 'star', 'war', 'weekend', 'film', 'gross', 'china', 'highest'"
2016-01-11,"'imax', 'say', 'star', 'war', 'weekend', 'film', 'gross', 'china', 'highest'"
2016-01-11,"'imax', 'say', 'star', 'war', 'force', 'awakens', 'grossed', 'mln', 'china', 'opening'"
2016-01-11,"'force', 'awakens', 'gross', 'million', 'china', 'third', 'biggest', 'movie'"
2016-01-12,"'electronic', 'art', 'kroger', 'keep'"
2016-01-12,"'shanghai', 'disneyland', 'set', 'open'"
2016-01-13,"'anheuser', 'busch', 'inbev', 'issue', 'billion', 'bond', 'finance', 'sabmiller'"
2016-01-14,"'fox', 'film', 'prove', 'dominant', 'racking', 'oscar'"
2016-01-14,"'room', 'revenant', 'brooklyn', 'nominated', 'best', 'film'"
2016-01-15,"'espn', 'boost', 'coverage', 'competitive'"
2016-01-15,"'disney', 'barclays', 'downgrade', 'underweight', 'espn', 'trump', 'star'"
2016-01-15,"'disney', 'espn', 'exposed', 'fragmenting', 'medium', 'landscape', 'analyst', 'downgrade'"
2016-01-15,"'morning', 'mover', 'upgrade', 'downgrade', 'everything'"
2016-01-15,"'share', 'disney', 'fall', 'premarket', 'trade', 'downgraded'"
2016-01-15,"'disney', 'downgraded', 'underweight', 'equal', 'weight', 'barclays', 'concern', 'turn'"
2016-01-15,"'dow', 'stock', 'trading', 'premarket', 'led', 'intel', 'apple'"
2016-01-15,"'revenant', 'ticket', 'sale', 'surge', 'best', 'picture', 'oscar'"
2016-01-19,"'disney', 'recall', 'baby', 'bodysuits', 'choking'"
2016-01-19,"'disney', 'recall', 'baby', 'bodysuits', 'choking'"
2016-01-19,"'univision', 'buy', 'stake', 'satirical', 'news', 'site', 'onion'"
2016-01-19,"'walt', 'disney', 'stock', 'price', 'target', 'cut', 'stifel'"
2016-01-20,"'star', 'war', 'episode', 'viii', 'pushed', 'back', 'december'"
2016-01-20,"'star', 'war', 'toy', 'generate', 'mln', 'sale'"
2016-01-20,"'disney', 'push', 'next', 'star', 'war', 'movie', 'release', 'december'"
2016-01-20,"'update', 'disney', 'postpones', 'star', 'war', 'episode', 'viii', 'dec'"
2016-01-21,"'disney', 'bashful', 'time', 'buy'"
2016-01-21,"'three', 'stock', 'pick', 'boosted', 'digital'"
2016-01-21,"'disney', 'push', 'next', 'star', 'war', 'movie', 'release', 'december'"
2016-01-23,"'pension', 'accounting'"
2016-01-25,"'spotify', 'delving', 'crowded', 'video', 'space', 'content'"
2016-01-25,"'revenant', 'come', 'top', 'winter', 'storm', 'jonas', 'hammer', 'east'"
2016-01-26,"'amc', 'movie', 'theater', 'stock', 'say', 'rbc', 'capital'"
2016-01-26,"'twitter', 'exec', 'departure', 'put', 'play', 'say'"
2016-01-27,"'ethan', 'allen', 'set', 'upside', 'possible'"
2016-01-28,"'man', 'carrying', 'handgun', 'arrested', 'disneyland'"
2016-01-28,"'mattel', 'add', 'curvy', 'petite', 'talk'"
2016-01-29,"'dreamworks', 'spring', 'china', 'film', 'market', 'kung', 'fu', 'panda'"
2016-01-29,"'lawsuit', 'claim', 'disney', 'consulting', 'firm', 'conspired', 'push'"
2016-01-30,"'sport', 'gambling', 'apps', 'target', 'user', 'young'"
2016-01-31,"'could', 'hulu', 'lose', 'access', 'current', 'season', 'tv', 'show'"
2016-01-31,"'fox', 'kung', 'fu', 'panda', 'fared', 'better', 'china', 'weekend'"
2016-02-01,"'star', 'war', 'make', 'disney', 'galaxy', 'powerful'"
2016-02-01,"'market', 'getting', 'wrong', 'billion', 'plus', 'market', 'cap', 'stock', 'like', 'apple'"
2016-02-03,"'lena', 'dunham', 'president', 'obama', 'team', 'time', 'new'"
2016-02-03,"'stock', 'riskier', 'due', 'le', 'discretionary'"
2016-02-05,"'go', 'traveling', 'panda', 'friday', 'best', 'employee'"
2016-02-05,"'comcast', 'undervalued', 'shareholder'"
2016-02-05,"'star', 'war', 'film', 'hit', 'bln', 'global', 'sale', 'saturday', 'disney'"
2016-02-05,"'toymakers', 'mattel', 'hasbro', 'held', 'talk', 'possible', 'merger'"
2016-02-06,"'free', 'snack', 'fly', 'american'"
2016-02-06,"'free', 'snack', 'fly', 'american'"
2016-02-07,"'disney', 'coca', 'cola', 'headline', 'consumer', 'heavy', 'earnings'"
2016-02-09,"'walt', 'disney', 'star', 'war', 'enough', 'falling', 'medium', 'profit', 'drag'"
2016-02-09,"'disney', 'espn', 'concern', 'undercut', 'star', 'war'"
2016-02-09,"'disney', 'earnings', 'surge', 'star', 'war'"
2016-02-09,"'star', 'war', 'drive', 'disney', 'record', 'quarterly'"
2016-02-09,"'disney', 'record', 'largest', 'quarterly', 'earnings', 'back', 'star', 'war'"
2016-02-09,"'walt', 'disney', 'revenue', 'bln', 'v'"
2016-02-09,"'walt', 'disney', 'earnings', 'share', 'v'"
2016-02-09,"'look', 'disney'"
2016-02-09,"'viacom', 'business', 'decline', 'bernstein'"
2016-02-09,"'star', 'war', 'lends', 'force', 'disney'"
2016-02-10,"'dow', 'log', 'longest', 'losing', 'stretch'"
2016-02-10,"'sinking', 'share', 'disney', 'ibm', 'drag', 'dow', 'industrials'"
2016-02-10,"'disney', 'ibm', 'contribute', 'point', 'dow'"
2016-02-10,"'disney', 'worried', 'espn'"
2016-02-10,"'disney', 'share', 'decline', 'cut', 'point', 'dow'"
2016-02-10,"'disney', 'stock', 'price', 'drop', 'shaving', 'point', 'dow'"
2016-02-10,"'disney', 'share', 'lead', 'dow', 'decliners', 'early', 'trade', 'late', 'tuesday', 'quarterly'"
2016-02-10,"'two', 'chart', 'tell', 'investor', 'get', 'stock', 'meltdown', 'brace'"
2016-02-10,"'walt', 'disney', 'stock', 'price', 'target', 'cut'"
2016-02-10,"'disney', 'share', 'premarket'"
2016-02-10,"'walt', 'disney', 'stock', 'price', 'target', 'cut'"
2016-02-10,"'disney', 'buy', 'espn', 'concern', 'look'"
2016-02-10,"'espn', 'cast', 'shadow', 'star', 'war', 'success'"
2016-02-10,"'u', 'stock', 'flat', 'yellen', 'see', 'reason', 'reverse', 'hike'"
2016-02-10,"'u', 'stock', 'wall', 'st', 'yellen', 'eas', 'concern'"
2016-02-11,"'disney', 'analyst', 'look', 'past', 'star', 'war', 'bump', 'espn'"
2016-02-12,"'disney', 'stock', 'price', 'decline', 'excessive'"
2016-02-13,"'coke', 'little', 'flat', 'say', 'one'"
2016-02-13,"'viacom', 'need', 'big'"
2016-02-15,"'disney', 'hong', 'kong', 'park', 'post', 'loss', 'chinese', 'visitor', 'number'"
2016-02-16,"'risky', 'oil', 'investment', 'super', 'popular'"
2016-02-16,"'sting', 'tail', 'stock', 'market'"
2016-02-17,"'abc', 'entertainment', 'president', 'paul', 'lee', 'leaf', 'network', 'succeeded', 'channing'"
2016-02-17,"'bill', 'simmons', 'announces', 'official', 'return'"
2016-02-17,"'future', 'online', 'tv', 'subscription', 'apple', 'youtube', 'could', 'potentially', 'cost'"
2016-02-18,"'ted', 'cruz', 'liberal', 'hollywood', 'agree'"
2016-02-18,"'benchmark', 'hesitate', 'range'"
2016-02-19,"'steer', 'toward', 'reasonable', 'momentum', 'stock', 'morgan'"
2016-02-19,"'seaworld', 'appoints', 'two', 'new'"
2016-02-22,"'deadpool', 'fox', 'highest', 'earning', 'marvel'"
2016-02-22,"'alphabet', 'making', 'medium', 'peer', 'yesterday'"
2016-02-22,"'disney', 'name', 'pitaro', 'chair', 'consumer', 'product', 'interactive'"
2016-02-24,"'cinemark', 'profit', 'beat', 'attendance'"
2016-02-25,"'company', 'hardest', 'time', 'selling', 'bond'"
2016-02-25,"'pony', 'princess', 'hasbro', 'launch', 'charm', 'offensive'"
2016-02-27,"'disney', 'reset', 'theme', 'park', 'ticket', 'price', 'slow', 'busy'"
2016-02-28,"'thing', 'probably', 'know'"
2016-02-29,"'ticket', 'disney', 'may', 'cost', 'le', 'depending'"
2016-02-29,"'spotlight', 'best', 'picture', 'win', 'mean', 'million', 'bonus', 'film'"
2016-02-29,"'hollywood', 'seem', 'shake', 'inclusion', 'crisis'"
2016-02-29,"'fcc', 'look', 'cable', 'contract', 'constraint', 'budding', 'internet', 'tv'"
2016-03-02,"'walt', 'disney', 'maybe', 'espn', 'big', 'problem'"
2016-03-02,"'qatar', 'bein', 'medium', 'buy', 'film', 'studio'"
2016-03-03,"'disney', 'zootopia', 'rush', 'fill', 'family', 'friendly', 'void', 'box'"
2016-03-03,"'yahoo', 'espn', 'compete', 'esports'"
2016-03-03,"'morning', 'mover', 'costco', 'kroger', 'fall', 'earnings', 'alcoa', 'boeing', 'drop'"
2016-03-03,"'disney', 'plan', 'add', 'two', 'ship', 'cruise'"
2016-03-06,"'disney', 'zootopia', 'open', 'big', 'million'"
2016-03-07,"'major', 'league', 'baseball', 'like', 'nfl', 'asks', 'taxpayer', 'free'"
2016-03-07,"'zootopia', 'beat', 'frozen', 'disney', 'animation', 'opening'"
2016-03-07,"'walt', 'disney', 'star'"
2016-03-07,"'jimmy', 'kimmel', 'return', 'host', 'emmy', 'last', 'year', 'slump'"
2016-03-10,"'spider', 'man', 'steal', 'thunder', 'new', 'captain', 'america', 'civil', 'war'"
2016-03-10,"'snapchat', 'turner', 'sport', 'team', 'bring', 'live', 'story', 'march'"
2016-03-10,"'party', 'city', 'store', 'sale', 'beat', 'outlook'"
2016-03-11,"'zootopia', 'continues', 'outpace', 'box', 'office'"
2016-03-11,"'asset', 'keep', 'shining', 'investor', 'market', 'get'"
2016-03-11,"'smartphone', 'star', 'netflix', 'facebook'"
2016-03-12,"'value', 'big', 'stock', 'emerging'"
2016-03-13,"'donald', 'trump', 'stock', 'portfolio', 'winner'"
2016-03-14,"'youtube', 'view', 'say', 'summer', 'anticipated'"
2016-03-14,"'tv', 'ad', 'still', 'effective', 'creating', 'demand', 'research'"
2016-03-14,"'sacha', 'baron', 'cohen', 'brother', 'grimsby', 'reel', 'star', 'worst'"
2016-03-14,"'disney', 'cord', 'cutting', 'fear', 'overblown'"
2016-03-15,"'update', 'harrison', 'ford', 'return', 'th', 'indiana', 'jones'"
2016-03-16,"'disney', 'plan', 'thrust', 'indiana', 'jones', 'back'"
2016-03-16,"'harrison', 'ford', 'return', 'th', 'indiana', 'jones'"
2016-03-17,"'hunger', 'game', 'divergent', 'could', 'mark', 'end', 'successful', 'lion', 'gate'"
2016-03-17,"'brief', 'gameloft', 'se', 'say', 'collaboration', 'disney', 'launched', 'disney', 'magic', 'kingdom', 'iphone', 'ipad', 'ipod', 'touch', 'android', 'window'"
2016-03-21,"'allegiant', 'stumble', 'box', 'office', 'highlighting', 'lion', 'gate', 'weak'"
2016-03-21,"'barstool', 'sport', 'million', 'investment', 'may', 'change'"
2016-03-23,"'cisco', 'concerned', 'google', 'cloud', 'progress', 'say', 'jp'"
2016-03-24,"'time', 'warner', 'strongly', 'opposes', 'georgia', 'religious', 'freedom'"
2016-03-24,"'alphabet', 'cloud', 'show', 'cheer', 'bull', 'customer', 'kicking'"
2016-03-25,"'batman', 'superman', 'success', 'matter', 'review'"
2016-03-25,"'mattel', 'enticing', 'huge', 'dividend'"
2016-03-26,"'advertising', 'giant', 'interpublic', 'could', 'pop'"
2016-03-28,"'american', 'airline', 'stock', 'crazy'"
2016-03-30,"'fitch', 'affirms', 'disney', 'idr', 'outlook'"
2016-03-31,"'saban', 'disney', 'invest', 'digital', 'content', 'firm'"
2016-04-01,"'amazon', 'twitch', 'launch', 'league', 'popular', 'io', 'esports', 'game', 'vainglory'"
2016-04-02,"'time', 'warner', 'could', 'return', 'next'"
2016-04-04,"'disney', 'share', 'fall', 'coo', 'staggs', 'departure'"
2016-04-04,"'staggs', 'remain', 'walt', 'disney', 'special', 'advisor', 'ceo'"
2016-04-04,"'share', 'walt', 'disney', 'fall', 'following', 'staggs', 'departure'"
2016-04-04,"'walt', 'disney', 'coo', 'thomas', 'staggs', 'resign', 'may'"
2016-04-04,"'investor', 'lost', 'money', 'last'"
2016-04-04,"'time', 'warner', 'stealth', 'espn'"
2016-04-04,"'brief', 'walt', 'disney', 'say', 'thomas', 'staggs', 'leave', 'current'"
2016-04-04,"'disney', 'coo', 'thomas', 'staggs', 'step'"
2016-04-05,"'wall', 'street', 'close', 'lower', 'nd', 'day', 'earnings', 'overseas', 'worry'"
2016-04-05,"'disney', 'coo', 'tom', 'staggs', 'leaving', 'empty'"
2016-04-05,"'disney', 'best', 'successor', 'bob', 'iger', 'may', 'bob'"
2016-04-05,"'walt', 'disney', 'one', 'saw', 'coming'"
2016-04-05,"'headache', 'etf', 'beating'"
2016-04-05,"'morning', 'mover', 'valeant', 'soar', 'investigation', 'completion', 'disney'"
2016-04-05,"'update', 'disney', 'exec', 'search', 'may', 'mean', 'longer', 'stay', 'ceo', 'iger'"
2016-04-05,"'disney', 'coo', 'exit', 'may', 'see', 'ceo', 'iger', 'extending', 'term'"
2016-04-05,"'update', 'disney', 'expands', 'search', 'new', 'ceo', 'coo', 'staggs'"
2016-04-06,"'investor', 'profit', 'stagnant', 'wage'"
2016-04-06,"'mattel', 'transition', 'period'"
2016-04-06,"'apple', 'needham', 'start', 'strong', 'buy', 'shakespeare', 'would', 'know'"
2016-04-07,"'cablevision', 'launch', 'channel', 'dedicated', 'hulu', 'streaming'"
2016-04-07,"'ready', 'star', 'war', 'rogue', 'one', 'trailer'"
2016-04-08,"'disney', 'buy', 'netflix'"
2016-04-08,"'walt', 'disney', 'growth', 'outside', 'magic'"
2016-04-08,"'walt', 'disney', 'started', 'sector', 'perform', 'stock', 'price', 'target', 'rbc'"
2016-04-09,"'kylo', 'father', 'parent', 'naming', 'baby', 'new', 'star', 'war'"
2016-04-09,'said'
2016-04-09,'said'
2016-04-11,"'melissa', 'mccarthy', 'knock', 'batman', 'superman'"
2016-04-12,"'stock', 'pick', 'old', 'school'"
2016-04-13,"'see', 'crazy', 'new', 'sport', 'headed'"
2016-04-13,"'disney', 'zootopia', 'utopia'"
2016-04-15,"'dividend', 'stock', 'investor', 'pay', 'attention', 'yield', 'cost'"
2016-04-15,"'jungle', 'book', 'roar', 'top', 'weekend', 'box'"
2016-04-17,"'box', 'office', 'jungle', 'book', 'open', 'smashing'"
2016-04-18,"'dow', 'industrials', 'close', 'first', 'time', 'nine'"
2016-04-18,"'imax', 'stock', 'get', 'boost', 'big', 'weekend', 'opening', 'jungle', 'book'"
2016-04-18,"'hasbro', 'pretty', 'disney'"
2016-04-18,"'disney', 'stock', 'jump', 'month', 'high', 'jungle', 'book', 'smash'"
2016-04-18,"'big', 'move', 'way', 'come', 'price', 'crude'"
2016-04-18,"'disney', 'share'"
2016-04-18,"'walt', 'disney', 'stock', 'gain', 'premarket', 'jungle', 'book', 'exceeds', 'box', 'office'"
2016-04-18,"'frozen', 'disney', 'princess', 'doll', 'drive', 'hasbro'"
2016-04-18,"'disney', 'regain', 'magic', 'helped', 'jungle', 'book'"
2016-04-18,"'disney', 'princess', 'star', 'war', 'propel', 'hasbro'"
2016-04-18,"'oil', 'fall', 'failed', 'output', 'freeze', 'dow'"
2016-04-19,"'jungle', 'market', 'need', 'two', 'big', 'thing', 'keep', 'moving'"
2016-04-19,"'jungle', 'market', 'need', 'two', 'big', 'thing', 'keep', 'moving'"
2016-04-20,"'fisher', 'price', 'hot', 'wheel', 'help', 'mattel', 'beat', 'sale'"
2016-04-21,"'mattel', 'always', 'look', 'bright', 'side'"
2016-04-21,"'trump', 'target', 'face', 'backlash', 'speaking', 'north', 'carolina'"
2016-04-21,"'brief', 'disney', 'abc', 'say', 'reached', 'agreement', 'end', 'joint', 'ownership', 'fusion', 'univison', 'becoming', 'sole', 'owner'"
2016-04-22,"'disney', 'jungle', 'book', 'easily', 'beat', 'back', 'huntsman'"
2016-04-23,"'cut', 'cord', 'nba', 'playoff', 'every', 'sporting'"
2016-04-26,"'baseball', 'could', 'learn', 'new', 'trick', 'old'"
2016-04-26,"'walt', 'disney', 'stock', 'price', 'target', 'raised'"
2016-04-26,"'regulator', 'block', 'disney', 'entering', 'china', 'online', 'video'"
2016-04-26,"'turner', 'launch', 'streaming', 'video', 'service', 'film'"
2016-04-27,"'comcast', 'rising', 'beat', 'might', 'synergy', 'dreamworks', 'asks'"
2016-04-28,"'pandora', 'medium', 'loss', 'widens', 'despite', 'ad', 'sale'"
2016-04-28,"'cable', 'company', 'adding', 'subscriber'"
2016-04-28,"'comcast', 'dreamworks', 'logical', 'say', 'wunderlich', 'whiff', 'desperation', 'say'"
2016-04-28,"'dreamworks', 'acquisition', 'could', 'make', 'sense'"
2016-04-29,"'comcast', 'buy', 'kung', 'fu', 'panda', 'producer', 'aid', 'asia'"
2016-04-30,"'quitting', 'job', 'avoid', 'kelly', 'michael'"
2016-04-30,"'captain', 'america', 'civil', 'war', 'already', 'taking', 'rival', 'ticket'"
2016-04-30,"'snapchat', 'keep'"
2016-05-02,"'disney', 'remains', 'king', 'jungle', 'captain', 'america', 'soar'"
2016-05-02,"'tech', 'stock', 'ride', 'booming', 'new', 'medium'"
2016-05-02,"'hulu', 'betting', 'cable', 'style', 'web'"
2016-05-02,"'new', 'york', 'business', 'cut', 'trash', 'half', 'zero', 'waste'"
2016-05-03,"'disney', 'captain', 'america', 'civil'"
2016-05-04,"'disney', 'tap', 'investment', 'vice', 'medium', 'help', 'bolster'"
2016-05-04,"'time', 'warner', 'earnings', 'lifted', 'turner'"
2016-05-05,"'trump', 'right', 'government', 'refinance', 'lock', 'low', 'interest'"
2016-05-05,"'disney', 'reopens', 'autopia', 'hp', 'never', 'felt'"
2016-05-06,"'disney', 'captain', 'america', 'civil', 'war', 'could', 'benefit', 'future', 'sony'"
2016-05-06,"'investor', 'guide', 'getting', 'rich'"
2016-05-06,"'star', 'war', 'fan', 'hopping', 'mad', 'disney', 'young', 'han', 'solo'"
2016-05-07,"'millennial', 'make', 'money', 'sharing', 'mom', 'text'"
2016-05-07,"'starbucks', 'debased'"
2016-05-08,"'box', 'office', 'captain', 'america', 'civil', 'war', 'start', 'summer', 'sizzling'"
2016-05-09,"'walt', 'disney', 'captain', 'america', 'time', 'remove'"
2016-05-09,"'vice', 'ceo', 'shane', 'smith', 'drink', 'party', 'sings', 'win'"
2016-05-10,"'disney', 'lost', 'magic', 'least'"
2016-05-10,"'disney', 'discontinues', 'infinity', 'leaf', 'video'"
2016-05-10,"'disney', 'animated', 'movie', 'time', 'according', 'wall'"
2016-05-10,"'disney', 'lost', 'magic'"
2016-05-10,"'disney', 'result', 'boosted', 'star', 'war', 'zootopia'"
2016-05-10,"'disney', 'share', 'tank', 'earnings', 'sale'"
2016-05-10,"'correct', 'disney', 'fiscal', 'rev', 'billion', 'v', 'expectation'"
2016-05-10,"'disney', 'adj', 'eps', 'v', 'consensus'"
2016-05-10,"'disney', 'share'"
2016-05-10,"'espn', 'verizon', 'reach', 'settlement', 'distribution'"
2016-05-10,"'watch', 'disney', 'earnings', 'hint', 'espn'"
2016-05-10,"'put', 'trust', 'oil', 'strength'"
2016-05-11,"'stock', 'sell', 'erase', 'tuesday'"
2016-05-11,"'dow', 'drop', 'confidence'"
2016-05-11,"'electronic', 'art', 'stock', 'rocket', 'digital'"
2016-05-11,"'disney', 'earnings', 'let', 'wall', 'street', 'analyst', 'let'"
2016-05-11,"'seaworld', 'downgraded', 'worry', 'growing'"
2016-05-11,"'corporate', 'earnings', 'v', 'oil', 'dow', 'drop'"
2016-05-11,"'disney', 'drop', 'deserved'"
2016-05-11,"'disney', 'tumbling', 'share', 'shave', 'nearly', 'point', 'dow'"
2016-05-11,"'share', 'disney', 'tumble', 'early', 'trade', 'lead', 'dow'"
2016-05-11,"'stock', 'open', 'lower', 'disney', 'weighs'"
2016-05-11,"'morning', 'mover', 'macy', 'tumble', 'guidance', 'newmont', 'mining', 'gain', 'goldman'"
2016-05-11,"'stock', 'run'"
2016-05-11,"'happens', 'could', 'fantastic', 'summer'"
2016-05-11,"'walt', 'disney', 'stock', 'tumble', 'push', 'dow', 'future', 'firmly', 'negative'"
2016-05-11,"'walt', 'disney', 'stock', 'drop', 'set', 'shave', 'point'"
2016-05-11,"'walt', 'disney', 'stock', 'drop', 'premarket', 'result', 'late'"
2016-05-11,"'disney', 'big', 'miss', 'investor', 'spoiled', 'still', 'significant', 'value'"
2016-05-13,"'alphabet', 'facebook', 'boosted', 'ad'"
2016-05-14,"'wall', 'street', 'fire', 'hollywood', 'new', 'jodie', 'foster', 'directed'"
2016-05-14,"'morgan', 'stanley', 'disney', 'film', 'gain', 'priced'"
2016-05-14,"'insurer', 'alleghany', 'invests'"
2016-05-14,"'china', 'fertile', 'market', 'cruise', 'ship'"
2016-05-19,"'angry', 'bird', 'look', 'topple', 'captain', 'america', 'win', 'one', 'videogame'"
2016-05-19,"'disney', 'ceo', 'unclear', 'future', 'licensing', 'content'"
2016-05-20,"'disney', 'failure'"
2016-05-20,"'google', 'vr', 'push', 'boost', 'applied'"
2016-05-21,"'year', 'hot', 'graduation', 'gift'"
2016-05-23,"'angry', 'bird', 'rule', 'roost', 'weekend', 'box'"
2016-05-24,"'hollywood', 'keep', 'turning', 'video', 'game', 'movie'"
2016-05-26,"'sumner', 'redstone', 'created', 'hotbed', 'viacom'"
2016-05-26,"'hulu', 'could', 'throw', 'pay', 'tv'"
2016-05-28,"'men', 'reign', 'memorial', 'day', 'weekend', 'fox', 'done'"
2016-05-31,"'viacom', 'careful', 'wish'"
2016-05-31,"'disney', 'latest', 'alice', 'movie', 'earned', 'half', 'expected'"
2016-05-31,"'walt', 'disney', 'stock', 'turn', 'dow', 'negative', 'new', 'alice', 'movie', 'flop'"
2016-05-31,"'three', 'reason', 'primed', 'ready', 'big'"
2016-06-01,"'stock', 'levered', 'oil', 'price'"
2016-06-02,"'nba', 'uniform', 'ad', 'keep', 'team', 'owner', 'taxpayer'"
2016-06-02,"'shanghai', 'disney', 'threaten', 'macau', 'casino'"
2016-06-04,"'money', 'talk', 'saying', 'moviegoer', 'tired', 'hollywood'"
2016-06-04,"'supplants', 'apple', 'barron', 'respected'"
2016-06-09,"'peek', 'inside', 'disneyland', 'shanghai', 'open', 'next'"
2016-06-09,"'china', 'disney', 'aim', 'keep', 'security', 'behind'"
2016-06-10,"'shanghai', 'disneyland', 'asset', 'point'"
2016-06-10,"'summer', 'panic', 'starting', 'brew', 'across'"
2016-06-13,"'apple', 'talk', 'machine', 'learning', 'io', 'imessage', 'enhancement', 'differential', 'privacy'"
2016-06-13,"'shanghai', 'disneyland', 'could', 'lose', 'money'"
2016-06-14,"'want', 'invest', 'drone', 'industry', 'etf', 'may', 'best'"
2016-06-15,"'medium', 'stock', 'period', 'prolonged', 'structural', 'decline'"
2016-06-15,"'brexit', 'panic', 'may', 'big', 'chance', 'buy'"
2016-06-15,"'year', 'old', 'toddler', 'dragged', 'lake', 'alligator', 'disney'"
2016-06-16,"'disney', 'open', 'billion', 'shanghai', 'park', 'large'"
2016-06-16,"'brexit', 'stock', 'look', 'ripe', 'rip'"
2016-06-17,"'line', 'sand', 'brexit'"
2016-06-18,"'finding', 'dory', 'expected', 'debut', 'record', 'opening', 'animated'"
2016-06-18,"'risk', 'money', 'manager', 'pile'"
2016-06-20,"'netflix', 'bear', 'wrong', 'return', 'spend', 'good', 'say', 'pac'"
2016-06-20,"'stock', 'close', 'higher', 'brexit', 'worry'"
2016-06-20,"'cheapest', 'disney', 'theme', 'park'"
2016-06-20,"'espn', 'shell', 'billion', 'big', 'ten', 'medium', 'right'"
2016-06-20,"'dangerous', 'thing', 'could', 'push'"
2016-06-21,"'new', 'faa', 'rule', 'mean', 'huge', 'change', 'drone'"
2016-06-22,"'stock', 'buy', 'false', 'brexit', 'recession'"
2016-06-22,"'big', 'medium', 'share', 'digital', 'spending', 'stop', 'resisting'"
2016-06-22,"'vice', 'medium', 'expanding', 'dozen', 'new', 'market', 'across'"
2016-06-23,"'independence', 'day', 'look', 'recreate', 'magic', 'disney', 'dory', 'still'"
2016-06-27,"'independence', 'day', 'sequel', 'fall', 'short', 'original', 'box', 'office'"
2016-06-28,"'people', 'waited', 'line', 'hour', 'disney', 'minute', 'frozen'"
2016-06-30,"'lion', 'gate', 'starz', 'join', 'force', 'company', 'still'"
2016-06-30,"'even', 'tarzan', 'save', 'holiday', 'weekend', 'box'"
2016-06-30,"'lion', 'gate', 'starz', 'shaking', 'etch'"
2016-07-01,"'disney', 'coach', 'collaboration', 'make', 'perfect'"
2016-07-02,"'nfl', 'took', 'billion', 'revenue', 'last', 'season', 'see', 'stack', 'pro', 'sport'"
2016-07-02,"'consumer', 'stock', 'attractive', 'payouts'"
2016-07-06,"'brexit', 'global', 'economy', 'question', 'loom', 'medium', 'tech', 'titan', 'arrive', 'sun', 'valley'"
2016-07-07,"'donald', 'trump', 'hillary', 'clinton', 'twitter', 'battle', 'movie', 'frozen'"
2016-07-07,"'donald', 'trump', 'hillary', 'clinton', 'twitter', 'battle', 'movie', 'frozen'"
2016-07-07,"'netflix', 'analyst', 'worried', 'international'"
2016-07-08,"'family', 'friendly', 'film', 'dominating', 'box'"
2016-07-09,"'netflix', 'could', 'fall', 'stock', 'sizzle'"
2016-07-11,"'viacom', 'see', 'anyone', 'successfully', 'turn', 'company', 'around'"
2016-07-15,"'female', 'led', 'ghostbusters', 'head', 'theater', 'prove', 'critic', 'wrong', 'win'"
2016-07-15,"'game', 'throne', 'hbo', 'top', 'list', 'emmy'"
2016-07-18,"'help', 'obi', 'wan', 'hasbro', 'drop', 'despite'"
2016-07-18,"'morning', 'mover', 'hasbro', 'bofa', 'schwab', 'beat', 'estimate', 'exxon', 'bid', 'interoil', 'baird', 'ups'"
2016-07-18,"'hasbro', 'beat', 'estimate', 'demand', 'disney'"
2016-07-19,"'hasbro', 'toy', 'company', 'top'"
2016-07-20,"'mattel', 'loss', 'widens', 'sale'"
2016-07-20,"'dow', 'close', 'th', 'straight', 'record', 'high', 'tech'"
2016-07-20,"'espn', 'questionable', 'future', 'put', 'disney', 'profit', 'jeopardy', 'flattish'"
2016-07-20,"'walt', 'disney', 'time', 'switch'"
2016-07-20,"'barstool', 'sport', 'tap', 'erika', 'nardini', 'ceo', 'right', 'non', 'bro'"
2016-07-20,"'walt', 'disney', 'stock', 'slip', 'premarket', 'analyst'"
2016-07-20,"'walt', 'disney', 'downgraded', 'hold', 'buy', 'stifel'"
2016-07-20,"'garry', 'marshall', 'known', 'happy', 'day', 'pretty', 'woman', 'dy'"
2016-07-21,"'mattel', 'barbie', 'bounce', 'jurassic', 'world', 'deal', 'bite'"
2016-07-21,"'way', 'cash', 'millennials', 'mobile', 'without', 'saying', 'apple'"
2016-07-21,"'hollywood', 'share', 'increasingly', 'crowded', 'comic', 'con'"
2016-07-23,"'star', 'trek', 'feeling', 'pressure', 'success', 'paramount'"
2016-07-26,"'marvel', 'entertainment', 'launch', 'loyalty'"
2016-07-26,"'walt', 'disney'"
2016-07-26,"'walt', 'disney', 'downgraded', 'market', 'perform', 'outperform', 'fbr', 'co'"
2016-07-27,"'twitter', 'drop', 'next', 'yahoo'"
2016-07-27,"'comcast', 'revenue', 'beat', 'video', 'subscriber'"
2016-07-29,"'apple', 'failing', 'bully', 'hollywood', 'seeing', 'future'"
2016-08-01,"'earnings', 'signal', 'bear', 'market', 'sell', 'house', 'sell', 'car', 'sell', 'kid'"
2016-08-03,"'dow', 'snap', 'session', 'skid', 'oil'"
2016-08-03,"'time', 'warner', 'joining', 'cool', 'kid'"
2016-08-03,"'time', 'warner', 'invests', 'streaming', 'stake'"
2016-08-04,"'stock', 'end', 'mostly', 'flat', 'investor', 'brace', 'key', 'job'"
2016-08-04,"'disney', 'share', 'slip', 'lead', 'dow', 'industrials', 'laggard', 'early'"
2016-08-06,"'critic', 'dismantling', 'suicide', 'squad', 'survive', 'bad', 'press'"
2016-08-06,"'leonardo', 'dicaprio', 'host', 'plate', 'fundraiser', 'hillary', 'clinton', 'los'"
2016-08-06,"'meet', 'airbnbs', 'ubers'"
2016-08-08,"'money', 'pouring', 'drone', 'racing', 'first', 'espn', 'broadcast', 'take'"
2016-08-09,"'disney', 'earnings', 'rise', 'box', 'office'"
2016-08-09,"'disney', 'launch', 'espn', 'direct', 'consumer', 'streaming'"
2016-08-09,"'disney', 'share', 'slip', 'earnings', 'top', 'street'"
2016-08-09,"'nasdaq', 'close', 'time', 'high', 'stock', 'eke', 'small'"
2016-08-09,"'disney', 'buy', 'stake', 'video', 'streaming', 'company', 'bamtech'"
2016-08-09,"'disney', 'share', 'slip', 'even', 'earnings', 'revenue', 'top', 'street'"
2016-08-09,"'disney', 'adj', 'eps', 'v', 'street'"
2016-08-09,"'disney', 'eps', 'v', 'year'"
2016-08-09,"'disney', 'revenue', 'bln', 'v', 'bln', 'year'"
2016-08-09,"'expect', 'disney'"
2016-08-09,"'share', 'disney', 'slip', 'early', 'trade', 'top', 'dow'"
2016-08-09,"'beware', 'market', 'shenanigan', 'promised', 'dull'"
2016-08-10,"'stock', 'watch', 'evening', 'roundup', 'disney', 'earnings', 'u', 'steel', 'stock', 'sale', 'myriad'"
2016-08-10,"'stock', 'end', 'slightly', 'lower', 'dragged', 'slumping'"
2016-08-10,"'airline', 'stock', 'slump', 'seat', 'supply', 'technology', 'worry'"
2016-08-10,"'disney', 'sport', 'streaming', 'investment', 'cheered'"
2016-08-10,"'ftse', 'end', 'higher', 'fifth', 'session'"
2016-08-10,"'disney', 'patient', 'investor', 'well', 'rewarded'"
2016-08-10,"'chart', 'proving', 'crash', 'happy', 'stock', 'bear'"
2016-08-10,"'full', 'house', 'home', 'san', 'francisco', 'sell'"
2016-08-10,"'walt', 'disney', 'co', 'upgraded', 'outperform', 'neutral', 'macquarie'"
2016-08-10,"'morning', 'mover', 'myriad', 'genetics', 'crater', 'guidance', 'disney'"
2016-08-10,"'coach', 'pull', 'back', 'inventory', 'department', 'store', 'due', 'deep'"
2016-08-10,"'espn', 'streaming', 'service', 'planned', 'full', 'slate', 'game'"
2016-08-10,"'disney', 'pivot', 'future', 'billion', 'mlb'"
2016-08-11,"'olympic', 'hopeful', 'raise', 'nearly', 'million'"
2016-08-11,"'bite', 'three', 'market', 'bargain', 'instead', 'pricey', 'fang'"
2016-08-11,"'disney', 'bullish', 'billion', 'dollar'"
2016-08-13,"'suicide', 'squad', 'stay', 'alive', 'atop', 'weekend', 'box'"
2016-08-13,"'stock', 'hit', 'record', 'high', 'end', 'little'"
2016-08-13,"'ubs', 'like', 'disney', 'plan'"
2016-08-13,"'casual', 'dining', 'chain', 'try', 'new', 'tactic', 'traffic'"
2016-08-15,"'suicide', 'squad', 'win', 'pete', 'dragon'"
2016-08-19,"'underpriced', 'stock', 'rising'"
2016-08-23,"'netflix', 'international', 'operation', 'could', 'surpass', 'business', 'revenue'"
2016-08-24,"'kid', 'would', 'rather', 'watch', 'youtube', 'eat', 'mcdonald'"
2016-08-27,"'sell', 'disney', 'buy', 'viacom'"
2016-08-29,"'dow', 'end', 'day', 'skid', 'wall', 'street', 'shake', 'rate', 'hike'"
2016-08-29,"'netflix', 'time', 'sell', 'pricey', 'stock', 'hit', 'real', 'competition', 'say'"
2016-08-29,"'open', 'preview', 'historic', 'prize', 'money', 'possible', 'history', 'serena'"
2016-08-30,"'seller', 'real', 'estate', 'market', 'selling'"
2016-08-31,"'lululemon', 'earnings', 'likely', 'deliver', 'high'"
2016-08-31,"'disney', 'abc', 'network', 'extends', 'academy', 'award', 'contract'"
2016-08-31,"'disney', 'abc', 'extends', 'deal', 'broadcast', 'oscar'"
2016-08-31,"'disney', 'abc', 'extends', 'deal', 'broadcast', 'oscar'"
2016-09-01,"'disney', 'fox', 'lion', 'gate', 'tug', 'war'"
2016-09-02,"'star', 'war', 'toy', 'available', 'pre', 'order', 'amazon', 'ahead', 'rogue', 'one'"
2016-09-02,"'slow', 'labor', 'day', 'weekend', 'cap', 'summer', 'box', 'office', 'morgan', 'light', 'ocean'"
2016-09-02,"'wal', 'mart', 'unveils', 'top', 'toy', 'list', 'holiday', 'layaway'"
2016-09-06,"'twitter', 'suntrust', 'ponders', 'google', 'et', 'al', 'buy'"
2016-09-07,"'hollywood', 'horrible', 'summer', 'except', 'box'"
2016-09-14,"'nickelodeon', 'ad', 'unhealthy', 'food', 'fruit'"
2016-09-14,"'coming', 'soon', 'tnt', 'star', 'war'"
2016-09-15,"'twitter', 'find', 'buyer', 'ask'"
2016-09-17,"'donald', 'trump', 'jr', 'say', 'gas', 'chamber', 'alluded', 'medium'"
2016-09-17,"'college', 'football', 'st', 'time', 'ap', 'poll', 'history', 'top', 'team', 'face', 'true', 'road', 'test', 'say'"
2016-09-18,"'emmy', 'award'"
2016-09-22,"'stock', 'join', 'global', 'equity', 'rally', 'nasdaq', 'notch', 'record'"
2016-09-22,"'apple', 'alphabet', 'nxp', 'among', 'morgan', 'stanley', 'autonomous', 'drive'"
2016-09-23,"'stork', 'look', 'help', 'magnificent', 'seven', 'deliver', 'solid', 'weekend', 'box'"
2016-09-24,"'cbs', 'buy', 'viacom'"
2016-09-26,"'twitter', 'even', 'big', 'premium', 'worth', 'say'"
2016-09-26,"'stock', 'retreat', 'deutsche', 'bank', 'worry', 'clinton', 'trump'"
2016-09-26,"'twitter', 'turn', 'pivotal', 'ups', 'target', 'disney'"
2016-09-26,"'buying', 'twitter', 'would', 'dumb', 'idea', 'salesforce'"
2016-09-26,"'twitter', 'find', 'buyer', 'ask'"
2016-09-26,"'disney', 'buying', 'twitter', 'make', 'sense', 'surface', 'current', 'price'"
2016-09-26,"'report', 'disney', 'interest', 'twitter', 'bid', 'sends', 'stock', 'opposite'"
2016-09-26,"'disney', 'stock', 'report', 'mulling', 'bid'"
2016-09-26,"'disney', 'stock', 'extends', 'slide', 'fall', 'toward', 'mo', 'closing'"
2016-09-26,"'morning', 'mover', 'marriott', 'jump', 'goldman', 'morgan', 'stanley', 'call', 'deutsche', 'bank'"
2016-09-26,"'salesforce', 'deal', 'go', 'twitter', 'make'"
2016-09-27,"'bubble', 'watch', 'market', 'starting', 'feel', 'like'"
2016-09-27,"'dow', 'close', 'point', 'clinton', 'trump', 'debate', 'consumer'"
2016-09-27,"'disney', 'twitter', 'buy', 'could', 'long', 'term', 'benefit', 'say'"
2016-09-27,"'twitter', 'disney', 'bid', 'make', 'sense', 'say', 'rbcc', 'yes', 'say'"
2016-09-27,"'disney', 'logical', 'choice', 'buyer'"
2016-09-27,"'disney', 'four', 'reason', 'disney', 'buy'"
2016-09-27,"'changed', 'stock', 'market', 'first', 'clinton', 'trump', 'debate'"
2016-09-27,"'disney', 'likely', 'acquirer', 'twitter', 'analyst'"
2016-09-27,"'bubble', 'watch', 'market', 'starting', 'feel', 'like'"
2016-09-28,"'disney', 'four', 'reason', 'stay', 'far', 'away'"
2016-09-28,"'twitter', 'option', 'strategy', 'play', 'buyout', 'chatter', 'per'"
2016-09-29,"'walt', 'disney', 'stock', 'price', 'target', 'cut'"
2016-09-29,"'time', 'warner', 'time', 'merge'"
2016-09-29,"'netflix', 'could', 'lose', 'stream', 'viewer'"
2016-09-30,"'iconic', 'mr', 'doubtfire', 'house', 'sale', 'san'"
2016-09-30,"'walt', 'disney', 'first', 'twitter', 'netflix'"
2016-09-30,"'tim', 'burton', 'peculiar', 'new', 'film', 'expected', 'lead', 'weekend', 'box'"
2016-09-30,"'twitter', 'huddle', 'green', 'bay', 'packer', 'weighing'"
2016-10-03,"'microsoft', 'hololens', 'least', 'hyping', 'like', 'google', 'glass', 'say'"
2016-10-03,"'netflix', 'share', 'climb', 'following', 'talk', 'disney', 'could', 'interested'"
2016-10-04,"'twitter', 'expected', 'field', 'bid'"
2016-10-04,"'twitter', 'buyout', 'get', 'linkedin', 'multiple', 'say'"
2016-10-04,"'earnings', 'trap', 'awaiting'"
2016-10-05,"'stock', 'end', 'day', 'loss', 'finish', 'higher', 'energy', 'financial', 'sector'"
2016-10-05,"'tick', 'tock', 'twitter', 'takeover', 'draw'"
2016-10-05,"'gundlach', 'warns', 'look', 'next', 'bank'"
2016-10-05,"'salesforce', 'drop', 'pas', 'lot', 'thing', 'say', 'ceo'"
2016-10-05,"'twitter', 'must', 'find', 'buyer', 'snapchat', 'destroys'"
2016-10-05,"'netflix', 'said', 'disney', 'crosshairs', 'analyst', 'see', 'streaming'"
2016-10-06,"'deep', 'twitter', 'slide', 'could', 'get', 'google', 'bidder'"
2016-10-06,"'stock', 'flat', 'ahead', 'job', 'report', 'ecb', 'dismisses', 'taper'"
2016-10-06,"'nfl', 'rating', 'decline', 'surprise', 'network'"
2016-10-06,"'disney', 'close', 'florida', 'theme', 'park', 'due', 'hurricane'"
2016-10-06,"'twitter', 'plunge', 'downside', 'possible', 'say', 'monness'"
2016-10-06,"'walt', 'disney', 'twitter', 'netflix', 'wrong', 'solution'"
2016-10-06,"'stock', 'correction', 'come'"
2016-10-06,"'twitter', 'turn', 'code', 'say', 'disney', 'google'"
2016-10-06,"'walt', 'disney', 'stock', 'price', 'target', 'cut', 'rbc'"
2016-10-06,"'disney', 'join', 'google', 'pulling', 'bid', 'twitter'"
2016-10-06,"'acquisition', 'twitter', 'could', 'destroy', 'salesforce', 'com'"
2016-10-06,"'acquisition', 'twitter', 'could', 'destroy', 'salesforce', 'com'"
2016-10-08,'charting'
2016-10-09,"'weekend', 'roundup', 'pepperoni', 'profit', 'twitter', 'need', 'sell', 'mylan', 'executive', 'better', 'watch'"
2016-10-10,"'twitter', 'share', 'plunge', 'amid', 'report', 'top', 'bidder'"
2016-10-10,"'netflix', 'sell', 'say', 'deutsche', 'stock', 'two', 'year', 'ahead'"
2016-10-10,"'twitter', 'drop', 'bloomberg', 'say', 'potential', 'suitor', 'walk'"
2016-10-10,"'twitter', 'share', 'tumble', 'report', 'top', 'bidder', 'dropped'"
2016-10-11,"'mattel', 'toy'"
2016-10-11,"'twitter', 'could', 'sell', 'billion', 'still'"
2016-10-11,"'right', 'time', 'buy', 'netflix'"
2016-10-11,"'twitter', 'new', 'yahoo', 'expect', 'long', 'bumpy'"
2016-10-12,"'expect', 'toy', 'maker', 'third', 'quarter'"
2016-10-13,"'discovery', 'invests', 'digital', 'medium'"
2016-10-13,"'viacom', 'upgrade', 'vote'"
2016-10-14,"'twitter', 'share', 'tank', 'salesforce', 'reported', 'bidding'"
2016-10-14,"'one', 'change', 'turn', 'company', 'vision', 'statement', 'mumbo', 'jumbo', 'something'"
2016-10-14,"'walt', 'disney', 'stock', 'price', 'target', 'cut', 'nomura'"
2016-10-15,"'facebook', 'mark', 'zuckerberg', 'may', 'found', 'ai', 'assistant', 'iron', 'man'"
2016-10-17,"'netflix', 'ceo', 'hastings', 'net', 'add', 'fundamental', 'organic', 'growth', 'rate'"
2016-10-17,"'hasbro', 'earnings', 'boosted', 'strong', 'girl'"
2016-10-17,"'hasbro', 'beat', 'profit', 'revenue'"
2016-10-17,"'fund', 'help', 'get', 'rich'"
2016-10-17,"'happens', 'twitter'"
2016-10-18,"'story', 'second', 'twitter'"
2016-10-19,"'mattel', 'sale', 'flat', 'barbie', 'offset'"
2016-10-19,"'walt', 'disney', 'street', 'optimistic', 'espn', 'star', 'war'"
2016-10-19,"'mattel', 'earnings', 'expect', 'comeback'"
2016-10-20,"'rule', 'make', 'money', 'comic', 'con'"
2016-10-21,"'twitter', 'share', 'spike', 'rumored', 'buyer'"
2016-10-21,"'eye', 'time', 'warner', 'investor'"
2016-10-21,"'success', 'netflix', 'amazon', 'hulu', 'cord', 'cutter', 'rejoicing'"
2016-10-21,"'american', 'girl', 'welliewisher', 'doll', 'help', 'mattel', 'come', 'back', 'disney', 'princess'"
2016-10-21,"'lawn', 'ornament', 'became'"
2016-10-21,"'lawn', 'ornament', 'became'"
2016-10-22,"'tyler', 'perry', 'tom', 'cruise', 'film', 'go', 'head', 'head', 'weekend', 'box'"
2016-10-22,"'getting', 'hot', 'consumer', 'stock'"
2016-10-22,"'expensive', 'street'"
2016-10-24,"'nfl', 'rating', 'drop', 'last', 'night', 'tie'"
2016-10-26,"'stock', 'market', 'slide', 'apple', 'sink', 'dow', 'buck'"
2016-10-26,"'senior', 'citizen', 'portfolio', 'nearly', 'doubling', 'return', 'millennials'"
2016-10-27,"'twitter', 'finally', 'snap', 'streak', 'disappointing', 'result'"
2016-10-27,"'etf', 'build', 'portfolio', 'around', 'stock', 'mentioned', 'social'"
2016-10-27,"'twitter', 'plan', 'growth'"
2016-10-27,"'walt', 'disney', 'could', 'time', 'warner', 'merger', 'force', 'twitter', 'takeover'"
2016-10-27,"'twitter', 'cut'"
2016-10-28,"'big', 'deal', 'time', 'warner', 'deal', 'help', 'make', 'october', 'busiest'"
2016-10-29,"'weekend', 'barron', 'medium', 'stock', 'watch', 'five', 'great', 'buy', 'britain', 'reason', 'stay'"
2016-10-30,"'next', 'medium'"
2016-10-31,"'could', 'apple', 'buy', 'time', 'warner', 'would'"
2016-11-01,"'walt', 'disney', 'cbs', 'rarely', 'earnings', 'le', 'earnings'"
2016-11-01,"'hulu', 'streaming', 'tv', 'gain', 'steam', 'price'"
2016-11-02,"'telecom', 'space', 'content'"
2016-11-03,"'activision', 'blizzard', 'earnings'"
2016-11-05,"'selling', 'house', 'careful', 'color', 'paint'"
2016-11-05,"'millennial', 'firm', 'favor', 'clinton', 'trump'"
2016-11-05,"'toking', 'tuesday'"
2016-11-05,"'wedding', 'comcast', 'netflix', 'future'"
2016-11-06,"'election', 'inspired', 'stock', 'market', 'volatility'"
2016-11-07,"'walt', 'disney', 'world', 'announces', 'first', 'drone', 'light'"
2016-11-08,"'twitter', 'reshaped', 'presidential', 'election', 'disney', 'earnings', 'tap', 'warner', 'bros', 'wreck', 'may'"
2016-11-10,"'espn', 'weighing', 'disney'"
2016-11-10,"'disney', 'earnings', 'disappoint', 'espn'"
2016-11-10,"'disney', 'fall', 'earnings'"
2016-11-10,"'disney', 'profit', 'revenue', 'come'"
2016-11-10,"'fewer', 'american', 'watched', 'tuesday', 'election', 'coverage', 'first'"
2016-11-10,"'walt', 'disney', 'wait'"
2016-11-10,"'trump', 'loving', 'stock', 'market', 'need', 'keep', 'rally'"
2016-11-10,"'disney', 'earnings', 'film', 'studio', 'putting', 'together', 'record', 'year', 'tv'"
2016-11-11,"'dow', 'notch', 'another', 'record', 'post', 'biggest', 'weekly', 'gain', 'since'"
2016-11-11,"'story', 'second', 'disney'"
2016-11-11,"'disney', 'tale', 'two'"
2016-11-11,"'walt', 'disney', 'share', 'downgraded', 'hold', 'buy', 'pivotal'"
2016-11-11,"'protest', 'could', 'take', 'market', 'election'"
2016-11-11,"'disney', 'share', 'lead', 'dow', 'gainer', 'early'"
2016-11-11,"'disney', 'share'"
2016-11-11,"'morning', 'mover', 'jc', 'penney', 'slump', 'earnings', 'kor'"
2016-11-12,"'disney', 'promise', 'better', 'day', 'espn', 'wall', 'street'"
2016-11-12,"'hollywood', 'look', 'provide', 'escapism', 'box', 'office'"
2016-11-14,"'walt', 'disney', 'upgraded', 'equal', 'weight', 'underweight'"
2016-11-15,"'buffett', 'taught', 'investor', 'valuable', 'lesson'"
2016-11-15,"'george', 'soros', 'buy', 'stake', 'alphabet', 'netflix', 'dump', 'disney', 'general'"
2016-11-16,"'dow', 'snap', 'session', 'win', 'streak', 'financial', 'stock'"
2016-11-16,"'walt', 'disney', 'stock', 'surge', 'deutsche', 'bank', 'turn'"
2016-11-16,"'walt', 'disney', 'five', 'reason', 'time'"
2016-11-16,"'disney', 'top', 'dow', 'gainer'"
2016-11-16,"'walt', 'disney', 'stock', 'rally', 'mo', 'high', 'analyst'"
2016-11-16,"'walt', 'disney', 'upgraded', 'buy', 'hold', 'deutsche'"
2016-11-16,"'walt', 'disney', 'stock', 'gain', 'premarket', 'analyst'"
2016-11-18,"'glimmer', 'hope', 'medium'"
2016-11-18,"'fanduel', 'draftkings', 'announce', 'merger'"
2016-11-21,"'netflix', 'brean', 'start', 'buy', 'unstoppable', 'except'"
2016-11-23,"'bottom', 'line', 'thanksgiving'"
2016-11-25,"'moana', 'ride', 'wave', 'family', 'film', 'success', 'potential', 'blockbuster', 'thanksgiving'"
2016-11-25,"'brady', 'bunch', 'mom', 'florence', 'henderson', 'dy'"
2016-11-27,"'afford', 'buy', 'home', 'san', 'francisco', 'move'"
2016-11-28,"'next', 'bull', 'market', 'begin'"
2016-11-29,"'exclusive', 'star', 'war', 'footage', 'help', 'twitter', 'fend', 'dark', 'side'"
2016-11-29,"'high', 'tech', 'gift'"
2016-11-29,"'new', 'directv', 'streaming', 'service', 'cost', 'much'"
2016-11-30,"'disney', 'boost', 'dividend'"
2016-11-30,"'disney', 'hike', 'semi', 'annual', 'cash'"
2016-11-30,"'disney', 'declares', 'semi', 'annual', 'dividend'"
2016-11-30,"'forget', 'opec', 'deal', 'oil', 'stock', 'look', 'dangerous', 'whatever'"
2016-11-30,"'new', 'directv', 'streaming', 'service', 'likely', 'cannibalize', 'cable'"
2016-11-30,"'rogue', 'one', 'ticket', 'presales', 'biggest', 'first', 'day'"
2016-12-01,"'disney', 'hike', 'dividend', 'share'"
2016-12-01,"'disney', 'netflix', 'acquisition', 'end'"
2016-12-02,"'fcc', 'raise', 'fresh', 'concern', 'zero', 'rating'"
2016-12-02,"'movie', 'watch', 'hollywood', 'box', 'office', 'waiting', 'period', 'rogue', 'one'"
2016-12-02,"'disney', 'laid', 'groundwork', 'decade', 'ago', 'record', 'year'"
2016-12-03,"'trump', 'tap', 'jamie', 'dimon', 'mary', 'barra', 'top', 'ceo', 'advice'"
2016-12-03,"'energy', 'stock', 'rally', 'payouts'"
2016-12-03,"'invest', 'chase', 'trump'"
2016-12-03,"'game', 'changing', 'directv', 'make', 'money'"
2016-12-03,"'favorite', 'stock', 'pick'"
2016-12-03,"'trump', 'tap', 'jamie', 'dimon', 'mary', 'barra', 'top', 'ceo', 'advice'"
2016-12-05,"'time', 'disney', 'wave', 'goodbye', 'espn'"
2016-12-05,"'barron', 'stock', 'pick'"
2016-12-05,"'walt', 'disney', 'time', 'dump', 'espn'"
2016-12-06,"'ny', 'time', 'trump', 'need', 'call', 'elon'"
2016-12-06,"'bull', 'trend', 'intact', 'rally', 'breakout'"
2016-12-06,"'bull', 'trend', 'intact', 'rally', 'breakout'"
2016-12-06,"'story', 'second', 'amazon'"
2016-12-07,"'consumer', 'stock', 'set', 'cash', 'holiday'"
2016-12-07,"'disney', 'magic', 'back'"
2016-12-08,"'dow', 'nasdaq', 'close'"
2016-12-10,"'get', 'ready', 'dow'"
2016-12-10,"'attractive', 'stock', 'london', 'sohn'"
2016-12-12,"'cbs', 'buy', 'viacom', 'espn'"
2016-12-14,"'discovery', 'channel', 'prosper', 'amidst', 'web', 'television', 'say'"
2016-12-15,"'amazon', 'netflix', 'prime', 'push', 'put', 'pricing', 'content'"
2016-12-16,"'stock', 'market', 'close', 'lower', 'china', 'seizes', 'underwater'"
2016-12-16,"'contrarian', 'investor', 'plan', 'make', 'money'"
2016-12-19,"'stock', 'eke', 'modest'"
2016-12-19,"'walt', 'disney', 'going', 'rogue'"
2016-12-19,"'disney', 'rogue', 'one', 'success', 'outweighs', 'espn'"
2016-12-19,"'losing', 'faith'"
2016-12-19,"'disney', 'stock', 'rally', 'toward', 'month', 'high', 'rogue', 'one', 'beat', 'box', 'office'"
2016-12-19,"'listening', 'expert', 'stock', 'direction', 'could', 'cost'"
2016-12-19,"'share', 'disney', 'rise', 'lead', 'early', 'dow', 'gainer', 'back', 'strong', 'star', 'war'"
2016-12-19,"'morning', 'mover', 'disney', 'gain', 'merrill', 'move', 'merck', 'drop'"
2016-12-21,"'donald', 'trump', 'big', 'gift', 'medium', 'company'"
2016-12-22,"'nbc', 'save', 'nfl', 'season'"
2016-12-23,"'selena', 'gomez', 'may', 'worth', 'million'"
2016-12-27,"'carrie', 'fisher', 'hollywood', 'life'"
2016-12-27,"'walt', 'disney', 'still', 'packin'"
2016-12-28,"'big', 'question', 'twitter', 'need', 'answer'"
2016-12-29,"'must', 'see', 'photo'"
2016-12-29,"'espn', 'puzzle', 'facing', 'disney'"
2016-12-30,"'china', 'film', 'fever', 'cooled'"
2017-01-01,"'contestant', 'bachelor', 'quit', 'job', 'refinance', 'mortgage', 'find', 'love'"
2017-01-03,"'disney', 'stock', 'added', 'evercore', 'top', 'pick', 'list'"
2017-01-03,"'moviegoer', 'hoping', 'next', 'year', 'line', 'better'"
2017-01-03,"'go', 'long', 'term', 'stock', 'play', 'chase', 'already'"
2017-01-04,"'charting', 'constructive', 'start', 'ahead', 'fed'"
2017-01-06,"'tv', 'network', 'paying', 'cover', 'football', 'game', 'one'"
2017-01-06,"'walt', 'disney', 'co', 'upgraded', 'outperform', 'sector', 'perform', 'rbc', 'capital'"
2017-01-06,"'share', 'disney', 'gain', 'lead', 'dow', 'advancer', 'early'"
2017-01-11,"'ethan', 'allen', 'warns', 'earnings', 'lag'"
2017-01-12,"'nasdaq', 'snap', 'day', 'win', 'streak', 'stock', 'cool', 'earning'"
2017-01-12,"'walt', 'disney', 'stock', 'price', 'target', 'raised'"
2017-01-13,"'cheap', 'stock', 'top', 'investment', 'newsletter', 'say', 'buy'"
2017-01-17,"'medium', 'company', 'may', 'saved', 'like', 'directv', 'streaming'"
2017-01-18,"'walt', 'disney', 'co', 'downgraded', 'underperform', 'market', 'perform', 'bmo', 'capital'"
2017-01-20,"'netflix', 'developing', 'emotional', 'bond', 'customer', 'help', 'stock'"
2017-01-20,"'ge', 'ibm', 'earnings', 'report', 'something', 'unusual'"
2017-01-23,"'stephen', 'colbert', 'tapped', 'host', 'emmy'"
2017-01-24,"'stock', 'buy', 'list', 'donald', 'trump', 'take'"
2017-01-24,"'ge', 'ibm', 'unusual', 'earnings', 'report'"
2017-01-25,"'dow', 'close', 'milestone', 'stock', 'notch'"
2017-01-25,"'star', 'war', 'toy', 'top', 'million', 'sale', 'say'"
2017-01-26,"'pro', 'bowl', 'hail', 'mary', 'espn'"
2017-01-26,"'dow', 'road', 'paved', 'goldman', 'boeing'"
2017-01-27,"'trading', 'trump', 'tweet', 'would', 'left', 'sad'"
2017-01-28,"'lion', 'gate', 'merely', 'content', 'la', 'la', 'land', 'success', 'spending'"
2017-01-30,"'walt', 'disney', 'stock', 'price', 'target', 'raised', 'morgan'"
2017-01-30,"'disney', 'share', 'upgraded', 'morgan', 'stanley', 'upbeat', 'view', 'espn', 'film'"
2017-01-30,"'walt', 'disney', 'upgraded', 'overweight', 'equal', 'weight', 'morgan'"
2017-01-30,"'collector', 'flocking', 'buy', 'animation'"
2017-01-31,"'electronic', 'art', 'earnings'"
2017-02-02,"'cheapest', 'fastest', 'growing', 'beloved', 'dow'"
2017-02-03,"'disney', 'beauty', 'beast', 'ticket', 'presales', 'rival', 'superhero'"
2017-02-06,"'hasbro', 'beat', 'profit', 'revenue'"
2017-02-06,"'disney', 'ceo', 'bob', 'iger', 'may', 'need', 'stay', 'head', 'longer', 'expected'"
2017-02-07,"'disney', 'fall', 'tv', 'network', 'continue', 'drag'"
2017-02-07,"'disney', 'earnings', 'question', 'state', 'future', 'espn'"
2017-02-07,"'disney', 'fall'"
2017-02-07,"'investor', 'waking', 'stock', 'untold', 'story'"
2017-02-07,"'disney', 'report', 'earnings', 'share', 'revenue'"
2017-02-07,"'espn', 'continues', 'drag', 'disney'"
2017-02-07,"'unlike', 'mattel', 'hasbro', 'say', 'holiday', 'much', 'different', 'year'"
2017-02-08,"'one', 'big', 'sign', 'commodity', 'verge', 'epic', 'comeback'"
2017-02-08,"'disney', 'restructures', 'ad', 'sale'"
2017-02-08,"'walt', 'disney', 'stock', 'price', 'target', 'raised'"
2017-02-08,"'share', 'disney', 'rise', 'lead', 'dow', 'gainer', 'early'"
2017-02-09,"'espn', 'struggle', 'go', 'away', 'disney', 'ceo', 'think'"
2017-02-10,"'disney', 'inject', 'billion', 'euro', 'euro'"
2017-02-14,"'end', 'world', 'uranium', 'fund', 'soared', 'cooling', 'pond'"
2017-02-14,"'hollywood', 'blockbuster', 'becoming', 'bigger', 'driver', 'toy'"
2017-02-15,"'stock', 'market', 'notch', 'best', 'record', 'run', 'quarter'"
2017-02-15,"'nba', 'team', 'good', 'make', 'lot'"
2017-02-18,"'oscar', 'last', 'thing', 'moviegoer', 'care', 'picking'"
2017-02-20,"'hong', 'kong', 'disneyland', 'net', 'loss'"
2017-02-22,"'imax', 'stock', 'climb', 'premarket', 'disney', 'movie', 'deal'"
2017-02-22,"'imax', 'disney', 'extend', 'extend', 'multi', 'picture', 'deal'"
2017-02-22,"'imax', 'disney', 'partner', 'create', 'exclusive', 'imax', 'marketing'"
2017-02-23,"'walt', 'disney', 'co', 'laying', 'maker'"
2017-02-24,"'year', 'bond', 'great', 'idea', 'trump'"
2017-02-27,"'abc', 'politically', 'charged', 'oscar', 'broadcast', 'lowest', 'nine'"
2017-02-27,"'biggest', 'battle', 'major', 'league', 'baseball', 'happening'"
2017-02-27,"'barstool', 'sport', 'scrappy', 'digital', 'news', 'outlet', 'prime', 'time'"
2017-02-27,"'oscar', 'complete', 'list'"
2017-02-28,"'oscar', 'rating', 'fall', 'nine', 'year'"
2017-03-01,"'dow', 'rally', 'powered', 'apple', 'rally', 'since', 'jan'"
2017-03-01,"'youtube', 'look', 'cash', 'streaming', 'new', 'service', 'fcc', 'review', 'time', 'warner', 'deal', 'know', 'snap'"
2017-03-04,"'logan', 'lesson', 'studio', 'comic', 'book', 'film'"
2017-03-07,"'sheer', 'blouse', 'really', 'turn', 'emma', 'watson', 'bad', 'feminist'"
2017-03-07,"'beauty', 'beast', 'ticket', 'sale', 'outpacing', 'captain', 'america', 'civil', 'war', 'say'"
2017-03-07,"'espn', 'preparing', 'lay', 'air', 'talent', 'struggle'"
2017-03-08,"'bull', 'market', 'year', 'anniversary', 'reminds', 'u', 'dow', 'reward'"
2017-03-08,"'year', 'old', 'girl', 'inspiring', 'others', 'oscar', 'nominated', 'hidden', 'figure'"
2017-03-09,"'nbc', 'brass', 'rush', 'savannah', 'guthrie', 'back', 'maternity', 'leave', 'today', 'show', 'set'"
2017-03-11,"'take', 'kid', 'disney', 'world', 'free', 'almost'"
2017-03-12,"'northwestern', 'arguably', 'big', 'ten', 'brainiest', 'school', 'longer', 'basketball'"
2017-03-13,"'fantastic', 'beast', 'find', 'preordered', 'audiobook'"
2017-03-14,"'late', 'invest', 'disney', 'future', 'analyst'"
2017-03-14,"'disney', 'share', 'upgraded', 'buy', 'neutral'"
2017-03-14,"'disney', 'price', 'target', 'increased'"
2017-03-16,"'expect', 'remake', 'disney', 'beauty', 'beast'"
2017-03-16,"'march', 'sadness', 'anything', 'predictable', 'ncaa', 'tournament'"
2017-03-16,"'fandango', 'want', 'sell', 'movie', 'toy', 'merchandise', 'along'"
2017-03-20,"'stock', 'end', 'lower', 'financials', 'sell'"
2017-03-20,"'apple', 'disney', 'stock', 'help', 'tip', 'nasdaq', 'intraday'"
2017-03-20,"'walt', 'disney', 'stock', 'gain', 'premarket', 'beauty', 'beast', 'top', 'weekend', 'box'"
2017-03-21,"'walt', 'disney', 'stock', 'price', 'target', 'raised'"
2017-03-22,"'get', 'ready', 'trump', 'trade', 'deeper', 'pullback'"
2017-03-23,"'walt', 'disney', 'co', 'extends', 'ceo', 'bob', 'iger', 'contract', 'july'"
2017-03-24,"'new', 'power', 'ranger', 'help', 'push', 'lion', 'gate', 'closer', 'major', 'studio', 'status'"
2017-03-28,"'stock', 'would', 'get', 'support', 'trump', 'make', 'mistake'"
2017-03-29,"'trap', 'ahead', 'stock', 'market', 'full', 'animal'"
2017-03-31,"'verizon', 'plan', 'launch', 'live', 'online', 'tv', 'service', 'summer'"
2017-04-03,"'netflix', 'ramping', 'film', 'ambition', 'hollywood', 'fight', 'protect'"
2017-04-04,"'dallas', 'cowboy', 'quarterback', 'tony', 'romo', 'take', 'phil', 'simms', 'seat', 'cbs'"
2017-04-06,"'legendary', 'comedian', 'rickles', 'died'"
2017-04-07,"'stock', 'market', 'close', 'fractionally', 'lower', 'job', 'report', 'syria'"
2017-04-09,"'upgrading', 'human', 'become', 'next', 'billion', 'dollar'"
2017-04-11,"'share', 'disney', 'gain', 'lead', 'dow', 'advancer', 'early'"
2017-04-11,"'goldman', 'reiterates', 'buy', 'rating', 'disney', 'add', 'conviction'"
2017-04-11,"'disney', 'dow', 'biggest', 'gainer', 'goldman', 'sachs', 'add', 'stock', 'conviction'"
2017-04-13,"'apple', 'buyout', 'disney', 'logical', 'greater', 'probability', 'rbc'"
2017-04-13,"'apple', 'buy', 'disney', 'say'"
2017-04-13,"'ceo', 'average', 'pay', 'climbed', 'million'"
2017-04-14,"'bos', 'baby', 'rare', 'movie', 'one', 'saw'"
2017-04-14,"'fate', 'furious', 'latest', 'film', 'get', 'imax', 'event', 'movie'"
2017-04-17,"'disney', 'drop', 'first', 'star', 'war', 'last', 'jedi'"
2017-04-20,"'disney', 'stock', 'price', 'target', 'raised', 'morgan'"
2017-04-20,"'espn', 'could', 'swing', 'earnings', 'driver', 'disney', 'overhang', 'analyst'"
2017-04-20,"'would', 'done', 'investing', 'online', 'retail', 'social', 'medium', 'like', 'catholic'"
2017-04-25,"'disney', 'give', 'release', 'date', 'live', 'action', 'lion', 'king', 'frozen'"
2017-04-26,"'espn', 'laying', 'employee', 'including', 'familiar', 'air'"
2017-04-27,"'netflix', 'find', 'way', 'china', 'quite', 'really'"
2017-04-27,"'derek', 'jeter', 'disney', 'lose'"
2017-04-29,"'seemingly', 'foolish', 'call', 'apple', 'looking', 'right'"
2017-04-29,"'weekend', 'roundup', 'trump', 'tax', 'plan', 'may', 'affect', 'stock', 'pop', 'tax', 'reform'"
2017-04-30,"'netflix', 'share', 'expected', 'underperform', 'bond', 'may'"
2017-05-02,"'jimmy', 'kimmel', 'tearful', 'monologue', 'son', 'birth', 'successful', 'heart', 'surgery', 'hit', 'gravity', 'health'"
2017-05-02,"'sport', 'talking', 'head'"
2017-05-03,"'viacom', 'share', 'fall', 'leading', 'broader', 'medium'"
2017-05-03,"'hulu', 'launch', 'live', 'tv', 'platform', 'add', 'channel', 'hgtv', 'owner', 'scripps'"
2017-05-06,"'guardian', 'galaxy', 'vol', 'usher', 'disney', 'crucial', 'summer'"
2017-05-07,"'stock', 'first', 'time', 'since', 'beatles', 'landed'"
2017-05-07,"'hollywood', 'tapping', 'key', 'demographic', 'hispanic'"
2017-05-09,"'disney', 'fiscal', 'adj', 'eps', 'v', 'expectation'"
2017-05-09,"'disney', 'earnings', 'solve', 'problem', 'like', 'espn'"
2017-05-09,"'disney', 'share', 'quarterly', 'revenue', 'narrowly', 'miss'"
2017-05-09,"'disney', 'exploring', 'online', 'option'"
2017-05-09,"'disney', 'fiscal', 'rev', 'billion', 'line'"
2017-05-09,"'extremely', 'quiet', 'market', 'could', 'setting', 'trap'"
2017-05-09,"'disney', 'fiscal', 'eps'"
2017-05-09,"'disney', 'share', 'earnings'"
2017-05-10,"'time', 'bail', 'oil', 'investor', 'hold'"
2017-05-10,"'analyst', 'like', 'disney', 'stock', 'despite', 'espn', 'continued'"
2017-05-10,"'nasdaq', 'close', 'record', 'th', 'straight', 'day', 'dow', 'slip', 'fbi', 'firing'"
2017-05-10,"'blame', 'dow', 'industrials', 'late', 'sesion', 'slump', 'entirely', 'boeing', 'disney'"
2017-05-10,"'disney', 'stock', 'slide', 'cut', 'point', 'dow', 'industrials', 'early'"
2017-05-10,"'hulu', 'hire', 'amc', 'network', 'executive', 'joel', 'stillerman', 'expand', 'original'"
2017-05-10,"'disney', 'share'"
2017-05-10,"'instagrammed', 'place'"
2017-05-11,"'sony', 'picture', 'tap', 'former', 'fox', 'tv', 'head', 'run', 'film'"
2017-05-15,"'cord', 'cutting', 'intensifies', 'medium', 'company', 'scramble', 'toward', 'online', 'streaming'"
2017-05-16,"'ridiculous', 'reason', 'tech', 'stock'"
2017-05-17,"'walt', 'disney', 'share'"
2017-05-20,"'major', 'league', 'baseball', 'launch', 'virtual', 'reality', 'viewing'"
2017-05-21,"'box', 'office', 'newest', 'alien', 'installment', 'exactly'"
2017-05-25,"'sit', 'every', 'mlb', 'ballpark', 'want', 'catch', 'home'"
2017-05-26,"'reason', 'comcast', 'bucking', 'cord', 'cutting'"
2017-05-26,"'nasdaq', 'book', 'narrow', 'record', 'ahead', 'memorial', 'day'"
2017-05-27,"'new', 'pirate', 'caribbean', 'film', 'savaged', 'critic', 'may', 'top', 'weekend', 'box'"
2017-05-28,"'pirate', 'sequel', 'find', 'box', 'office', 'gold', 'baywatch'"
2017-05-30,"'man', 'investigating', 'worker', 'abuse', 'ivanka', 'trump', 'brand', 'shoe', 'factory'"
2017-05-31,"'scott', 'pelley', 'reportedly', 'anchor', 'cbs', 'evening', 'news'"
2017-06-01,"'money', 'manager', 'see', 'end', 'sight', 'bull'"
2017-06-01,"'facebook', 'snap', 'sitting', 'billion'"
2017-06-01,"'business', 'leader', 'join', 'environmentalist', 'throwing', 'hand', 'trump', 'quits', 'paris'"
2017-06-02,"'disney', 'global', 'theme', 'park', 'saw', 'attendance', 'decline', 'revenue'"
2017-06-02,"'trump', 'today', 'president', 'mum', 'blocking', 'comey', 'testimony', 'russia', 'hearing'"
2017-06-03,"'apple', 'ceo', 'tim', 'cook', 'say', 'tried', 'talk', 'trump', 'exiting', 'climate', 'deal'"
2017-06-03,"'three', 'mining', 'company', 'among', 'back', 'trump', 'paris', 'accord'"
2017-06-03,"'studio', 'blame', 'movie', 'review', 'summer', 'start', 'slowly', 'box'"
2017-06-03,"'wonder', 'woman', 'top', 'box', 'office', 'opening'"
2017-06-05,"'younger', 'millennials', 'know', 'network', 'responsible', 'tv', 'show', 'unless'"
2017-06-06,"'beyond', 'tech', 'sector', 'driving', 'stock'"
2017-06-08,"'people', 'use', 'streaming', 'service', 'cable', 'subscription', 'study'"
2017-06-08,"'nasdaq', 'close', 'record', 'stock', 'finish', 'slightly', 'higher', 'comey'"
2017-06-09,"'people', 'subscribe', 'streaming', 'service', 'cable'"
2017-06-09,"'could', 'halt', 'espn', 'slide', 'woman'"
2017-06-13,"'ge', 'stock', 'worst', 'dow', 'performer', 'since', 'immelt', 'took'"
2017-06-13,"'warrior', 'dominance', 'may', 'cost', 'disney'"
2017-06-13,"'american', 'job', 'seeker', 'care', 'issue', 'much'"
2017-06-18,"'netflix', 'stock', 'worth', 'one', 'third', 'trade'"
2017-06-18,"'car', 'speed', 'past', 'wonder', 'woman', 'box'"
2017-06-19,"'vice', 'medium', 'secures', 'million', 'investment', 'private', 'equity', 'firm'"
2017-06-19,"'draftkings', 'fanduel', 'merger', 'challenged', 'ftc', 'california'"
2017-06-21,"'comcast', 'nbc', 'sport', 'jump', 'spanish', 'language', 'esports'"
2017-06-21,"'uber', 'want', 'facebook', 'sheryl', 'sandberg', 'take', 'wheel', 'ceo', 'travis', 'kalanick', 'bail'"
2017-06-26,"'walt', 'disney', 'stock', 'price', 'target', 'raised'"
2017-06-28,"'donald', 'trump', 'next', 'speaking', 'gig', 'could', 'magical', 'place'"
2017-06-29,"'pink', 'slime', 'producer', 'know', 'true', 'lean', 'finely', 'textured', 'beef'"
2017-06-30,"'hollywood', 'running', 'hit', 'movie'"
2017-06-30,"'sport', 'oldest', 'youngest', 'tv'"
2017-07-01,"'hot', 'consumer', 'stock', 'buy', 'beyond'"
2017-07-03,"'stock', 'market', 'start', 'second', 'half', 'july', 'mostly'"
2017-07-03,"'disney', 'share', 'almost', 'report', 'verizon', 'eyeing'"
2017-07-03,"'dow', 'kick', 'july', 'gain', 'tech'"
2017-07-03,"'end', 'line', 'disney', 'park', 'wench'"
2017-07-05,"'disney', 'losing', 'young', 'tv', 'audience'"
2017-07-05,"'nasdaq', 'close', 'higher', 'tech', 'stock', 'rally', 'dow'"
2017-07-05,"'disney', 'studio', 'could', 'benefit', 'video', 'demand', 'worth', 'three', 'time', 'movie'"
2017-07-06,"'ge', 'stock', 'fall', 'pace', 'dow', 'loser', 'head', 'toward', 'lowest', 'month'"
2017-07-07,"'hulu', 'subscriber', 'get', 'hbo', 'time', 'game', 'throne', 'season'"
2017-07-09,"'spider', 'man', 'homecoming', 'wallop', 'rival', 'land', 'atop', 'box'"
2017-07-12,"'verizon', 'ceo', 'say', 'company', 'eyeing', 'deal', 'buy'"
2017-07-13,"'penney', 'opening', 'toy', 'shop'"
2017-07-13,"'cbs', 'bbc', 'form', 'global', 'news'"
2017-07-14,"'spider', 'man', 'homecoming', 'needed', 'rare', 'industry', 'collaboration', 'get'"
2017-07-15,"'disney', 'revealed', 'new', 'star', 'war', 'land', 'look', 'like', 'insanely', 'detailed'"
2017-07-15,"'hedge', 'fund', 'manager', 'scored', 'annual', 'return', 'apple', 'amazon', 'short', 'selling'"
2017-07-15,"'watch', 'game', 'throne', 'hbo', 'watched', 'tv'"
2017-07-17,"'disney', 'face', 'lawsuit', 'visual', 'effect', 'beauty', 'beast'"
2017-07-17,"'disney', 'try', 'solve', 'espn', 'subscriber'"
2017-07-18,"'mgm', 'acquire', 'tv', 'asset', 'vanderpump', 'rule', 'producer', 'evolution'"
2017-07-21,"'hollywood', 'using', 'social', 'cause', 'sell', 'movie'"
2017-07-23,"'pay', 'tv', 'expected', 'lose', 'million', 'subscriber', 'latest'"
2017-07-25,"'ml', 'say', 'promotion', 'relegation', 'regime', 'billion'"
2017-07-26,"'verizon', 'earnings', 'hear', 'verizon', 'search', 'success', 'outside'"
2017-07-29,"'disney', 'shuts', 'vacation', 'saving', 'account', 'offer', 'bonus', 'remaining'"
2017-07-31,"'frozen', 'musical', 'disney', 'aim', 'melt', 'adult', 'heart'"
2017-07-31,"'mattel', 'could', 'get', 'wrecked', 'weak', 'car', 'toy'"
2017-08-02,"'disney', 'chose', 'lyft', 'uber', 'theme', 'park', 'minnie', 'van'"
2017-08-03,"'cbs', 'tap', 'facebook', 'executive', 'digital', 'ad'"
2017-08-06,"'dark', 'tower', 'open', 'slow', 'week', 'box'"
2017-08-08,"'disney', 'earnings', 'time', 'talk', 'espn'"
2017-08-08,"'summer', 'lull', 'stock', 'ready', 'bust'"
2017-08-08,"'disney', 'report', 'adjusted', 'earnings', 'share', 'revenue'"
2017-08-08,"'disney', 'increasing', 'ownership', 'bamtech', 'streaming'"
2017-08-08,"'disney', 'detail', 'launch', 'espn', 'disney', 'streaming', 'service', 'plan', 'end', 'netflix'"
2017-08-09,"'dow', 'post', 'first', 'back', 'back', 'loss', 'week', 'pressured', 'disney', 'goldman'"
2017-08-09,"'netflix', 'made', 'first', 'acquisition', 'ever', 'comic', 'book'"
2017-08-09,"'disney', 'netflix', 'split', 'mean'"
2017-08-09,"'hollywood', 'battle', 'mean', 'netflix'"
2017-08-09,"'trifecta', 'disney', 'goldman', 'boeing', 'stock', 'drag', 'dow', 'industrials', 'session'"
2017-08-09,"'disney', 'stock', 'blamed', 'dow', 'future', 'early'"
2017-08-09,"'disney', 'goldman', 'stock', 'exact', 'steeper', 'toll', 'north', 'korea'"
2017-08-09,"'european', 'stock', 'slide', 'north', 'korea', 'cross'"
2017-08-09,"'netflix', 'stock', 'slump', 'premarket', 'disney', 'announces', 'plan', 'end', 'distribution'"
2017-08-09,"'stock', 'index', 'close', 'lower', 'north', 'korea'"
2017-08-09,"'stock', 'retreat', 'escalating', 'north', 'korean'"
2017-08-09,"'disney', 'share'"
2017-08-09,"'walt', 'disney', 'stock', 'price', 'target', 'cut'"
2017-08-09,"'stock', 'market', 'close', 'lower', 'north', 'korea', 'tension', 'disney', 'goldman', 'kneecap'"
2017-08-09,"'espn', 'streaming', 'service'"
2017-08-10,"'disney', 'netflix', 'always', 'short', 'term'"
2017-08-12,"'disney', 'plan', 'espn', 'shrouded'"
2017-08-13,"'weekend', 'roundup', 'north', 'korea', 'investment', 'tesla', 'risky', 'bond', 'airbnb', 'tourism', 'irks'"
2017-08-14,"'netflix', 'survive', 'disney', 'cord', 'cut', 'proof', 'piper'"
2017-08-14,"'netfix', 'poaches', 'producer', 'shonda', 'rhimes', 'abc', 'volley', 'lobbed'"
2017-08-14,"'stock', 'gain', 'first', 'time', 'month', 'geopolitical', 'fear'"
2017-08-15,"'mooch', 'v', 'milk', 'longer', 'shelf', 'life'"
2017-08-15,"'ceo', 'intel', 'armour', 'quit', 'trump', 'manufacturing'"
2017-08-15,"'larry', 'summer', 'asks', 'ceo', 'quitting', 'trump'"
2017-08-16,"'abc', 'sign', 'former', 'lost', 'showrunner', 'carlton', 'cuse', 'multi', 'year', 'deal', 'create', 'new'"
2017-08-16,"'afl', 'cio', 'leader', 'quits', 'trump', 'manufacturing', 'council'"
2017-08-16,"'coach', 'sink', 'market', 'share', 'rise', 'analyst'"
2017-08-16,"'shonda', 'rhimes', 'signaled', 'would', 'move', 'away', 'network'"
2017-08-17,"'smiliest', 'company'"
2017-08-18,"'would', 'pay', 'see', 'disney', 'frozen', 'broadway'"
2017-08-18,"'share', 'movie', 'theater', 'stock', 'tumble', 'apple', 'hollywood', 'reignite', 'concern', 'around', 'theatrical'"
2017-08-19,"'netflix', 'want', 'exclusive', 'right', 'film', 'tv', 'show', 'talent', 'creating'"
2017-08-23,"'indicator', 'say', 'billionaire', 'bear'"
2017-08-23,"'stock', 'market', 'close', 'lower', 'optimism', 'fade', 'jackson'"
2017-08-23,"'espn', 'fire', 'removing', 'announcer', 'robert', 'lee', 'virginia', 'football'"
2017-08-25,"'bitcoin', 'poised', 'challenge', 'record', 'recovering'"
2017-08-27,"'netflix', 'depends', 'le', 'le', 'licensed', 'content', 'like'"
2017-08-30,"'hollywood', 'worst', 'summer', 'box', 'office'"
2017-08-31,"'star', 'war', 'last', 'jedi', 'lego', 'unveils', 'new'"
2017-08-31,"'google', 'parent', 'alphabet', 'may', 'key', 'stock', 'market'"
2017-08-31,"'disney', 'plan', 'layoff', 'cost', 'cut', 'abc', 'cable'"
2017-08-31,"'stock', 'market', 'end', 'turbulent', 'august', 'strong'"
2017-08-31,"'dow', 'end', 'fifth', 'straight', 'month'"
2017-08-31,"'medium', 'company', 'struggle', 'meet', 'demand', 'great'"
2017-08-31,"'financial', 'blogger', 'think', 'embarrass', 'u'"
2017-09-01,"'hollywood', 'cap', 'terrible', 'summer', 'box', 'office', 'worst', 'labor', 'day', 'weekend'"
2017-09-05,"'walt', 'disney', 'co', 'upgraded', 'outperform', 'market', 'perform', 'well'"
2017-09-05,"'disney', 'upgraded', 'well', 'fargo', 'tv', 'landscape', 'transition', 'direct', 'consumer'"
2017-09-06,"'top', 'executive', 'buying', 'share', 'eight'"
2017-09-06,"'irma', 'force', 'cruise', 'operator', 'cancel'"
2017-09-06,"'hollywood', 'already', 'trying', 'put', 'dismal', 'summer', 'box', 'office', 'behind'"
2017-09-06,"'disney', 'accelerating', 'shift', 'streaming', 'tv', 'well', 'fargo', 'say', 'investor', 'fear'"
2017-09-07,"'disney', 'goldman', 'stock', 'cut', 'nearly', 'point', 'dow'"
2017-09-07,"'dow', 'finish', 'lower', 'disney', 'goldman', 'share'"
2017-09-07,"'disney', 'share', 'ceo', 'bob', 'iger', 'warns', 'eps'"
2017-09-07,"'taking', 'cruise', 'flight', 'hotel', 'room', 'path', 'hurricane', 'irma', 'need', 'know'"
2017-09-07,"'medium', 'sector', 'suffers', 'selloff', 'disney', 'comcast', 'give', 'guidance', 'scaring'"
2017-09-08,"'walt', 'disney', 'stock', 'price', 'target', 'cut'"
2017-09-08,"'hollywood', 'putting', 'ton', 'pressure', 'start', 'box', 'office', 'turnaround'"
2017-09-08,"'disney', 'price', 'target', 'cut', 'ubs', 'company', 'face', 'new', 'streaming', 'cost', 'impact', 'hurricane'"
2017-09-09,"'rare', 'move', 'walt', 'disney', 'world', 'close', 'hurricane'"
2017-09-10,"'norwegian', 'cruise', 'line', 'took', 'dramatic', 'action', 'ahead', 'hurricane'"
2017-09-11,"'hurricane', 'irma', 'leaf', 'almost', 'half', 'florida', 'darkness', 'head'"
2017-09-12,"'buy', 'apple', 'stock', 'ahead', 'iphone', 'launch'"
2017-09-12,"'abrams', 'direct', 'co', 'write', 'star', 'war', 'episode', 'ix'"
2017-09-12,"'guillermo', 'del', 'toro', 'new', 'monster', 'fantasy', 'film', 'shape', 'water'"
2017-09-13,"'emmy', 'streaming', 'v', 'traditional', 'tv'"
2017-09-13,"'espn', 'anchor', 'trump', 'comment', 'fireable', 'offense', 'say', 'white', 'house'"
2017-09-14,"'trump', 'supporter', 'fume', 'apparent', 'daca', 'face', 'biden', 'rip', 'trump', 'op'"
2017-09-15,"'espn', 'trump', 'crosshairs', 'network', 'adjusts', 'sport', 'political'"
2017-09-15,"'hulu', 'spending', 'facebook', 'apple', 'far', 'le', 'netflix'"
2017-09-15,"'tv', 'viewer', 'cutting', 'cable', 'cord', 'saving'"
2017-09-15,"'apple', 'supplier', 'watch', 'new', 'iphone', 'roll'"
2017-09-15,"'teflon', 'stock', 'market', 'fell', 'another', 'star', 'hedge', 'fund', 'manager'"
2017-09-15,"'trump', 'today', 'president', 'demand', 'apology', 'espn', 'get', 'chided', 'british', 'prime'"
2017-09-17,"'emmy', 'top', 'race'"
2017-09-20,"'abc', 'jimmy', 'kimmel', 'call', 'senator', 'liar', 'pleads', 'health'"
2017-09-21,"'netflix', 'losing', 'sleep', 'hulu', 'emmy', 'win', 'handmaid', 'tale'"
2017-09-21,"'cassidy', 'kimmel', 'continue', 'obamacare', 'back'"
2017-09-27,"'disney', 'backed', 'playbuzz', 'raise', 'million', 'grow', 'content', 'creation'"
2017-09-27,"'share', 'medium', 'company', 'worst', 'month', 'since'"
2017-09-30,"'broadcast', 'stock', 'could', 'outperform', 'market', 'medium', 'sector', 'analyst'"
2017-10-02,"'trader', 'paradise', 'melt', 'taking', 'shape', 'one', 'corner'"
2017-10-02,"'dow', 'book', 'point', 'gain', 'stock', 'market', 'overcomes', 'act', 'pure', 'evil', 'end'"
2017-10-04,"'disney', 'ceo', 'bob', 'iger', 'espn', 'jemele', 'hill', 'punished', 'trump'"
2017-10-04,"'disney', 'ceo', 'bob', 'iger', 'say', 'stepping', 'time', 'mean'"
2017-10-05,"'star', 'trek', 'discovery', 'help', 'make', 'cbs', 'stand', 'alone', 'streaming', 'pursuit', 'successful'"
2017-10-05,"'blade', 'runner', 'already', 'look', 'like'"
2017-10-06,"'everything', 'new', 'netflix', 'october'"
2017-10-06,"'breakout', 'cheap', 'forgotten', 'stock', 'powering', 'dow', 'jones', 'industrial'"
2017-10-07,"'hollywood', 'box', 'office', 'revenue', 'expected', 'bounce', 'back', 'fourth'"
2017-10-09,"'walt', 'disney', 'upgraded', 'top', 'pick', 'outperform', 'rbc'"
2017-10-09,"'disney', 'weaning', 'espn', 'future', 'earnings'"
2017-10-09,"'wham', 'marvel', 'dump', 'partnership', 'northrop', 'grumman'"
2017-10-09,"'fan', 'throng', 'new', 'york', 'comic', 'con', 'comic', 'book', 'sell', 'million'"
2017-10-09,"'disney', 'share', 'upgraded', 'rbc', 'capital', 'market', 'top', 'pick', 'company', 'reach', 'turning', 'point'"
2017-10-09,"'walt', 'disney', 'stock', 'climb', 'premarket', 'analyst'"
2017-10-09,"'rick', 'morty', 'fan', 'rejoice', 'mcdonald', 'revive', 'coveted', 'szechuan', 'sauce', 'weekend'"
2017-10-09,"'disney', 'release', 'second', 'trailer', 'star', 'war', 'last', 'jedi'"
2017-10-10,"'trump', 'today', 'president', 'say', 'win', 'battle', 'iq'"
2017-10-10,"'espn', 'jemele', 'hill', 'suspended', 'saying', 'fan', 'boycott'"
2017-10-10,"'absolutely', 'avoid', 'watching', 'new', 'star', 'war'"
2017-10-11,"'world', 'cup', 'men', 'soccer', 'team', 'disaster', 'st', 'century'"
2017-10-12,"'disney', 'cut', 'staff', 'abc', 'tv', 'group', 'many'"
2017-10-12,"'viewer', 'care', 'network', 'air', 'favorite', 'tv', 'show'"
2017-10-12,"'disney', 'abc', 'tv', 'group', 'lay', 'many'"
2017-10-12,"'new', 'york', 'police', 'hunt', 'evidence', 'disgraced', 'movie', 'mogul', 'harvey'"
2017-10-13,"'weinstein', 'company', 'struggled', 'financially', 'even', 'harvey', 'weinstein', 'sexual', 'misconduct'"
2017-10-14,"'actual', 'tax', 'rate', 'biggest', 'company', 'america'"
2017-10-16,"'netflix', 'earnings', 'higher', 'subscription', 'price', 'lead', 'show', 'like', 'stranger', 'thing'"
2017-10-16,"'walt', 'disney', 'world', 'finally', 'welcome', 'dog'"
2017-10-17,"'netflix', 'plan', 'huge', 'movie', 'push', 'face', 'post', 'disney'"
2017-10-18,"'break', 'billion', 'netflix', 'spends', 'original', 'movie'"
2017-10-19,"'fund', 'manager', 'say', 'avoid', 'netflix', 'altogether', 'even', 'short'"
2017-10-21,"'netflix', 'show', 'real'"
2017-10-23,"'barstool', 'sport', 'founder', 'say', 'dumped', 'espn', 'reinforces', 'company', 'place', 'medium'"
2017-10-23,"'next', 'move', 'highflying', 'netflix', 'stock', 'cliff'"
2017-10-24,"'bad', 'news', 'powerhouse', 'sector', 'may', 'poised'"
2017-10-24,"'hulu', 'ceo', 'leaving', 'head', 'sony', 'tv'"
2017-10-24,"'stock', 'popped', 'since', 'trump'"
2017-10-24,"'netflix', 'price', 'biggest', 'junk', 'bond', 'sale', 'yet', 'help', 'fund', 'aggressive', 'slate', 'new', 'show'"
2017-10-24,"'hulu', 'ceo', 'mike', 'hopkins', 'exit', 'streaming', 'company'"
2017-10-25,"'hollywood', 'never', 'seen', 'competition', 'like'"
2017-10-26,"'apple', 'nike', 'show', 'stock', 'performance', 'linked', 'ceo', 'invest'"
2017-10-26,"'political', 'analyst', 'mark', 'halperin', 'apologizes', 'accusation', 'sexual'"
2017-10-27,"'mark', 'halperin', 'say', 'never', 'confronted', 'sued', 'aggressive', 'crude', 'workplace'"
2017-10-27,"'dow', 'dragged', 'lower', 'chevron', 'merck', 'nasdaq', 'set', 'fresh', 'intraday', 'record', 'tech'"
2017-10-28,"'justice', 'league', 'opening', 'weekend', 'box', 'office', 'could', 'one', 'biggest'"
2017-10-29,"'barstool', 'sport', 'culture', 'cost', 'espn', 'show', 'plan'"
2017-10-29,"'imax', 'admits', 'inhumans', 'partnership', 'marvel', 'go'"
2017-10-31,"'consider', 'buying', 'large', 'cap', 'stock', 'small', 'cap'"
2017-11-01,"'disney', 'forcing', 'theater', 'agree', 'top', 'secret', 'term', 'order', 'show', 'star', 'war'"
2017-11-01,"'steve', 'job', 'knew', 'secret', 'career'"
2017-11-01,"'one', 'old', 'fashioned', 'reason', 'tesla', 'stock', 'could', 'soon', 'implode'"
2017-11-01,"'big', 'old', 'company', 'drive', 'dow'"
2017-11-02,"'hollywood', 'still', 'keeping', 'black', 'creator', 'tv', 'writer'"
2017-11-02,"'luke', 'skywalker', 'return', 'millennium', 'falcon', 'new', 'trailer', 'star', 'war', 'last', 'jedi'"
2017-11-03,"'disney', 'espn', 'issue', 'tighter', 'social', 'medium', 'rule', 'jemele', 'hill'"
2017-11-05,"'youtube', 'new', 'profile', 'child', 'privacy', 'expert'"
2017-11-06,"'disney', 'held', 'talk', 'buy', 'st', 'century', 'fox'"
2017-11-06,"'disney', 'stock', 'climb', 'cnbc', 'report', 'deal', 'talk', 'st', 'century'"
2017-11-06,"'thor', 'ragnarok', 'hit', 'lifting', 'box', 'office', 'october'"
2017-11-06,"'st', 'century', 'fox', 'talk', 'sell', 'company', 'disney'"
2017-11-06,"'panic', 'could', 'set', 'saudi', 'purge', 'nabs', 'warren', 'buffett', 'middle', 'east'"
2017-11-06,"'earningswatch', 'disney', 'nvidia', 'snap', 'headline', 'week', 'medium'"
2017-11-06,"'thor', 'ragnarok', 'big', 'opening', 'weekend', 'save', 'box'"
2017-11-06,"'st', 'century', 'fox', 'stock', 'jump', 'cnbc', 'report', 'talk', 'walt'"
2017-11-07,"'disney', 'end', 'los', 'angeles', 'time', 'blackout'"
2017-11-07,"'tumble', 'retailer', 'help', 'send', 'ftse', 'lower'"
2017-11-07,"'disney', 'restores', 'screening', 'access', 'la', 'time', 'following', 'backlash', 'medium'"
2017-11-07,"'telltale', 'sign', 'stock', 'market', 'euphoria', 'could', 'ready', 'blow'"
2017-11-07,"'reason', 'lion', 'king', 'still', 'reign', 'supreme', 'broadway'"
2017-11-09,"'disney', 'earnings', 'transition', 'period', 'medium', 'entertainment'"
2017-11-09,"'rip', 'bitcoin', 'cracked', 'may', 'nearing', 'tulip', 'mania'"
2017-11-09,"'disney', 'stock', 'fall', 'earnings', 'revenue'"
2017-11-09,"'disney', 'announces', 'new', 'star', 'war', 'trilogy', 'live', 'action', 'tv'"
2017-11-10,"'disney', 'escape', 'post', 'earnings', 'drop', 'using', 'force'"
2017-11-10,"'dow', 'week', 'rally', 'come', 'end', 'tax', 'delay', 'concern'"
2017-11-10,"'netflix', 'scrap', 'second', 'louis', 'standup'"
2017-11-10,"'disney', 'charge', 'substantially', 'le', 'netflix'"
2017-11-11,"'rupert', 'murdoch', 'may', 'offered', 'buy', 'cnn'"
2017-11-11,"'disney', 'charge', 'substantially', 'le', 'netflix', 'streaming', 'plan', 'new', 'star', 'war'"
2017-11-13,"'solid', 'opening', 'weekend', 'daddy', 'home', 'audience', 'appear', 'ready', 'forgive', 'mel'"
2017-11-13,"'nba', 'team', 'sold', 'ad', 'space'"
2017-11-14,"'dow', 'end', 'lower', 'rd', 'session', 'downturn', 'oil', 'weighs', 'stock'"
2017-11-15,"'star', 'war', 'last', 'jedi', 'lego', 'unveils', 'brickheadz', 'set', 'exclusive'"
2017-11-16,"'winner', 'loser', 'streaming', 'video', 'war'"
2017-11-17,"'comcast', 'seek', 'buy', 'significant', 'part', 'fox', 'verizon', 'sony', 'interested'"
2017-11-18,"'netflix', 'new', 'film', 'mudbound', 'strong', 'contender', 'major'"
2017-11-19,"'virgin', 'latest', 'venture', 'cruise', 'industry', 'seeing', 'green'"
2017-11-21,"'avoid', 'next', 'ge', 'find', 'industrial', 'winner'"
2017-11-21,"'pixar', 'disney', 'animation', 'head', 'john', 'lasseter', 'taking', 'leave', 'absence', 'claim'"
2017-11-22,"'field', 'football', 'rob', 'gronkowski', 'welcome', 'entrepreneur', 'gronk', 'tank'"
2017-11-22,"'charting', 'thanksgiving', 'breakout', 'nasdaq', 'knife', 'uncharted'"
2017-11-25,"'pixar', 'coco', 'give', 'parent', 'way', 'talk', 'kid'"
2017-11-26,"'another', 'thanksgiving', 'tradition', 'disney', 'top', 'box', 'office', 'time', 'coco'"
2017-11-27,"'prince', 'william', 'harry', 'stormtroopers', 'star', 'war', 'last', 'jedi'"
2017-11-27,"'stock', 'end', 'mostly', 'lower', 'retail', 'rally', 'fizzle', 'dow', 'buck'"
2017-11-28,"'funko', 'capitalizing', 'pop', 'culture', 'enthusiasm', 'driving', 'bullish', 'analyst'"
2017-11-28,"'everything', 'coming', 'netflix', 'december'"
2017-11-28,"'eric', 'trump', 'defends', 'dad', 'pocahontas', 'comment', 'pointing', 'disney', 'made', 'movie'"
2017-11-29,"'espn', 'laid', 'approximately'"
2017-11-29,"'avenger', 'infinity', 'war', 'trailer', 'mark', 'beginning', 'end', 'marvel', 'biggest'"
2017-11-29,"'espn', 'laying', 'roughly', 'employee', 'network'"
2017-11-29,"'industry', 'reported', 'instance', 'sexual'"
2017-11-29,"'disney', 'increase', 'semi', 'annual', 'dividend', 'cent'"
2017-11-30,"'disney', 'sue', 'redbox', 'hoping', 'block', 'digital', 'movie'"
2017-12-01,"'bitcoin', 'add', 'gain', 'flynn', 'cooperates', 'russia', 'probe', 'still'"
2017-12-02,"'disney', 'open', 'talk', 'buy', 'st', 'century', 'fox', 'asset', 'say'"
2017-12-03,"'abc', 'news', 'reporter', 'brian', 'ross', 'suspended', 'week', 'erroneous', 'flynn'"
2017-12-04,"'three', 'sector', 'hit', 'time', 'high', 'tax', 'cut'"
2017-12-04,"'consumer', 'discretionary', 'etf', 'hit', 'record', 'retailer'"
2017-12-04,"'ftse', 'log', 'gain', 'tax', 'optimism', 'pound', 'jolted', 'brexit'"
2017-12-05,"'st', 'century', 'fox', 'ceo', 'james', 'murdoch', 'suggested', 'succeed', 'disney', 'ceo', 'bob', 'iger'"
2017-12-05,"'stock', 'close', 'lower', 'amid', 'broad', 'based'"
2017-12-05,"'netflix', 'shake', 'kevin', 'spacey', 'scandal', 'stranger', 'thing'"
2017-12-05,"'disney', 'deal', 'acquire', 'fox', 'entertainment', 'asset', 'could', 'come', 'early', 'next', 'week'"
2017-12-06,"'bob', 'iger', 'likely', 'extend', 'tenure', 'disney', 'ceo', 'past', 'retire'"
2017-12-07,"'european', 'stock', 'seesaw', 'close', 'end', 'slightly'"
2017-12-07,"'bitcoin', 'monster', 'gain', 'look', 'like', 'one', 'humongous'"
2017-12-07,"'ftse', 'slammed', 'british', 'pound', 'advance', 'brexit', 'deal'"
2017-12-10,"'fandango', 'worried', 'millennial'"
2017-12-11,"'comcast', 'drop', 'fox', 'bidding', 'disney', 'reportedly', 'still'"
2017-12-11,"'disney', 'chevron', 'stock', 'help', 'dow', 'industrials', 'firm', 'early'"
2017-12-12,"'tip', 'protecting', 'money', 'bubble', 'even', 'holding'"
2017-12-12,"'comcast', 'drop', 'st', 'century', 'fox', 'bidding', 'leaving', 'disney'"
2017-12-13,"'disney', 'close', 'deal', 'acquire', 'st', 'century', 'fox', 'movie', 'tv', 'sport'"
2017-12-13,"'renegotiate', 'nafta', 'competitive'"
2017-12-13,"'dow', 'finish', 'record', 'fed', 'meet', 'nasdaq', 'buck'"
2017-12-13,"'dow', 'end', 'record', 'fed', 'raise', 'rate', 'financial', 'stock', 'pressure'"
2017-12-14,"'disney', 'st', 'century', 'fox', 'deal', 'form', 'box', 'office', 'powerhouse', 'hounded', 'regulator'"
2017-12-14,"'disney', 'buy', 'key', 'st', 'century', 'fox', 'asset', 'billion'"
2017-12-14,"'ftse', 'fall', 'may', 'loses', 'key', 'brexit', 'vote', 'boe', 'hold', 'rate'"
2017-12-14,"'st', 'century', 'fox', 'stock', 'turn', 'lower', 'disney', 'buyout', 'bid', 'price', 'latest'"
2017-12-14,"'dow', 'retreat', 'record', 'snap', 'day'"
2017-12-14,"'st', 'century', 'fox', 'stock', 'jump', 'premarket', 'disney', 'buyout'"
2017-12-14,"'cheer', 'end', 'year', 'stock', 'remind', 'bull', 'reagan', 'volcker'"
2017-12-14,"'stock', 'open', 'higher', 'market', 'eye', 'disney', 'fox'"
2017-12-14,"'disney', 'ceo', 'robert', 'iger', 'remain', 'chairman', 'ceo'"
2017-12-14,"'global', 'rating', 'place', 'disney', 'rating', 'creditwatch'"
2017-12-14,"'disney', 'buy', 'st', 'century', 'fox', 'deal', 'valued'"
2017-12-14,"'chef', 'mario', 'batali', 'take', 'leave', 'allegation', 'sexual'"
2017-12-14,"'st', 'century', 'fox', 'stock', 'turn', 'lower', 'fall', 'premarket', 'disney', 'buyout'"
2017-12-14,"'watchdog', 'disney', 'see', 'sky', 'bid', 'fox'"
2017-12-14,"'trump', 'today', 'president', 'call', 'murdoch', 'disney', 'st', 'century', 'fox'"
2017-12-14,"'disney', 'stock', 'exchange', 'ratio', 'value', 'st', 'century', 'share', 'based', 'wed', 'closing'"
2017-12-14,"'end', 'net', 'neutrality', 'end'"
2017-12-14,"'disney', 'fox', 'deal', 'set', 'scene', 'brand', 'new', 'superhero'"
2017-12-14,"'st', 'century', 'spin', 'fox', 'broadcasting', 'fox', 'news', 'asset'"
2017-12-14,"'disney', 'buy', 'st', 'century', 'fox', 'deal', 'valued'"
2017-12-14,"'last', 'jedi', 'hit', 'theater', 'space', 'station', 'astronaut', 'prince', 'william', 'harry', 'catch'"
2017-12-14,"'disney', 'exchange', 'share', 'st', 'century', 'fox'"
2017-12-14,"'disney', 'stock', 'drop', 'premarket', 'deal', 'buy', 'st', 'century'"
2017-12-14,"'european', 'stock', 'fall', 'lowest', 'week', 'inflation', 'view', 'drag', 'euro'"
2017-12-14,"'place', 'disney', 'plus', 'rating', 'review', 'possible'"
2017-12-14,"'hbo', 'risking', 'overkill', 'five', 'game', 'throne', 'prequels'"
2017-12-14,"'disney', 'assume', 'bln', 'st', 'century'"
2017-12-15,"'wave', 'sexual', 'harassment', 'allegation', 'impact', 'stock'"
2017-12-15,"'investor', 'left', 'tech', 'stock', 'dead', 'look', 'set', 'wild', 'ride'"
2017-12-15,"'three', 'stock', 'winner', 'three', 'loser', 'net', 'neutrality'"
2017-12-15,"'slump', 'sale', 'superhero', 'comic', 'threatens', 'disney', 'netflix'"
2017-12-16,"'disney', 'deal', 'suggests', 'tax', 'bill', 'may', 'mean', 'little'"
2017-12-16,"'star', 'war', 'last', 'jedi', 'expected', 'dominate', 'weekend', 'box'"
2017-12-17,"'weekend', 'roundup', 'bitcoin', 'bitcoin', 'bitcoin', 'extreme', 'market', 'call', 'happy', 'inheritance'"
2017-12-18,"'espn', 'president', 'john', 'skipper', 'resigns', 'deal', 'substance'"
2017-12-18,"'luke', 'skywalker', 'battle', 'ted', 'cruz', 'net'"
2017-12-18,"'netflix', 'get', 'beat', 'combined', 'disney', 'fox', 'company', 'analyst'"
2017-12-18,"'insight', 'former', 'hedge', 'fund', 'guy', 'bitcoin', 'topped', 'hit'"
2017-12-18,"'star', 'war', 'last', 'jedi', 'soar', 'second', 'biggest', 'opening', 'day'"
2017-12-18,"'even', 'produce', 'aisle', 'safe', 'star', 'war'"
2017-12-18,"'star', 'war', 'came', 'california', 'document', 'reveal', 'history', 'behind', 'original'"
2017-12-19,"'three', 'important', 'takeaway', 'investor', 'disney', 'fox'"
2017-12-19,"'stock', 'least', 'doubled', 'since', 'trump'"
2017-12-19,"'nbc', 'sport', 'monetizing', 'billion', 'premier', 'league', 'soccer'"
2017-12-21,"'alt', 'right', 'group', 'claim', 'credit', 'using', 'bot', 'lower', 'user', 'rating', 'star', 'war', 'last', 'jedi'"
2017-12-21,"'mlb', 'executive', 'bob', 'bowman', 'ousted', 'accusation', 'workplace'"
2017-12-22,"'hall', 'fame', 'broadcaster', 'dick', 'enberg', 'dy', 'age'"
2017-12-22,"'much', 'lost', 'friday', 'cryptocurrency', 'rout', 'nearly'"
2017-12-26,"'investor', 'may', 'worry', 'apple', 'share'"
2017-12-26,"'star', 'war', 'last', 'jedi', 'rule', 'box', 'office', 'total', 'take', 'climb'"
2017-12-26,"'kanye', 'west', 'gift', 'kim', 'kardashian', 'blue', 'chip', 'stock'"
2017-12-27,"'hour', 'long', 'power', 'failure', 'disneyland', 'leaf', 'stranded'"
2017-12-30,"'prediction', 'stock', 'market', 'faangs'"
