2016-01-09,"'united', 'parcel', 'ups'"
2016-01-30,"'conference', 'call', 'super', 'bowl'"
2016-01-30,"'conference', 'call', 'super', 'bowl'"
2016-01-31,"'alphabet', 'exxon', 'result', 'mark', 'midpoint', 'ugly', 'earnings'"
2016-02-01,"'expect', 'ups'"
2016-02-02,"'dow', 'log', 'nearly', 'point', 'loss', 'oil', 'sink'"
2016-02-02,"'ups', 'profit', 'beat', 'international'"
2016-02-02,"'ups', 'stock', 'jump', 'profit', 'beat'"
2016-02-02,"'ups', 'stock', 'surge', 'premarket'"
2016-02-02,"'ups', 'see', 'eps', 'factset', 'consensus'"
2016-02-02,"'ups', 'domestic', 'revenue', 'bln', 'v', 'bln', 'factset', 'consensus'"
2016-02-02,"'ups', 'int', 'revenue', 'bln', 'v', 'bln', 'factset', 'consensus'"
2016-02-02,"'ups', 'revenue', 'bln', 'v', 'bln', 'factset', 'consensus'"
2016-02-02,"'ups', 'domestic', 'revenue', 'bln', 'v', 'bln', 'factset', 'consensus'"
2016-02-02,"'ups', 'eps', 'v', 'cent', 'year'"
2016-02-02,"'ups', 'adj', 'eps', 'factset', 'consensus'"
2016-02-05,"'apple', 'could', 'offer', 'investor', 'shelter', 'recessionary'"
2016-02-06,"'analyst', 'size', 'exxonmobil', 'yahoo'"
2016-02-10,"'ups', 'name', 'new', 'chairman', 'boost'"
2016-02-13,"'stock', 'dividend', 'staying'"
2016-02-19,"'transportation', 'stock', 'bullish', 'investor'"
2016-02-22,"'fedex', 'stifel', 'favorite', 'way', 'play', 'global', 'cyclical', 'rally'"
2016-02-23,"'ups', 'fedex', 'face', 'twin', 'threat', 'ground', 'shipping', 'business', 'morgan'"
2016-03-09,"'amazon', 'reach', 'air', 'cargo', 'deal', 'serve', 'customer', 'across'"
2016-03-09,"'ups', 'stock', 'slip', 'premarket'"
2016-03-10,"'whole', 'food', 'want', 'instacart', 'home', 'grocery'"
2016-03-11,"'fedex', 'bigger', 'risk'"
2016-03-11,"'amazon', 'tackle', 'high', 'delivery', 'cost', 'air', 'cargo'"
2016-03-14,"'amazon', 'logistics', 'mean', 'fedex'"
2016-03-15,"'fedex', 'ups', 'amazon', 'near', 'term', 'threat', 'stock', 'business', 'rbc'"
2016-03-15,"'ups', 'invest', 'million', 'compressed', 'natural', 'gas', 'fueling', 'station'"
2016-03-16,"'maersk', 'see', 'saving', 'using', 'drone'"
2016-03-19,"'fedex', 'delivers'"
2016-03-21,"'fedex', 'bolster', 'commerce', 'business'"
2016-03-25,"'high', 'cost', 'cooling', 'hurt', 'online', 'chocolate'"
2016-03-28,"'dow', 'transport', 'track', 'worst', 'losing', 'streak', 'since', 'august'"
2016-04-11,"'canadian', 'pacific', 'right', 'track', 'merger', 'bid'"
2016-04-13,"'company', 'bucking', 'depressing', 'profit', 'margin'"
2016-04-13,"'company', 'risk', 'higher', 'wage', 'goldman', 'sachs'"
2016-04-13,"'perfect', 'climate', 'bond', 'like'"
2016-04-16,"'outside', 'energy', 'payouts', 'show', 'healthy'"
2016-04-23,"'apple', 'exxon', 'expected', 'drag', 'earnings', 'peak'"
2016-04-23,"'year', 'boomerang', 'kid', 'set'"
2016-04-28,"'dow', 'worst', 'day', 'month', 'apple'"
2016-04-28,"'get', 'uglier', 'stock', 'safety', 'net'"
2016-04-28,"'get', 'uglier', 'stock', 'safety', 'net'"
2016-04-28,"'ups', 'profit', 'beat', 'delivery'"
2016-04-28,"'ups', 'stock', 'gain', 'premarket', 'trade'"
2016-04-28,"'united', 'parcel', 'service', 'beat', 'profit', 'miss'"
2016-04-28,"'ups', 'revenue', 'billion', 'v', 'billion', 'factset', 'consensus'"
2016-04-28,"'ups', 'eps', 'v', 'factset', 'consensus'"
2016-04-29,"'hide', 'cheap', 'safety', 'stock', 'market', 'rally'"
2016-05-04,"'fedex', 'undervalued', 'back', 'driver'"
2016-05-05,"'amazon', 'ink', 'another', 'freight', 'deal', 'stop', 'asks', 'morgan'"
2016-05-05,"'amazon', 'partner', 'atlas', 'air', 'worldwide', 'cargo'"
2016-05-09,"'ups', 'want', 'player', 'drone', 'delivery', 'starting'"
2016-05-10,"'post', 'office', 'lost', 'billion'"
2016-05-12,"'wal', 'mart', 'launch', 'two', 'day', 'shipping', 'service', 'rival'"
2016-05-13,"'bridgewater', 'sell', 'amazon', 'coke', 'gap', 'holding', 'adding', 'new', 'stake', 'alphabet'"
2016-06-04,"'ignore', 'debt', 'buy'"
2016-06-04,"'exploit', 'option', 'market', 'fear'"
2016-06-07,"'fedex', 'hike', 'dividend', 'share'"
2016-06-08,"'survey', 'find', 'consumer', 'buying', 'online'"
2016-06-09,"'five', 'area', 'adding', 'job', 'faster', 'anywhere'"
2016-06-09,"'allowed', 'keep', 'drone', 'flying', 'property'"
2016-06-14,"'want', 'invest', 'drone', 'industry', 'etf', 'may', 'best'"
2016-06-17,"'financier', 'expected', 'trump', 'fundraiser', 'fracking', 'fight', 'loom', 'democrat', 'still', 'running', 'sander', 'pledge', 'trump'"
2016-06-22,"'fedex', 'ball'"
2016-06-24,"'brexit', 'mostly', 'spare', 'transport', 'citi', 'like', 'ups'"
2016-06-27,"'stock', 'brighten', 'post', 'brexit'"
2016-07-13,"'amazon', 'prime', 'day', 'hit', 'way'"
2016-07-23,"'camping', 'world', 'take', 'act'"
2016-07-27,"'dhl', 'expand', 'commerce'"
2016-07-29,"'end', 'shy', 'record', 'dow', 'limp'"
2016-07-29,"'ups', 'making', 'life', 'difficult', 'fedex'"
2016-07-29,"'ups', 'big', 'fan', 'trade', 'deal', 'like'"
2016-07-29,"'ups', 'profit', 'rise', 'commerce'"
2016-07-29,"'sorry', 'stock', 'soaring', 'red', 'flag'"
2016-07-29,"'ups', 'stock', 'drop', 'premarket'"
2016-07-29,"'ups', 'trade', 'deal', 'like', 'tpp', 'vital', 'health'"
2016-07-29,"'ups', 'business', 'business', 'volume', 'hurt', 'continued', 'weakness', 'industrial'"
2016-07-29,"'ups', 'say', 'consumer', 'market', 'remains', 'healthy', 'commerce', 'market'"
2016-07-29,"'ups', 'profit', 'rise', 'higher'"
2016-07-29,"'ups', 'report', 'line', 'earnings', 'reaffirms'"
2016-07-29,"'ups', 'full', 'year', 'eps', 'factset', 'consensus'"
2016-07-29,"'ups', 'revenue', 'bln', 'factset', 'consensus'"
2016-07-29,"'ups', 'reiterates', 'full', 'year', 'eps', 'guidance'"
2016-07-29,"'ups', 'eps', 'factset', 'consensus'"
2016-08-05,"'amazon', 'reveals', 'first', 'prime', 'air', 'plane', 'promising', 'speedier'"
2016-08-05,"'amazon', 'reveals', 'first', 'prime', 'air', 'plane', 'promising', 'speedier'"
2016-08-08,"'revise', 'outlook', 'ups', 'rating', 'negative', 'worry', 'pension'"
2016-08-08,"'revise', 'ups', 'rating', 'outlook', 'negative', 'stable', 'concern', 'pension'"
2016-08-13,"'consumer', 'financially', 'healthy', 'scared', 'state'"
2016-08-15,"'ups', 'ceo', 'urge', 'congress', 'pas', 'asian', 'trace', 'pact', 'get', 'left'"
2016-08-23,"'dividend', 'rich', 'stock', 'hold', 'long'"
2016-08-30,"'taking', 'pharma', 'profit', 'smart', 'move'"
2016-09-01,"'ups', 'say', 'shipping', 'rate', 'rise'"
2016-09-02,"'ups', 'go', 'price'"
2016-09-12,"'united', 'parcel', 'service', 'stock', 'price', 'target', 'raised'"
2016-09-14,"'ups', 'hire', 'worker'"
2016-09-14,"'ups', 'hire', 'seasonal', 'employee', 'holiday'"
2016-09-17,"'holiday', 'hiring', 'show', 'clear', 'shift', 'toward'"
2016-09-19,"'fedex', 'hike', 'shipping', 'rate', 'next'"
2016-09-20,"'fed', 'ex', 'go', 'rate', 'go'"
2016-09-21,"'fedex', 'delivers', 'good', 'bullish', 'rest'"
2016-09-23,"'fedex', 'expects', 'case', 'monday', 'holiday'"
2016-09-23,"'ups', 'completes', 'drone', 'test', 'urgent', 'commercial'"
2016-09-24,"'buy', 'low', 'sell', 'really', 'high', 'stock'"
2016-09-27,"'amazon', 'building', 'network', 'rival', 'fedex', 'ups', 'say'"
2016-09-28,"'oil', 'price', 'could', 'drop', 'mid', 'hurry'"
2016-10-08,"'military', 'veteran', 'losing', 'gi', 'bill', 'benefit', 'itt'"
2016-10-10,"'schneider', 'trucking', 'company', 'plan', 'ipo', 'next'"
2016-10-13,"'fedex', 'ups', 'set', 'guideline', 'return', 'galaxy', 'note'"
2016-10-17,"'ups', 'debt', 'spending', 'trigger'"
2016-10-17,"'moody', 'downgrade', 'ups', 'debt', 'one', 'notch'"
2016-10-21,"'needed', 'neighborhood', 'heliport', 'drone'"
2016-10-22,"'beautiful', 'art'"
2016-10-25,"'free', 'shipping', 'always'"
2016-10-26,"'alibaba', 'delivery', 'service', 'zto', 'express', 'raise', 'ipo'"
2016-10-26,"'ups', 'earnings'"
2016-10-27,"'ups', 'give', 'boeing', 'jumbo', 'jet'"
2016-10-27,"'ups', 'orion', 'pace', 'million'"
2016-10-27,"'ups', 'meeting', 'expectation', 'never', 'good', 'enough', 'especially', 'amazon', 'knocking'"
2016-10-27,"'ups', 'revenue', 'beat', 'lower', 'fuel'"
2016-10-27,"'ups', 'driver', 'use', 'orion', 'dispatch', 'technology', 'peak', 'season', 'last'"
2016-10-27,"'ups', 'delivery', 'delivery'"
2016-10-27,"'ups', 'expects', 'thanksgiving', 'new', 'year', 'eve', 'delivery', 'mln', 'mln', 'year'"
2016-10-27,"'ups', 'buy', 'boeing'"
2016-10-27,"'ups', 'take', 'delivery', 'first', 'end'"
2016-10-27,"'buy', 'standout', 'stock', 'escaping', 'earnings', 'reaper'"
2016-10-27,"'thing', 'know', 'largest', 'ipo', 'year', 'china', 'zto'"
2016-10-27,"'ups', 'beat', 'revenue', 'expectation', 'profit'"
2016-10-27,"'ups', 'still', 'see', 'full', 'year', 'adj', 'eps'"
2016-10-27,"'ups', 'eps'"
2016-10-27,"'ups', 'revenue', 'bln'"
2016-10-27,"'ups', 'factset', 'eps', 'consensus', 'revenue'"
2016-11-01,"'finding', 'tomorrow', 'star', 'growth', 'stock'"
2016-11-02,"'ups', 'started', 'hold', 'stock', 'price', 'target', 'deutsche'"
2016-11-03,"'machine', 'take', 'package', 'delivery'"
2016-11-09,"'ups', 'stock'"
2016-11-10,"'trump', 'trade', 'policy', 'could', 'cost', 'million', 'job', 'hurt', 'company', 'like'"
2016-11-11,"'ups', 'build', 'package', 'hub', 'atlanta', 'adding'"
2016-11-15,"'fedex', 'downgrade', 'nothing', 'amazon'"
2016-11-15,"'ups', 'expects', 'holiday', 'delivery', 'rise', 'record', 'million'"
2016-11-15,"'ups', 'see', 'black', 'friday', 'new', 'year', 'eve', 'delivery', 'year'"
2016-11-15,"'ups', 'see', 'record', 'holiday', 'delivery', 'mln'"
2016-11-16,"'nasdaq', 'nail', 'range', 'top', 'dow', 'pull', 'record'"
2016-11-16,"'post', 'office', 'loss', 'widen', 'billion'"
2016-11-30,"'way', 'protect', 'holiday'"
2016-12-01,"'industrial', 'etf', 'could', 'end', 'high'"
2016-12-06,"'average', 'defense', 'department', 'contractor', 'paid', 'nearly'"
2016-12-07,"'story', 'second', 'samsung'"
2016-12-13,"'fedex', 'ups', 'fight', 'keep', 'holiday'"
2016-12-13,"'ups', 'started', 'neutral', 'stock', 'price', 'target'"
2016-12-14,"'amazon', 'plane', 'train', 'automobile'"
2016-12-14,"'fedex', 'set', 'enjoy', 'merry', 'holiday'"
2016-12-14,"'maersk', 'aim', 'offer', 'service', 'like', 'fedex'"
2016-12-16,"'amazon', 'expanding', 'delivery', 'network', 'want', 'asks', 'jp'"
2016-12-16,"'fedex', 'gain'"
2016-12-20,"'fedex', 'operating', 'margin', 'retreat', 'latest'"
2016-12-20,"'fedex', 'earnings', 'preview', 'happy', 'holiday', 'ahead'"
2016-12-21,"'transport', 'etf', 'among', 'biggest', 'winner', 'fall', 'fedex', 'earnings'"
2016-12-23,"'tjx', 'burlington', 'price', 'retailer', 'could', 'benefit', 'tax'"
2016-12-27,"'retail', 'etf', 'jump', 'hope', 'high', 'holiday'"
2016-12-27,"'amazon', 'shopper', 'bought', 'alexa', 'device', 'ever', 'record', 'holiday'"
2016-12-27,"'retail', 'etf', 'rise', 'early', 'indication', 'point', 'strong', 'holiday', 'shopping'"
2016-12-27,"'ups', 'expects', 'return', 'million', 'package', 'retailer', 'national', 'return'"
2016-12-28,"'holiday', 'shopping', 'season', 'may', 'best'"
2016-12-30,"'amazon', 'future', 'spaceship', 'warehouse', 'peeved'"
2017-01-07,"'ups', 'share', 'look', 'vulnerable'"
2017-01-09,"'brief', 'ups', 'acquires', 'freightex', 'accelerate', 'expansion', 'european', 'truckload', 'brokerage'"
2017-01-17,"'boring', 'stock', 'get', 'exciting', 'trump', 'rally'"
2017-01-19,"'growing', 'cost', 'amazon', 'grand'"
2017-01-27,"'tip', 'buying', 'better', 'valentine'"
2017-01-28,"'brain', 'computer', 'link', 'could', 'boon'"
2017-01-30,"'ups', 'earnings', 'watch'"
2017-01-31,"'losing', 'control', 'dow', 'drop', 'point', 'earnings'"
2017-01-31,"'update', 'facing', 'rising', 'commerce', 'ups', 'look', 'automation', 'higher'"
2017-01-31,"'amazon', 'build', 'air', 'cargo', 'hub', 'outside'"
2017-01-31,"'ups', 'revenue', 'climb', 'offer', 'soft'"
2017-01-31,"'ups', 'adj', 'eps', 'factset', 'consensus'"
2017-01-31,"'ups', 'revenue', 'bln', 'v', 'bln', 'factset', 'consensus'"
2017-01-31,"'trump', 'travel', 'ban', 'selloff', 'may', 'tip'"
2017-01-31,"'morning', 'mover', 'armour', 'plunge', 'teva', 'tumble', 'ups'"
2017-01-31,"'pension', 'charge', 'cause', 'quarterly', 'loss'"
2017-01-31,"'ups', 'see', 'adj', 'eps', 'factset', 'consensus'"
2017-01-31,"'ups', 'domestic', 'package', 'revenue'"
2017-01-31,"'ups', 'per', 'share', 'loss', 'cent', 'v', 'eps', 'year'"
2017-01-31,"'facing', 'rising', 'commerce', 'ups', 'look', 'automation', 'higher'"
2017-01-31,"'ups', 'stock', 'extends', 'slide', 'drop', 'premarket'"
2017-01-31,"'ups', 'share'"
2017-01-31,"'united', 'parcel', 'service', 'heck', 'happened'"
2017-01-31,"'ups', 'stock', 'slump', 'profit', 'sale', 'miss', 'downbeat'"
2017-02-01,"'amazon', 'spend', 'billion', 'air', 'cargo', 'hub', 'fan', 'talk', 'bigger'"
2017-02-01,"'amazon', 'spend', 'bln', 'air', 'cargo', 'hub', 'fan', 'talk', 'bigger'"
2017-02-01,"'ups', 'stock', 'suffers', 'biggest', 'drop', 'year', 'commerce', 'surge', 'still', 'causing'"
2017-02-02,"'brief', 'united', 'parcel', 'service', 'announces', 'addition', 'origin', 'labeling', 'capability', 'ups', 'trade', 'direct', 'air', 'ocean'"
2017-02-04,"'dow', 'hold', 'skin'"
2017-02-06,"'reason', 'fedex', 'fly', 'one'"
2017-02-07,"'brief', 'ups', 'invests', 'million', 'site'"
2017-02-08,"'brief', 'ups', 'board', 'increase', 'quarterly'"
2017-02-08,"'maersk', 'cut', 'dividend', 'net', 'loss'"
2017-02-08,"'brief', 'ups', 'name', 'franck', 'moison', 'board'"
2017-02-09,"'ups', 'hike', 'dividend', 'yield', 'top'"
2017-02-09,"'ups', 'raise', 'quarterly', 'dividend', 'cent', 'v'"
2017-02-18,"'margin', 'debt', 'bear', 'market', 'indicator'"
2017-02-21,"'ups', 'test', 'drone', 'delivery', 'florida', 'eye', 'cost'"
2017-02-21,"'update', 'ups', 'test', 'drone', 'delivery', 'eye', 'future', 'price'"
2017-02-21,"'ups', 'test', 'drone', 'delivery', 'eye', 'future', 'price'"
2017-02-21,"'brief', 'ups', 'announces', 'long', 'term', 'financial', 'target', 'logistics', 'expansion'"
2017-02-21,"'ups', 'launching', 'saturday', 'ground', 'operation'"
2017-02-21,"'ups', 'launching', 'saturday', 'ground', 'operation'"
2017-02-21,"'update', 'ups', 'launching', 'saturday', 'ground', 'operation'"
2017-02-22,"'ups', 'start', 'ground', 'delivery'"
2017-02-22,"'matson', 'stock', 'tumble', 'pressure', 'dow', 'transport', 'triple', 'digit'"
2017-02-23,"'china', 'courier', 'sf', 'express', 'billion', 'market'"
2017-02-23,"'brief', 'ups', 'say', 'build', 'new', 'regional', 'operation', 'hub', 'salt', 'lake'"
2017-02-25,"'home', 'depot', 'look', 'fit', 'ups', 'look'"
2017-03-07,"'update', 'ups', 'win', 'court', 'challenge', 'eu', 'block', 'tnt'"
2017-03-07,"'ups', 'win', 'court', 'challenge', 'eu', 'block', 'tnt'"
2017-03-07,"'eu', 'court', 'annuls', 'eu', 'rejection', 'ups', 'tnt'"
2017-03-13,"'mall', 'related', 'debt', 'next', 'big', 'short'"
2017-03-15,"'amazon', 'plan', 'launch', 'air', 'freight', 'service', 'chinese'"
2017-03-15,"'brief', 'ups', 'say', 'invests', 'mln', 'natural', 'gas', 'vehicle'"
2017-03-17,"'fedex', 'earnings', 'make', 'fly'"
2017-03-24,"'brief', 'ups', 'found', 'liable', 'ny', 'cigarette', 'shipment', 'trial', 'damage', 'determined'"
2017-03-24,"'update', 'judge', 'find', 'ups', 'liable', 'new', 'york', 'cigarette'"
2017-03-24,"'judge', 'find', 'ups', 'liable', 'new', 'york', 'cigarette'"
2017-03-25,"'ups', 'illegally', 'shipped', 'cigarette', 'judge'"
2017-03-28,"'brief', 'ups', 'expands', 'china', 'europe', 'rail'"
2017-03-30,"'fedex', 'multiple', 'way', 'win'"
2017-03-31,"'brief', 'ups', 'agreement', 'march', 'underwriter', 'agreed', 'purchase', 'mln', 'aggregate', 'principal', 'amount', 'floating', 'rate', 'senior', 'note', 'due'"
2017-04-01,"'suspect', 'charged', 'atlanta', 'overpass'"
2017-04-01,"'industrial', 'stock', 'generous'"
2017-04-03,"'united', 'parcel', 'service', 'expects', 'new', 'job', 'increased', 'saturday', 'operation'"
2017-04-03,"'ups', 'extending', 'saturday', 'service', 'adding'"
2017-04-03,"'ups', 'boost', 'saturday', 'ops', 'allow', 'sat', 'ground', 'pickup', 'delivered', 'customer'"
2017-04-03,"'ups', 'new', 'sat', 'ops', 'expanded', 'major', 'metro', 'area', 'april', 'plan', 'city'"
2017-04-03,"'brief', 'ups', 'boost', 'saturday', 'operation', 'increase', 'commerce', 'delivery'"
2017-04-08,"'payout', 'growing', 'stock', 'strong'"
2017-04-12,"'brief', 'ups', 'expanded', 'global', 'dangerous', 'good', 'shipping'"
2017-04-13,"'ups', 'fedex', 'could', 'hit', 'hard', 'wal', 'mart', 'click', 'collect', 'discount', 'plan', 'analyst'"
2017-04-15,"'stock', 'slip', 'geopolitical', 'worry'"
2017-04-15,"'time', 'investor', 'fly'"
2017-04-17,"'ups', 'installs', 'delivery', 'beacon', 'better', 'rival'"
2017-04-21,"'way', 'cut', 'commuting'"
2017-04-24,"'brief', 'ups', 'appoints', 'juan', 'perez', 'chief', 'information', 'engineering'"
2017-04-26,"'ups', 'earnings', 'investor', 'watch'"
2017-04-27,"'update', 'ups', 'st', 'qtr', 'profit', 'top', 'estimate', 'revenue'"
2017-04-27,"'ups', 'eps', 'v'"
2017-04-27,"'ups', 'profit', 'revenue', 'beat', 'though', 'cost'"
2017-04-27,"'ups', 'first', 'quarter', 'profit', 'top', 'estimate', 'revenue'"
2017-04-27,"'ups', 'profit', 'revenue', 'rise'"
2017-04-27,"'lower', 'corporate', 'tax', 'rate', 'would', 'positive', 'ups'"
2017-04-27,"'ups', 'stock', 'gain', 'premarket'"
2017-04-27,"'ups', 'still', 'see', 'full', 'year', 'adj', 'eps'"
2017-04-27,"'lower', 'corporate', 'tax', 'rate', 'would', 'positive', 'ups'"
2017-04-27,"'brief', 'ups', 'report', 'earnings', 'per', 'share'"
2017-04-27,"'ups', 'revenue', 'bln', 'v'"
2017-04-27,"'ups', 'see', 'higher', 'profit', 'revenue'"
2017-04-27,"'ups', 'factset', 'eps', 'consensus', 'revenue'"
2017-04-28,"'greedy', 'outstanding', 'trillion', 'earnings'"
2017-04-30,"'ups', 'air', 'maintenance', 'worker', 'threaten', 'strike', 'ahead', 'shareholder'"
2017-04-30,"'update', 'ups', 'air', 'maintenance', 'worker', 'threaten', 'strike', 'ahead', 'shareholder'"
2017-05-01,"'ups', 'try', 'new', 'twist', 'surge', 'pricing', 'putting', 'burden'"
2017-05-02,"'brief', 'ups', 'unveils', 'first', 'extended', 'range', 'fuel', 'cell', 'electric', 'delivery'"
2017-05-04,"'brief', 'ups', 'board', 'say', 'regular', 'quarterly', 'dividend', 'per'"
2017-05-04,"'brief', 'ups', 'hold', 'shareowner', 'meeting', 'elect', 'board'"
2017-05-10,"'brief', 'ups', 'express', 'critical', 'service', 'launch'"
2017-05-11,"'brief', 'ups', 'file', 'potential', 'floating', 'rate', 'senior', 'note', 'senior', 'note', 'offering', 'sec'"
2017-05-11,"'brief', 'ups', 'file', 'final', 'term', 'sheet', 'sec', 'related', 'mln', 'pct', 'senior', 'note', 'offering', 'due'"
2017-05-11,"'maersk', 'exec', 'call', 'bottom', 'container'"
2017-05-15,"'brief', 'ups', 'integrates', 'chatbot', 'ups'"
2017-05-16,"'brief', 'united', 'parcel', 'service', 'announces', 'offering', 'mln', 'senior'"
2017-05-17,"'two', 'company', 'passed', 'sale', 'earnings'"
2017-05-23,"'brief', 'ups', 'say', 'construction', 'underway', 'lenexa', 'kansa', 'hub', 'add'"
2017-05-26,"'court', 'fine', 'ups', 'million', 'illegal', 'cigarette'"
2017-05-26,"'brief', 'court', 'fine', 'ups', 'mln', 'illegal', 'cigarette'"
2017-05-26,"'brief', 'ups', 'sf', 'holding', 'establish', 'joint'"
2017-05-26,"'update', 'ups', 'vigorously', 'appeal', 'ruling', 'pay', 'reported', 'million', 'illegal', 'shipping'"
2017-05-26,"'ups', 'sf', 'holding', 'plan', 'join', 'force', 'chinese', 'shipping'"
2017-05-26,"'court', 'fine', 'ups', 'mln', 'illegal', 'cigarette'"
2017-06-01,"'brief', 'ups', 'dplans', 'new', 'package', 'processing', 'hub', 'goodyear', 'arizona'"
2017-06-08,"'ups', 'suspends', 'transit', 'good', 'qatar', 'four', 'arab'"
2017-06-09,"'th', 'circuit', 'say', 'ups', 'must', 'comply', 'eeoc', 'subpoena', 'medical'"
2017-06-13,"'ups', 'build', 'new', 'million', 'facility'"
2017-06-13,"'ups', 'create', 'job', 'indiana', 'building', 'new'"
2017-06-14,"'multiple', 'people', 'shot', 'ups', 'facility', 'san', 'francisco', 'shooter', 'neutralized'"
2017-06-14,"'dow', 'close', 'record', 'nasdaq', 'finish', 'lower', 'fed'"
2017-06-14,"'charting', 'broadening', 'breakout', 'attempt', 'ex', 'nasdaq', 'ahead'"
2017-06-14,"'multiple', 'people', 'shot', 'ups', 'facility', 'san', 'francisco'"
2017-06-14,"'ups', 'potentially', 'multiple', 'death', 'san', 'francisco'"
2017-06-14,"'four', 'dead', 'shooting', 'ups', 'facility', 'san'"
2017-06-14,"'least', 'people', 'killed', 'ups', 'shooting', 'san', 'francisco'"
2017-06-15,"'fedex', 'could'"
2017-06-15,"'update', 'ups', 'worker', 'kill', 'colleague', 'san', 'francisco', 'turn', 'gun'"
2017-06-15,"'ups', 'worker', 'kill', 'three', 'colleague', 'san', 'francisco', 'turn', 'gun'"
2017-06-17,"'america', 'successful', 'company', 'killing'"
2017-06-19,"'brief', 'boeing', 'ups', 'announce', 'agreement', 'passenger', 'freighter'"
2017-06-19,"'ups', 'levy', 'holiday', 'surcharge', 'battle', 'commerce'"
2017-06-19,"'fedex', 'earnings', 'fuel', 'gain'"
2017-06-19,"'ups', 'selects', 'boeing', 'convert', 'three', 'jet'"
2017-06-19,"'ups', 'add', 'extra', 'fee', 'black', 'friday', 'christmas'"
2017-06-19,"'ups', 'announces', 'peak', 'surcharge', 'holiday'"
2017-06-19,"'brief', 'ups', 'establishes', 'new', 'peak', 'shipping'"
2017-06-19,"'update', 'ups', 'levy', 'holiday', 'surcharge', 'battle', 'commerce'"
2017-06-21,"'fedex', 'fly', 'fade'"
2017-06-22,"'fedex', 'could', 'deliver', 'upside'"
2017-06-23,"'letter', 'barron'"
2017-06-26,"'amazon', 'whole', 'food', 'disrupt', 'heavily', 'regulated', 'beer'"
2017-06-27,"'ups', 'freeze', 'pension', 'plan', 'nonunion', 'employee'"
2017-06-27,"'ups', 'look', 'add', 'green', 'vehicle', 'fleet'"
2017-06-27,"'ups', 'freeze', 'nonunion', 'worker', 'pension'"
2017-06-27,"'brief', 'ups', 'announces', 'new', 'sustainability', 'goal'"
2017-06-27,"'brief', 'ups', 'say', 'co', 'unit', 'amended', 'ups', 'retirement', 'plan', 'ups', 'excess', 'coordinating', 'benefit'"
2017-06-28,"'amazon', 'land', 'grab', 'push', 'one', 'hour'"
2017-07-05,"'bad', 'government', 'policy', 'block', 'good'"
2017-07-06,"'fund', 'manager', 'profited', 'tech', 'say', 'time', 'focus', 'health', 'care'"
2017-07-06,"'brief', 'xarus', 'holding', 'ups', 'stake', 'pct', 'zpc'"
2017-07-15,"'postal', 'service', 'give', 'amazon', 'special'"
2017-07-25,"'brief', 'anixter', 'international', 'sale'"
2017-07-26,"'ups', 'earnings', 'much', 'prime', 'package', 'cut', 'margin'"
2017-07-27,"'trump', 'america', 'first', 'push', 'protectionist', 'ups'"
2017-07-27,"'ecommerce', 'price', 'hike', 'lift', 'ups', 'profit', 'share', 'fall'"
2017-07-27,"'ups', 'quarterly', 'profit', 'rise', 'ecommerce'"
2017-07-27,"'ups', 'share', 'premarket'"
2017-07-27,"'dow', 'end', 'record', 'tech', 'slump', 'weighs'"
2017-07-27,"'bitcoin', 'real', 'market', 'darn', 'hot', 'warns', 'howard'"
2017-07-27,"'ups', 'revenue', 'bln', 'v'"
2017-07-27,"'update', 'ecommerce', 'price', 'hike', 'lift', 'ups', 'profit', 'share', 'fall'"
2017-07-27,"'ups', 'eps', 'v'"
2017-07-27,"'ups', 'factset', 'eps', 'consensus', 'revenue'"
2017-07-27,"'ups', 'see', 'full', 'year', 'adj', 'eps'"
2017-07-27,"'ups', 'share', 'rise', 'earnings', 'beat'"
2017-07-27,"'ups', 'full', 'year', 'eps', 'consensus'"
2017-07-27,"'ups', 'delivers', 'growing', 'demand', 'better'"
2017-07-27,"'brief', 'ups', 'earnings', 'per', 'share'"
2017-07-27,"'dow', 'transport', 'tumble', 'toward', 'biggest', 'selloff'"
2017-07-28,"'ups', 'stock', 'price', 'target', 'raised', 'stifel'"
2017-07-31,"'brief', 'ups', 'dexpanding', 'ability', 'ship', 'alcohol', 'wine'"
2017-08-01,"'brief', 'investcamp', 'ups', 'stake', 'pct'"
2017-08-02,"'best', 'franchise', 'buy'"
2017-08-03,"'update', 'fedex', 'charge', 'extra', 'holiday', 'home'"
2017-08-03,"'fedex', 'charge', 'extra', 'holiday', 'home'"
2017-08-03,"'brief', 'ups', 'set', 'regular', 'qtrly', 'dividend'"
2017-08-03,"'brief', 'ups', 'dlooking', 'fill', 'part', 'time', 'full', 'time', 'opening', 'columbus'"
2017-08-04,"'reason', 'stock', 'market', 'correction', 'coming', 'late', 'summer', 'early'"
2017-08-05,"'delta', 'air', 'line', 'ready'"
2017-08-07,"'brief', 'ups', 'announces', 'online', 'business', 'business', 'payment'"
2017-08-08,"'brief', 'ups', 'say', 'offer', 'customizable', 'return', 'shipment', 'online'"
2017-08-08,"'ups', 'launch', 'online', 'tool', 'manage', 'commerce'"
2017-08-09,"'ups', 'agrees', 'pay', 'mln', 'settle', 'eeoc', 'allegation', 'disability'"
2017-08-10,"'one', 'retailer', 'amazon'"
2017-08-12,"'joel', 'tillinghast', 'find', 'big', 'return', 'small'"
2017-08-14,"'naughty', 'nice', 'ups'"
2017-08-16,"'brief', 'ups', 'access', 'point', 'network', 'includes', 'location', 'offering', 'package', 'service'"
2017-08-17,"'earnings', 'stock', 'market', 'guide', 'might', 'think', 'say', 'laszlo'"
2017-08-26,"'amazon', 'never', 'able', 'railroad', 'five'"
2017-08-31,"'ups', 'resume', 'operation', 'part', 'storm', 'battered'"
2017-08-31,"'update', 'ups', 'fedex', 'resume', 'operation', 'part', 'storm', 'battered'"
2017-08-31,"'ups', 'fedex', 'resume', 'operation', 'part', 'storm', 'battered'"
2017-09-05,"'startup', 'burning', 'million', 'month', 'hope', 'selling', 'billion', 'pot'"
2017-09-06,"'ny', 'teamster', 'weigh', 'pension', 'cut', 'groundbreaking'"
2017-09-12,"'looking', 'work', 'job', 'opening', 'hit', 'another'"
2017-09-18,"'state', 'targeting', 'art', 'collector', 'pay'"
2017-09-18,"'fedex', 'earnings'"
2017-09-18,"'alibaba', 'jack', 'better', 'bezos'"
2017-09-20,"'maersk', 'sell', 'tanker', 'business'"
2017-09-20,"'update', 'ups', 'expects', 'hire', 'worker', 'holiday'"
2017-09-20,"'ups', 'expects', 'hire', 'worker', 'holiday'"
2017-09-20,'fedex'
2017-09-21,"'brief', 'teamster', 'say', 'employee', 'maintain', 'ups', 'air', 'fleet', 'filed', 'request'"
2017-09-25,"'retailer', 'robust', 'seasonal', 'hiring', 'plan', 'holiday', 'despite', 'store'"
2017-09-25,"'atlas', 'air', 'blame', 'flight', 'delay', 'union'"
2017-09-26,"'brief', 'dmoody', 'say', 'ups', 'fedex', 'peak', 'season', 'surcharge', 'partially', 'offset', 'rising', 'commerce', 'delivery', 'cost'"
2017-09-28,"'china', 'regulator', 'approves', 'ups', 'sf', 'holding', 'joint'"
2017-09-28,"'china', 'regulator', 'ok', 'joint', 'venture', 'ups', 'sf'"
2017-09-28,"'update', 'china', 'regulator', 'ok', 'joint', 'venture', 'ups', 'sf'"
2017-10-02,"'brief', 'ups', 'expands', 'flight', 'training', 'infrastructure', 'strategic'"
2017-10-03,"'city', 'pay', 'good', 'rent'"
2017-10-04,"'brief', 'polonez', 'parcel', 'service', 'ups', 'enters', 'deal', 'make', 'shipping', 'poland'"
2017-10-05,"'brief', 'ups', 'say', 'established', 'delivery', 'service', 'puerto', 'rico', 'hurricane'"
2017-10-05,"'ups', 'fedex', 'report', 'amazon', 'delivery'"
2017-10-05,"'ups', 'fedex', 'stock', 'fall', 'report', 'amazon', 'testing', 'new', 'delivery'"
2017-10-05,"'dow', 'log', 'record', 'along', 'nasdaq', 'russell', 'budget', 'bill'"
2017-10-05,"'ups', 'restores', 'puerto', 'rico', 'delivery'"
2017-10-05,"'boxing', 'battle', 'amazon', 'escalates', 'fedex', 'ups'"
2017-10-06,"'delivery', 'war', 'amazon', 'threat', 'fedex', 'ups', 'perhaps'"
2017-10-06,"'empty', 'ups', 'envelope', 'turned', 'marketing'"
2017-10-06,"'ups', 'fedex', 'stock', 'fall', 'amazon', 'move', 'delivery'"
2017-10-09,"'fedex', 'amazon', 'next'"
2017-10-09,"'brief', 'ups', 'international', 'brotherhood', 'teamster', 'begin', 'contract'"
2017-10-14,"'jd', 'com', 'share', 'better', 'deal', 'alibaba'"
2017-10-18,"'ups', 'ceo', 'say', 'updated', 'nafta', 'better', 'economy', 'trade'"
2017-10-25,"'ups', 'earnings', 'guiding', 'lower', 'clear', 'low', 'bar'"
2017-10-25,"'ups', 'announces', 'rate', 'hike', 'new', 'peak', 'surcharge'"
2017-10-26,"'ups', 'hit', 'hurricane', 'rosy', 'holiday'"
2017-10-26,"'earningswatch', 'celgene', 'tank', 'twitter', 'spike', 'ahead', 'amazon', 'alphabet'"
2017-10-26,"'ups', 'beat', 'revenue', 'expectation', 'boosted', 'international', 'supply', 'chain', 'sale'"
2017-10-26,"'ups', 'eps', 'v', 'year'"
2017-10-26,"'ups', 'int', 'package', 'revenue', 'bln', 'factset', 'consensus'"
2017-10-26,"'brief', 'ups', 'plan', 'deliver', 'million', 'package', 'globally', 'thanksgiving', 'new', 'year', 'eve'"
2017-10-26,"'ups', 'ramp', 'spending', 'online', 'shopping'"
2017-10-26,"'update', 'ups', 'hit', 'hurricane', 'rosy', 'holiday'"
2017-10-26,"'ups', 'ceo', 'say', 'early', 'peak', 'charge', 'reflect', 'retailer'"
2017-10-26,"'ups', 'supply', 'chain', 'freight', 'revenue', 'bln', 'factset', 'consensus'"
2017-10-26,"'ups', 'raise', 'adj', 'eps', 'outlook'"
2017-10-26,"'ups', 'domestic', 'package', 'revenue', 'rose', 'billion', 'factset', 'copnsensus'"
2017-10-26,"'ups', 'revenue', 'bln', 'v', 'bln', 'year', 'ago', 'factset', 'consensus'"
2017-10-26,"'ups', 'quarterly', 'result', 'impacted'"
2017-10-26,"'ups', 'factset', 'eps', 'consensus'"
2017-10-27,"'ups', 'stock', 'price', 'target', 'raised', 'stifel'"
2017-10-31,"'brief', 'ups', 'report', 'construction', 'new', 'package', 'distribution', 'facility'"
2017-11-02,"'brief', 'ups', 'board', 'announces', 'quarterly'"
2017-11-06,"'alibaba', 'next', 'big'"
2017-11-08,"'brief', 'ups', 'launch', 'ebike', 'solution'"
2017-11-09,"'brief', 'ups', 'nyserda', 'convert', 'ups', 'diesel', 'delivery', 'truck', 'nyc'"
2017-11-10,"'jd', 'com', 'second', 'fiddle', 'alibaba', 'still', 'get'"
2017-11-11,"'market', 'take'"
2017-11-12,"'driving', 'unlikely', 'love', 'taylor', 'swift', 'ups'"
2017-11-13,"'afraid', 'big', 'bad', 'amazon', 'ups', 'fedex', 'set'"
2017-11-15,"'hold', 'drone', 'future', 'bright', 'ups'"
2017-11-16,"'brief', 'ups', 'shopify', 'inc', 'announce', 'platform'"
2017-11-16,"'tesla', 'truck', 'could', 'cause', 'industry'"
2017-11-16,"'forget', 'truck', 'tesla', 'future', 'still', 'depends', 'model'"
2017-11-17,"'brief', 'ups', 'adopts', 'proxy'"
2017-11-17,"'amazon', 'buy', 'fedex'"
2017-11-20,"'brief', 'ups', 'enters', 'agreement', 'buy', 'mln', 'gallon', 'equivalent', 'rng', 'per', 'year'"
2017-11-21,"'avoid', 'next', 'ge', 'find', 'industrial', 'winner'"
2017-11-29,"'brief', 'ups', 'appoints', 'scott', 'price', 'chief', 'transformation'"
2017-12-01,"'brief', 'isuzu', 'motor', 'india', 'hike', 'price', 'pick', 'ups', 'suv', 'jan'"
2017-12-04,"'morning', 'mover', 'ebay', 'gain', 'cv', 'slump', 'aetna'"
2017-12-05,"'brief', 'mapletree', 'logistics', 'trust', 'announces', 'proposed', 'divestment', 'senai', 'ups'"
2017-12-05,"'ups', 'warns', 'delivery', 'delay', 'amid', 'online', 'shopping'"
2017-12-05,"'ti', 'season', 'hire', 'older'"
2017-12-05,"'ups', 'see', 'delivery', 'delay', 'surge', 'online', 'holiday'"
2017-12-06,"'fall', 'fourth', 'straight', 'session', 'energy', 'weakness', 'offset', 'tech'"
2017-12-06,"'uncle', 'sam', 'could', 'snuff', 'santa', 'rally'"
2017-12-09,"'trump', 'era', 'company', 'push', 'climate', 'agenda', 'advocate'"
2017-12-09,"'transportation', 'stock', 'recovering'"
2017-12-11,"'warning', 'sign', 'trade', 'alibaba'"
2017-12-11,"'scrooged', 'ups', 'may', 'sour'"
2017-12-14,"'amazon', 'next', 'step', 'compete', 'fedex', 'ups', 'per', 'morgan'"
2017-12-18,"'post', 'office', 'expects', 'deliver', 'billion', 'piece', 'mail'"
2017-12-19,"'ups', 'reserve', 'tesla', 'semi', 'truck', 'largest', 'public', 'pre', 'order'"
2017-12-19,"'ups', 'pre', 'order', 'tesla', 'semi', 'electric'"
2017-12-19,"'tesla', 'stock', 'climb', 'ups', 'reserve', 'semi'"
2017-12-19,"'brief', 'ups', 'pre', 'order', 'tesla', 'electric'"
2017-12-19,"'update', 'ups', 'reserve', 'tesla', 'semi', 'truck', 'largest', 'public', 'pre', 'order'"
2017-12-19,"'tesla', 'stock', 'gain', 'premarket', 'ups', 'pre', 'order', 'semi'"
2017-12-19,"'ups', 'pre', 'order', 'tesla', 'electric', 'semi', 'truck', 'largest', 'order'"
2017-12-20,"'last', 'day', 'shop', 'online'"
2017-12-20,"'navistar', 'keep', 'truckin'"
2017-12-20,"'amazon', 'aim', 'one', 'box', 'fit', 'shipment', 'continue'"
2017-12-20,"'fedex', 'transport', 'soar'"
2017-12-21,"'ups', 'lost', 'family', 'inheritance', 'month', 'later', 'family', 'getting'"
2017-12-21,"'facebook', 'fire', 'way', 'battle', 'age', 'discrimination', 'applying'"
2017-12-23,"'market', 'take', 'early', 'holiday', 'new', 'year'"
2017-12-23,"'time', 'make'"
2017-12-24,"'fresh', 'snow', 'brings', 'white', 'christmas', 'much'"
2017-12-24,"'ups', 'recruit', 'accountant', 'office', 'staff', 'final', 'holiday', 'delivery'"
2017-12-26,"'investor', 'may', 'worry', 'apple', 'share'"
2017-12-26,"'six', 'chinese', 'stock', 'buy'"
2017-12-26,"'problem', 'like'"
2017-12-27,"'rpt', 'update', 'online', 'shopping', 'grows', 'ups', 'see', 'record', 'holiday', 'package'"
2017-12-27,"'online', 'shopping', 'grows', 'ups', 'see', 'record', 'holiday', 'package'"
2017-12-27,"'ups', 'say', 'holiday', 'season', 'package', 'return', 'hit', 'new'"
2017-12-27,"'ups', 'expects', 'return', 'peak', 'jan', 'million'"
2017-12-28,"'stock', 'market', 'sector', 'look', 'good', 'think', 'plane', 'train'"
2017-12-29,"'thanks', 'mr', 'president', 'trump', 'amazon', 'tweet', 'good', 'news', 'ups'"
